trait_type,trait_value,trait_unit,individual_pk,life_stage_general_initial,life_stage_general_final,species_reported,scientific_name
development,39,Days,TRAIND000001,egg,adult,Aphidius_platensis,"Aphidius platensis Brethes, 1913"
development,46,Days,TRAIND000002,egg,adult,Aphidius_platensis,"Aphidius platensis Brethes, 1913"
development,42,Days,TRAIND000003,egg,adult,Aphidius_platensis,"Aphidius platensis Brethes, 1913"
development,"",Days,TRAIND000004,egg,adult,Aphidius_platensis,"Aphidius platensis Brethes, 1913"
development,39,Days,TRAIND000005,egg,adult,Aphidius_platensis,"Aphidius platensis Brethes, 1913"
development,41,Days,TRAIND000006,egg,adult,Aphidius_platensis,"Aphidius platensis Brethes, 1913"
development,41,Days,TRAIND000007,egg,adult,Aphidius_platensis,"Aphidius platensis Brethes, 1913"
development,40,Days,TRAIND000008,egg,adult,Aphidius_platensis,"Aphidius platensis Brethes, 1913"
development,39,Days,TRAIND000009,egg,adult,Aphidius_platensis,"Aphidius platensis Brethes, 1913"
development,37.5,Days,TRAIND000010,egg,adult,Aphidius_platensis,"Aphidius platensis Brethes, 1913"
development,40,Days,TRAIND000011,egg,adult,Aphidius_platensis,"Aphidius platensis Brethes, 1913"
development,40,Days,TRAIND000012,egg,adult,Aphidius_platensis,"Aphidius platensis Brethes, 1913"
development,39,Days,TRAIND000013,egg,adult,Aphidius_platensis,"Aphidius platensis Brethes, 1913"
development,40,Days,TRAIND000014,egg,adult,Aphidius_platensis,"Aphidius platensis Brethes, 1913"
development,39,Days,TRAIND000015,egg,adult,Aphidius_platensis,"Aphidius platensis Brethes, 1913"
development,41,Days,TRAIND000016,egg,adult,Aphidius_platensis,"Aphidius platensis Brethes, 1913"
development,"",Days,TRAIND000017,egg,adult,Aphidius_platensis,"Aphidius platensis Brethes, 1913"
development,"",Days,TRAIND000018,egg,adult,Aphidius_platensis,"Aphidius platensis Brethes, 1913"
development,"",Days,TRAIND000019,egg,adult,Aphidius_platensis,"Aphidius platensis Brethes, 1913"
development,39,Days,TRAIND000020,egg,adult,Aphidius_platensis,"Aphidius platensis Brethes, 1913"
development,38,Days,TRAIND000021,egg,adult,Aphidius_platensis,"Aphidius platensis Brethes, 1913"
development,39,Days,TRAIND000022,egg,adult,Aphidius_platensis,"Aphidius platensis Brethes, 1913"
development,39,Days,TRAIND000023,egg,adult,Aphidius_platensis,"Aphidius platensis Brethes, 1913"
development,36,Days,TRAIND000024,egg,adult,Aphidius_platensis,"Aphidius platensis Brethes, 1913"
development,37,Days,TRAIND000025,egg,adult,Aphidius_platensis,"Aphidius platensis Brethes, 1913"
development,37,Days,TRAIND000026,egg,adult,Aphidius_platensis,"Aphidius platensis Brethes, 1913"
development,38.5,Days,TRAIND000027,egg,adult,Aphidius_platensis,"Aphidius platensis Brethes, 1913"
development,37.5,Days,TRAIND000028,egg,adult,Aphidius_platensis,"Aphidius platensis Brethes, 1913"
development,39.5,Days,TRAIND000029,egg,adult,Aphidius_platensis,"Aphidius platensis Brethes, 1913"
development,38.5,Days,TRAIND000030,egg,adult,Aphidius_platensis,"Aphidius platensis Brethes, 1913"
development,"",Days,TRAIND000031,egg,adult,Aphidius_platensis,"Aphidius platensis Brethes, 1913"
development,39.5,Days,TRAIND000032,egg,adult,Aphidius_platensis,"Aphidius platensis Brethes, 1913"
development,40.5,Days,TRAIND000033,egg,adult,Aphidius_platensis,"Aphidius platensis Brethes, 1913"
development,44,Days,TRAIND000034,egg,adult,Aphidius_platensis,"Aphidius platensis Brethes, 1913"
development,37,Days,TRAIND000035,egg,adult,Aphidius_platensis,"Aphidius platensis Brethes, 1913"
development,37,Days,TRAIND000036,egg,adult,Aphidius_platensis,"Aphidius platensis Brethes, 1913"
development,"",Days,TRAIND000037,egg,adult,Aphidius_platensis,"Aphidius platensis Brethes, 1913"
development,37,Days,TRAIND000038,egg,adult,Aphidius_platensis,"Aphidius platensis Brethes, 1913"
development,37,Days,TRAIND000039,egg,adult,Aphidius_platensis,"Aphidius platensis Brethes, 1913"
development,39,Days,TRAIND000040,egg,adult,Aphidius_platensis,"Aphidius platensis Brethes, 1913"
development,37.5,Days,TRAIND000041,egg,adult,Aphidius_platensis,"Aphidius platensis Brethes, 1913"
development,"",Days,TRAIND000042,egg,adult,Aphidius_platensis,"Aphidius platensis Brethes, 1913"
development,38,Days,TRAIND000043,egg,adult,Aphidius_platensis,"Aphidius platensis Brethes, 1913"
development,37.5,Days,TRAIND000044,egg,adult,Aphidius_platensis,"Aphidius platensis Brethes, 1913"
development,37.5,Days,TRAIND000045,egg,adult,Aphidius_platensis,"Aphidius platensis Brethes, 1913"
development,"",Days,TRAIND000046,egg,adult,Aphidius_platensis,"Aphidius platensis Brethes, 1913"
development,37,Days,TRAIND000047,egg,adult,Aphidius_platensis,"Aphidius platensis Brethes, 1913"
development,37,Days,TRAIND000048,egg,adult,Aphidius_platensis,"Aphidius platensis Brethes, 1913"
development,38,Days,TRAIND000049,egg,adult,Aphidius_platensis,"Aphidius platensis Brethes, 1913"
development,39,Days,TRAIND000050,egg,adult,Aphidius_platensis,"Aphidius platensis Brethes, 1913"
development,39,Days,TRAIND000051,egg,adult,Aphidius_platensis,"Aphidius platensis Brethes, 1913"
development,40,Days,TRAIND000052,egg,adult,Aphidius_platensis,"Aphidius platensis Brethes, 1913"
development,"",Days,TRAIND000053,egg,adult,Aphidius_platensis,"Aphidius platensis Brethes, 1913"
development,37,Days,TRAIND000054,egg,adult,Aphidius_platensis,"Aphidius platensis Brethes, 1913"
development,36,Days,TRAIND000055,egg,adult,Aphidius_platensis,"Aphidius platensis Brethes, 1913"
development,36,Days,TRAIND000056,egg,adult,Aphidius_platensis,"Aphidius platensis Brethes, 1913"
development,37,Days,TRAIND000057,egg,adult,Aphidius_platensis,"Aphidius platensis Brethes, 1913"
development,37,Days,TRAIND000058,egg,adult,Aphidius_platensis,"Aphidius platensis Brethes, 1913"
development,36.5,Days,TRAIND000059,egg,adult,Aphidius_platensis,"Aphidius platensis Brethes, 1913"
development,39,Days,TRAIND000060,egg,adult,Aphidius_platensis,"Aphidius platensis Brethes, 1913"
development,39,Days,TRAIND000061,egg,adult,Aphidius_platensis,"Aphidius platensis Brethes, 1913"
development,41,Days,TRAIND000062,egg,adult,Aphidius_platensis,"Aphidius platensis Brethes, 1913"
development,"",Days,TRAIND000063,egg,adult,Aphidius_platensis,"Aphidius platensis Brethes, 1913"
development,38,Days,TRAIND000064,egg,adult,Aphidius_platensis,"Aphidius platensis Brethes, 1913"
development,41,Days,TRAIND000065,egg,adult,Aphidius_platensis,"Aphidius platensis Brethes, 1913"
development,38.5,Days,TRAIND000066,egg,adult,Aphidius_platensis,"Aphidius platensis Brethes, 1913"
development,37,Days,TRAIND000067,egg,adult,Aphidius_platensis,"Aphidius platensis Brethes, 1913"
development,43,Days,TRAIND000068,egg,adult,Aphidius_platensis,"Aphidius platensis Brethes, 1913"
development,37,Days,TRAIND000069,egg,adult,Aphidius_platensis,"Aphidius platensis Brethes, 1913"
development,40.5,Days,TRAIND000070,egg,adult,Aphidius_platensis,"Aphidius platensis Brethes, 1913"
development,37.5,Days,TRAIND000071,egg,adult,Aphidius_platensis,"Aphidius platensis Brethes, 1913"
development,41,Days,TRAIND000072,egg,adult,Aphidius_platensis,"Aphidius platensis Brethes, 1913"
development,41,Days,TRAIND000073,egg,adult,Aphidius_platensis,"Aphidius platensis Brethes, 1913"
development,38,Days,TRAIND000074,egg,adult,Aphidius_platensis,"Aphidius platensis Brethes, 1913"
development,40,Days,TRAIND000075,egg,adult,Aphidius_platensis,"Aphidius platensis Brethes, 1913"
development,38,Days,TRAIND000076,egg,adult,Aphidius_platensis,"Aphidius platensis Brethes, 1913"
development,38,Days,TRAIND000077,egg,adult,Aphidius_platensis,"Aphidius platensis Brethes, 1913"
development,37.5,Days,TRAIND000078,egg,adult,Aphidius_platensis,"Aphidius platensis Brethes, 1913"
development,41,Days,TRAIND000079,egg,adult,Aphidius_platensis,"Aphidius platensis Brethes, 1913"
development,38,Days,TRAIND000080,egg,adult,Aphidius_platensis,"Aphidius platensis Brethes, 1913"
development,39.5,Days,TRAIND000081,egg,adult,Aphidius_platensis,"Aphidius platensis Brethes, 1913"
development,37,Days,TRAIND000082,egg,adult,Aphidius_platensis,"Aphidius platensis Brethes, 1913"
development,37,Days,TRAIND000083,egg,adult,Aphidius_platensis,"Aphidius platensis Brethes, 1913"
development,41.5,Days,TRAIND000084,egg,adult,Aphidius_platensis,"Aphidius platensis Brethes, 1913"
development,37,Days,TRAIND000085,egg,adult,Aphidius_platensis,"Aphidius platensis Brethes, 1913"
development,38,Days,TRAIND000086,egg,adult,Aphidius_platensis,"Aphidius platensis Brethes, 1913"
development,36,Days,TRAIND000087,egg,adult,Aphidius_platensis,"Aphidius platensis Brethes, 1913"
development,38,Days,TRAIND000088,egg,adult,Aphidius_platensis,"Aphidius platensis Brethes, 1913"
development,39,Days,TRAIND000089,egg,adult,Aphidius_platensis,"Aphidius platensis Brethes, 1913"
development,45,Days,TRAIND000090,egg,adult,Aphidius_platensis,"Aphidius platensis Brethes, 1913"
development,41,Days,TRAIND000091,egg,adult,Aphidius_platensis,"Aphidius platensis Brethes, 1913"
development,39.5,Days,TRAIND000092,egg,adult,Aphidius_platensis,"Aphidius platensis Brethes, 1913"
development,37,Days,TRAIND000093,egg,adult,Aphidius_platensis,"Aphidius platensis Brethes, 1913"
development,40,Days,TRAIND000094,egg,adult,Aphidius_platensis,"Aphidius platensis Brethes, 1913"
development,45,Days,TRAIND000095,egg,adult,Aphidius_platensis,"Aphidius platensis Brethes, 1913"
development,45,Days,TRAIND000096,egg,adult,Aphidius_platensis,"Aphidius platensis Brethes, 1913"
development,37.5,Days,TRAIND000097,egg,adult,Aphidius_platensis,"Aphidius platensis Brethes, 1913"
development,40,Days,TRAIND000098,egg,adult,Aphidius_platensis,"Aphidius platensis Brethes, 1913"
development,37,Days,TRAIND000099,egg,adult,Aphidius_platensis,"Aphidius platensis Brethes, 1913"
development,40.5,Days,TRAIND000100,egg,adult,Aphidius_platensis,"Aphidius platensis Brethes, 1913"
development,38,Days,TRAIND000101,egg,adult,Aphidius_platensis,"Aphidius platensis Brethes, 1913"
development,"",Days,TRAIND000102,egg,adult,Aphidius_platensis,"Aphidius platensis Brethes, 1913"
development,36,Days,TRAIND000103,egg,adult,Aphidius_platensis,"Aphidius platensis Brethes, 1913"
development,37.5,Days,TRAIND000104,egg,adult,Aphidius_platensis,"Aphidius platensis Brethes, 1913"
development,37,Days,TRAIND000105,egg,adult,Aphidius_platensis,"Aphidius platensis Brethes, 1913"
development,"",Days,TRAIND000106,egg,adult,Aphidius_platensis,"Aphidius platensis Brethes, 1913"
development,"",Days,TRAIND000107,egg,adult,Aphidius_platensis,"Aphidius platensis Brethes, 1913"
development,35.5,Days,TRAIND000108,egg,adult,Aphidius_platensis,"Aphidius platensis Brethes, 1913"
development,35,Days,TRAIND000109,egg,adult,Aphidius_platensis,"Aphidius platensis Brethes, 1913"
development,38,Days,TRAIND000110,egg,adult,Aphidius_platensis,"Aphidius platensis Brethes, 1913"
development,"",Days,TRAIND000111,egg,adult,Aphidius_platensis,"Aphidius platensis Brethes, 1913"
development,36,Days,TRAIND000112,egg,adult,Aphidius_platensis,"Aphidius platensis Brethes, 1913"
development,36,Days,TRAIND000113,egg,adult,Aphidius_platensis,"Aphidius platensis Brethes, 1913"
development,38,Days,TRAIND000114,egg,adult,Aphidius_platensis,"Aphidius platensis Brethes, 1913"
development,42.5,Days,TRAIND000115,egg,adult,Aphidius_platensis,"Aphidius platensis Brethes, 1913"
development,37,Days,TRAIND000116,egg,adult,Aphidius_platensis,"Aphidius platensis Brethes, 1913"
development,36,Days,TRAIND000117,egg,adult,Aphidius_platensis,"Aphidius platensis Brethes, 1913"
development,40,Days,TRAIND000118,egg,adult,Aphidius_platensis,"Aphidius platensis Brethes, 1913"
development,36.5,Days,TRAIND000119,egg,adult,Aphidius_platensis,"Aphidius platensis Brethes, 1913"
development,37,Days,TRAIND000120,egg,adult,Aphidius_platensis,"Aphidius platensis Brethes, 1913"
development,39,Days,TRAIND000121,egg,adult,Aphidius_platensis,"Aphidius platensis Brethes, 1913"
development,38,Days,TRAIND000122,egg,adult,Aphidius_platensis,"Aphidius platensis Brethes, 1913"
development,36,Days,TRAIND000123,egg,adult,Aphidius_platensis,"Aphidius platensis Brethes, 1913"
development,39,Days,TRAIND000124,egg,adult,Aphidius_platensis,"Aphidius platensis Brethes, 1913"
development,36,Days,TRAIND000125,egg,adult,Aphidius_platensis,"Aphidius platensis Brethes, 1913"
development,42,Days,TRAIND000126,egg,adult,Aphidius_platensis,"Aphidius platensis Brethes, 1913"
development,37,Days,TRAIND000127,egg,adult,Aphidius_platensis,"Aphidius platensis Brethes, 1913"
development,36,Days,TRAIND000128,egg,adult,Aphidius_platensis,"Aphidius platensis Brethes, 1913"
development,40,Days,TRAIND000129,egg,adult,Aphidius_platensis,"Aphidius platensis Brethes, 1913"
development,38.5,Days,TRAIND000130,egg,adult,Aphidius_platensis,"Aphidius platensis Brethes, 1913"
development,37.5,Days,TRAIND000131,egg,adult,Aphidius_platensis,"Aphidius platensis Brethes, 1913"
development,37,Days,TRAIND000132,egg,adult,Aphidius_platensis,"Aphidius platensis Brethes, 1913"
development,38.5,Days,TRAIND000133,egg,adult,Aphidius_platensis,"Aphidius platensis Brethes, 1913"
development,37,Days,TRAIND000134,egg,adult,Aphidius_platensis,"Aphidius platensis Brethes, 1913"
development,39.5,Days,TRAIND000135,egg,adult,Aphidius_platensis,"Aphidius platensis Brethes, 1913"
development,"",Days,TRAIND000136,egg,adult,Aphidius_platensis,"Aphidius platensis Brethes, 1913"
development,41.5,Days,TRAIND000137,egg,adult,Aphidius_platensis,"Aphidius platensis Brethes, 1913"
development,"",Days,TRAIND000138,egg,adult,Aphidius_platensis,"Aphidius platensis Brethes, 1913"
development,39,Days,TRAIND000139,egg,adult,Aphidius_platensis,"Aphidius platensis Brethes, 1913"
development,41.5,Days,TRAIND000140,egg,adult,Aphidius_platensis,"Aphidius platensis Brethes, 1913"
development,40,Days,TRAIND000141,egg,adult,Aphidius_platensis,"Aphidius platensis Brethes, 1913"
development,40,Days,TRAIND000142,egg,adult,Aphidius_platensis,"Aphidius platensis Brethes, 1913"
development,36,Days,TRAIND000143,egg,adult,Aphidius_platensis,"Aphidius platensis Brethes, 1913"
development,36.5,Days,TRAIND000144,egg,adult,Aphidius_platensis,"Aphidius platensis Brethes, 1913"
development,37,Days,TRAIND000145,egg,adult,Aphidius_platensis,"Aphidius platensis Brethes, 1913"
development,39,Days,TRAIND000146,egg,adult,Aphidius_platensis,"Aphidius platensis Brethes, 1913"
development,42.5,Days,TRAIND000147,egg,adult,Aphidius_platensis,"Aphidius platensis Brethes, 1913"
development,38,Days,TRAIND000148,egg,adult,Aphidius_platensis,"Aphidius platensis Brethes, 1913"
development,42.5,Days,TRAIND000149,egg,adult,Aphidius_platensis,"Aphidius platensis Brethes, 1913"
development,40,Days,TRAIND000150,egg,adult,Aphidius_platensis,"Aphidius platensis Brethes, 1913"
development,38,Days,TRAIND000151,egg,adult,Aphidius_platensis,"Aphidius platensis Brethes, 1913"
development,37.5,Days,TRAIND000152,egg,adult,Aphidius_platensis,"Aphidius platensis Brethes, 1913"
development,"",Days,TRAIND000153,egg,adult,Aphidius_platensis,"Aphidius platensis Brethes, 1913"
development,36,Days,TRAIND000154,egg,adult,Aphidius_platensis,"Aphidius platensis Brethes, 1913"
development,42.5,Days,TRAIND000155,egg,adult,Aphidius_platensis,"Aphidius platensis Brethes, 1913"
development,38,Days,TRAIND000156,egg,adult,Aphidius_platensis,"Aphidius platensis Brethes, 1913"
development,39,Days,TRAIND000157,egg,adult,Aphidius_platensis,"Aphidius platensis Brethes, 1913"
development,40,Days,TRAIND000158,egg,adult,Aphidius_platensis,"Aphidius platensis Brethes, 1913"
development,38.5,Days,TRAIND000159,egg,adult,Aphidius_platensis,"Aphidius platensis Brethes, 1913"
development,37.5,Days,TRAIND000160,egg,adult,Aphidius_platensis,"Aphidius platensis Brethes, 1913"
development,39,Days,TRAIND000161,egg,adult,Aphidius_platensis,"Aphidius platensis Brethes, 1913"
development,44,Days,TRAIND000162,egg,adult,Aphidius_platensis,"Aphidius platensis Brethes, 1913"
development,39,Days,TRAIND000163,egg,adult,Aphidius_platensis,"Aphidius platensis Brethes, 1913"
development,36,Days,TRAIND000164,egg,adult,Aphidius_platensis,"Aphidius platensis Brethes, 1913"
development,39,Days,TRAIND000165,egg,adult,Aphidius_platensis,"Aphidius platensis Brethes, 1913"
development,37,Days,TRAIND000166,egg,adult,Aphidius_platensis,"Aphidius platensis Brethes, 1913"
development,42,Days,TRAIND000167,egg,adult,Aphidius_platensis,"Aphidius platensis Brethes, 1913"
development,37,Days,TRAIND000168,egg,adult,Aphidius_platensis,"Aphidius platensis Brethes, 1913"
development,36.5,Days,TRAIND000169,egg,adult,Aphidius_platensis,"Aphidius platensis Brethes, 1913"
development,37.5,Days,TRAIND000170,egg,adult,Aphidius_platensis,"Aphidius platensis Brethes, 1913"
development,37,Days,TRAIND000171,egg,adult,Aphidius_platensis,"Aphidius platensis Brethes, 1913"
development,40.5,Days,TRAIND000172,egg,adult,Aphidius_platensis,"Aphidius platensis Brethes, 1913"
development,38.5,Days,TRAIND000173,egg,adult,Aphidius_platensis,"Aphidius platensis Brethes, 1913"
development,37.5,Days,TRAIND000174,egg,adult,Aphidius_platensis,"Aphidius platensis Brethes, 1913"
development,37.5,Days,TRAIND000175,egg,adult,Aphidius_platensis,"Aphidius platensis Brethes, 1913"
development,38.5,Days,TRAIND000176,egg,adult,Aphidius_platensis,"Aphidius platensis Brethes, 1913"
development,37.5,Days,TRAIND000177,egg,adult,Aphidius_platensis,"Aphidius platensis Brethes, 1913"
development,39,Days,TRAIND000178,egg,adult,Aphidius_platensis,"Aphidius platensis Brethes, 1913"
development,36.5,Days,TRAIND000179,egg,adult,Aphidius_platensis,"Aphidius platensis Brethes, 1913"
development,35.5,Days,TRAIND000180,egg,adult,Aphidius_platensis,"Aphidius platensis Brethes, 1913"
development,40.5,Days,TRAIND000181,egg,adult,Aphidius_platensis,"Aphidius platensis Brethes, 1913"
development,"",Days,TRAIND000182,egg,adult,Aphidius_platensis,"Aphidius platensis Brethes, 1913"
development,44,Days,TRAIND000183,egg,adult,Aphidius_platensis,"Aphidius platensis Brethes, 1913"
development,"",Days,TRAIND000184,egg,adult,Aphidius_platensis,"Aphidius platensis Brethes, 1913"
development,36,Days,TRAIND000185,egg,adult,Aphidius_platensis,"Aphidius platensis Brethes, 1913"
development,38,Days,TRAIND000186,egg,adult,Aphidius_platensis,"Aphidius platensis Brethes, 1913"
development,40,Days,TRAIND000187,egg,adult,Aphidius_platensis,"Aphidius platensis Brethes, 1913"
development,37,Days,TRAIND000188,egg,adult,Aphidius_platensis,"Aphidius platensis Brethes, 1913"
development,41.5,Days,TRAIND000189,egg,adult,Aphidius_platensis,"Aphidius platensis Brethes, 1913"
development,37,Days,TRAIND000190,egg,adult,Aphidius_platensis,"Aphidius platensis Brethes, 1913"
development,37,Days,TRAIND000191,egg,adult,Aphidius_platensis,"Aphidius platensis Brethes, 1913"
development,"",Days,TRAIND000192,egg,adult,Aphidius_platensis,"Aphidius platensis Brethes, 1913"
development,37,Days,TRAIND000193,egg,adult,Aphidius_platensis,"Aphidius platensis Brethes, 1913"
development,37.5,Days,TRAIND000194,egg,adult,Aphidius_platensis,"Aphidius platensis Brethes, 1913"
development,39,Days,TRAIND000195,egg,adult,Aphidius_platensis,"Aphidius platensis Brethes, 1913"
development,37,Days,TRAIND000196,egg,adult,Aphidius_platensis,"Aphidius platensis Brethes, 1913"
development,39,Days,TRAIND000197,egg,adult,Aphidius_platensis,"Aphidius platensis Brethes, 1913"
development,37,Days,TRAIND000198,egg,adult,Aphidius_platensis,"Aphidius platensis Brethes, 1913"
development,37,Days,TRAIND000199,egg,adult,Aphidius_platensis,"Aphidius platensis Brethes, 1913"
development,37,Days,TRAIND000200,egg,adult,Aphidius_platensis,"Aphidius platensis Brethes, 1913"
development,"",Days,TRAIND000201,egg,adult,Aphidius_platensis,"Aphidius platensis Brethes, 1913"
development,37,Days,TRAIND000202,egg,adult,Aphidius_platensis,"Aphidius platensis Brethes, 1913"
development,37,Days,TRAIND000203,egg,adult,Aphidius_platensis,"Aphidius platensis Brethes, 1913"
development,38.5,Days,TRAIND000204,egg,adult,Aphidius_platensis,"Aphidius platensis Brethes, 1913"
development,39,Days,TRAIND000205,egg,adult,Aphidius_platensis,"Aphidius platensis Brethes, 1913"
development,38,Days,TRAIND000206,egg,adult,Aphidius_platensis,"Aphidius platensis Brethes, 1913"
development,39,Days,TRAIND000207,egg,adult,Aphidius_platensis,"Aphidius platensis Brethes, 1913"
development,37.5,Days,TRAIND000208,egg,adult,Aphidius_platensis,"Aphidius platensis Brethes, 1913"
development,38,Days,TRAIND000209,egg,adult,Aphidius_platensis,"Aphidius platensis Brethes, 1913"
development,39.5,Days,TRAIND000210,egg,adult,Aphidius_platensis,"Aphidius platensis Brethes, 1913"
development,40.5,Days,TRAIND000211,egg,adult,Aphidius_platensis,"Aphidius platensis Brethes, 1913"
development,40.5,Days,TRAIND000212,egg,adult,Aphidius_platensis,"Aphidius platensis Brethes, 1913"
development,40.5,Days,TRAIND000213,egg,adult,Aphidius_platensis,"Aphidius platensis Brethes, 1913"
development,41.5,Days,TRAIND000214,egg,adult,Aphidius_platensis,"Aphidius platensis Brethes, 1913"
development,43,Days,TRAIND000215,egg,adult,Aphidius_platensis,"Aphidius platensis Brethes, 1913"
development,38.5,Days,TRAIND000216,egg,adult,Aphidius_platensis,"Aphidius platensis Brethes, 1913"
development,"",Days,TRAIND000217,egg,adult,Aphidius_platensis,"Aphidius platensis Brethes, 1913"
development,"",Days,TRAIND000218,egg,adult,Aphidius_platensis,"Aphidius platensis Brethes, 1913"
development,"",Days,TRAIND000219,egg,adult,Aphidius_platensis,"Aphidius platensis Brethes, 1913"
development,42.5,Days,TRAIND000220,egg,adult,Aphidius_platensis,"Aphidius platensis Brethes, 1913"
development,40,Days,TRAIND000221,egg,adult,Aphidius_platensis,"Aphidius platensis Brethes, 1913"
development,42.5,Days,TRAIND000222,egg,adult,Aphidius_platensis,"Aphidius platensis Brethes, 1913"
development,38,Days,TRAIND000223,egg,adult,Aphidius_platensis,"Aphidius platensis Brethes, 1913"
development,41.5,Days,TRAIND000224,egg,adult,Aphidius_platensis,"Aphidius platensis Brethes, 1913"
development,39.5,Days,TRAIND000225,egg,adult,Aphidius_platensis,"Aphidius platensis Brethes, 1913"
development,41,Days,TRAIND000226,egg,adult,Aphidius_platensis,"Aphidius platensis Brethes, 1913"
development,38.5,Days,TRAIND000227,egg,adult,Aphidius_platensis,"Aphidius platensis Brethes, 1913"
development,45,Days,TRAIND000228,egg,adult,Aphidius_platensis,"Aphidius platensis Brethes, 1913"
development,38,Days,TRAIND000229,egg,adult,Aphidius_platensis,"Aphidius platensis Brethes, 1913"
development,39,Days,TRAIND000230,egg,adult,Aphidius_platensis,"Aphidius platensis Brethes, 1913"
development,38,Days,TRAIND000231,egg,adult,Aphidius_platensis,"Aphidius platensis Brethes, 1913"
development,38,Days,TRAIND000232,egg,adult,Aphidius_platensis,"Aphidius platensis Brethes, 1913"
development,36,Days,TRAIND000233,egg,adult,Aphidius_platensis,"Aphidius platensis Brethes, 1913"
development,38.5,Days,TRAIND000234,egg,adult,Aphidius_platensis,"Aphidius platensis Brethes, 1913"
development,38.5,Days,TRAIND000235,egg,adult,Aphidius_platensis,"Aphidius platensis Brethes, 1913"
development,38,Days,TRAIND000236,egg,adult,Aphidius_platensis,"Aphidius platensis Brethes, 1913"
development,39.5,Days,TRAIND000237,egg,adult,Aphidius_platensis,"Aphidius platensis Brethes, 1913"
development,37,Days,TRAIND000238,egg,adult,Aphidius_platensis,"Aphidius platensis Brethes, 1913"
development,"",Days,TRAIND000239,egg,adult,Aphidius_platensis,"Aphidius platensis Brethes, 1913"
development,38,Days,TRAIND000240,egg,adult,Aphidius_platensis,"Aphidius platensis Brethes, 1913"
development,39.5,Days,TRAIND000241,egg,adult,Aphidius_platensis,"Aphidius platensis Brethes, 1913"
development,39,Days,TRAIND000242,egg,adult,Aphidius_platensis,"Aphidius platensis Brethes, 1913"
development,39,Days,TRAIND000243,egg,adult,Aphidius_platensis,"Aphidius platensis Brethes, 1913"
development,38,Days,TRAIND000244,egg,adult,Aphidius_platensis,"Aphidius platensis Brethes, 1913"
development,40,Days,TRAIND000245,egg,adult,Aphidius_platensis,"Aphidius platensis Brethes, 1913"
development,36.5,Days,TRAIND000246,egg,adult,Aphidius_platensis,"Aphidius platensis Brethes, 1913"
development,"",Days,TRAIND000247,egg,adult,Aphidius_platensis,"Aphidius platensis Brethes, 1913"
development,37,Days,TRAIND000248,egg,adult,Aphidius_platensis,"Aphidius platensis Brethes, 1913"
development,40.5,Days,TRAIND000249,egg,adult,Aphidius_platensis,"Aphidius platensis Brethes, 1913"
development,39.5,Days,TRAIND000250,egg,adult,Aphidius_platensis,"Aphidius platensis Brethes, 1913"
development,"",Days,TRAIND000251,egg,adult,Aphidius_platensis,"Aphidius platensis Brethes, 1913"
development,43.5,Days,TRAIND000252,egg,adult,Aphidius_platensis,"Aphidius platensis Brethes, 1913"
development,42,Days,TRAIND000253,egg,adult,Aphidius_platensis,"Aphidius platensis Brethes, 1913"
development,37,Days,TRAIND000254,egg,adult,Aphidius_platensis,"Aphidius platensis Brethes, 1913"
development,37,Days,TRAIND000255,egg,adult,Aphidius_platensis,"Aphidius platensis Brethes, 1913"
development,37,Days,TRAIND000256,egg,adult,Aphidius_platensis,"Aphidius platensis Brethes, 1913"
development,37,Days,TRAIND000257,egg,adult,Aphidius_platensis,"Aphidius platensis Brethes, 1913"
development,37.5,Days,TRAIND000258,egg,adult,Aphidius_platensis,"Aphidius platensis Brethes, 1913"
development,37,Days,TRAIND000259,egg,adult,Aphidius_platensis,"Aphidius platensis Brethes, 1913"
development,38.5,Days,TRAIND000260,egg,adult,Aphidius_platensis,"Aphidius platensis Brethes, 1913"
development,38,Days,TRAIND000261,egg,adult,Aphidius_platensis,"Aphidius platensis Brethes, 1913"
development,38,Days,TRAIND000262,egg,adult,Aphidius_platensis,"Aphidius platensis Brethes, 1913"
development,37,Days,TRAIND000263,egg,adult,Aphidius_platensis,"Aphidius platensis Brethes, 1913"
development,39,Days,TRAIND000264,egg,adult,Aphidius_platensis,"Aphidius platensis Brethes, 1913"
development,39,Days,TRAIND000265,egg,adult,Aphidius_platensis,"Aphidius platensis Brethes, 1913"
development,39,Days,TRAIND000266,egg,adult,Aphidius_platensis,"Aphidius platensis Brethes, 1913"
development,39.5,Days,TRAIND000267,egg,adult,Aphidius_platensis,"Aphidius platensis Brethes, 1913"
development,38,Days,TRAIND000268,egg,adult,Aphidius_platensis,"Aphidius platensis Brethes, 1913"
development,43.5,Days,TRAIND000269,egg,adult,Aphidius_platensis,"Aphidius platensis Brethes, 1913"
development,38,Days,TRAIND000270,egg,adult,Aphidius_platensis,"Aphidius platensis Brethes, 1913"
development,39.5,Days,TRAIND000271,egg,adult,Aphidius_platensis,"Aphidius platensis Brethes, 1913"
development,42,Days,TRAIND000272,egg,adult,Aphidius_platensis,"Aphidius platensis Brethes, 1913"
development,40,Days,TRAIND000273,egg,adult,Aphidius_platensis,"Aphidius platensis Brethes, 1913"
development,"",Days,TRAIND000274,egg,adult,Aphidius_platensis,"Aphidius platensis Brethes, 1913"
development,40,Days,TRAIND000275,egg,adult,Aphidius_platensis,"Aphidius platensis Brethes, 1913"
development,43.5,Days,TRAIND000276,egg,adult,Aphidius_platensis,"Aphidius platensis Brethes, 1913"
development,"",Days,TRAIND000277,egg,adult,Aphidius_platensis,"Aphidius platensis Brethes, 1913"
development,38.5,Days,TRAIND000278,egg,adult,Aphidius_platensis,"Aphidius platensis Brethes, 1913"
development,38.5,Days,TRAIND000279,egg,adult,Aphidius_platensis,"Aphidius platensis Brethes, 1913"
development,37.5,Days,TRAIND000280,egg,adult,Aphidius_platensis,"Aphidius platensis Brethes, 1913"
development,42,Days,TRAIND000281,egg,adult,Aphidius_platensis,"Aphidius platensis Brethes, 1913"
development,39.5,Days,TRAIND000282,egg,adult,Aphidius_platensis,"Aphidius platensis Brethes, 1913"
development,"",Days,TRAIND000283,egg,adult,Aphidius_platensis,"Aphidius platensis Brethes, 1913"
development,39,Days,TRAIND000284,egg,adult,Aphidius_platensis,"Aphidius platensis Brethes, 1913"
development,36,Days,TRAIND000285,egg,adult,Aphidius_platensis,"Aphidius platensis Brethes, 1913"
development,38.5,Days,TRAIND000286,egg,adult,Aphidius_platensis,"Aphidius platensis Brethes, 1913"
development,36,Days,TRAIND000287,egg,adult,Aphidius_platensis,"Aphidius platensis Brethes, 1913"
development,38.5,Days,TRAIND000288,egg,adult,Aphidius_platensis,"Aphidius platensis Brethes, 1913"
development,38,Days,TRAIND000289,egg,adult,Aphidius_platensis,"Aphidius platensis Brethes, 1913"
development,36,Days,TRAIND000290,egg,adult,Aphidius_platensis,"Aphidius platensis Brethes, 1913"
development,35.5,Days,TRAIND000291,egg,adult,Aphidius_platensis,"Aphidius platensis Brethes, 1913"
development,38.5,Days,TRAIND000292,egg,adult,Aphidius_platensis,"Aphidius platensis Brethes, 1913"
development,36.5,Days,TRAIND000293,egg,adult,Aphidius_platensis,"Aphidius platensis Brethes, 1913"
development,36,Days,TRAIND000294,egg,adult,Aphidius_platensis,"Aphidius platensis Brethes, 1913"
development,36,Days,TRAIND000295,egg,adult,Aphidius_platensis,"Aphidius platensis Brethes, 1913"
development,36,Days,TRAIND000296,egg,adult,Aphidius_platensis,"Aphidius platensis Brethes, 1913"
development,38,Days,TRAIND000297,egg,adult,Aphidius_platensis,"Aphidius platensis Brethes, 1913"
development,39.5,Days,TRAIND000298,egg,adult,Aphidius_platensis,"Aphidius platensis Brethes, 1913"
development,39.5,Days,TRAIND000299,egg,adult,Aphidius_platensis,"Aphidius platensis Brethes, 1913"
development,38,Days,TRAIND000300,egg,adult,Aphidius_platensis,"Aphidius platensis Brethes, 1913"
development,37,Days,TRAIND000301,egg,adult,Aphidius_platensis,"Aphidius platensis Brethes, 1913"
development,"",Days,TRAIND000302,egg,adult,Aphidius_platensis,"Aphidius platensis Brethes, 1913"
development,36,Days,TRAIND000303,egg,adult,Aphidius_platensis,"Aphidius platensis Brethes, 1913"
development,36.5,Days,TRAIND000304,egg,adult,Aphidius_platensis,"Aphidius platensis Brethes, 1913"
development,37,Days,TRAIND000305,egg,adult,Aphidius_platensis,"Aphidius platensis Brethes, 1913"
development,39.5,Days,TRAIND000306,egg,adult,Aphidius_platensis,"Aphidius platensis Brethes, 1913"
development,41,Days,TRAIND000307,egg,adult,Aphidius_platensis,"Aphidius platensis Brethes, 1913"
development,42,Days,TRAIND000308,egg,adult,Aphidius_platensis,"Aphidius platensis Brethes, 1913"
development,39.5,Days,TRAIND000309,egg,adult,Aphidius_platensis,"Aphidius platensis Brethes, 1913"
development,"",Days,TRAIND000310,egg,adult,Aphidius_platensis,"Aphidius platensis Brethes, 1913"
development,37.5,Days,TRAIND000311,egg,adult,Aphidius_platensis,"Aphidius platensis Brethes, 1913"
development,38,Days,TRAIND000312,egg,adult,Aphidius_platensis,"Aphidius platensis Brethes, 1913"
development,37,Days,TRAIND000313,egg,adult,Aphidius_platensis,"Aphidius platensis Brethes, 1913"
development,37.5,Days,TRAIND000314,egg,adult,Aphidius_platensis,"Aphidius platensis Brethes, 1913"
development,38,Days,TRAIND000315,egg,adult,Aphidius_platensis,"Aphidius platensis Brethes, 1913"
development,38.5,Days,TRAIND000316,egg,adult,Aphidius_platensis,"Aphidius platensis Brethes, 1913"
development,39.5,Days,TRAIND000317,egg,adult,Aphidius_platensis,"Aphidius platensis Brethes, 1913"
development,41,Days,TRAIND000318,egg,adult,Aphidius_platensis,"Aphidius platensis Brethes, 1913"
development,44,Days,TRAIND000319,egg,adult,Aphidius_platensis,"Aphidius platensis Brethes, 1913"
development,38,Days,TRAIND000320,egg,adult,Aphidius_platensis,"Aphidius platensis Brethes, 1913"
development,38,Days,TRAIND000321,egg,adult,Aphidius_platensis,"Aphidius platensis Brethes, 1913"
development,37,Days,TRAIND000322,egg,adult,Aphidius_platensis,"Aphidius platensis Brethes, 1913"
development,37.5,Days,TRAIND000323,egg,adult,Aphidius_platensis,"Aphidius platensis Brethes, 1913"
development,38,Days,TRAIND000324,egg,adult,Aphidius_platensis,"Aphidius platensis Brethes, 1913"
development,39,Days,TRAIND000325,egg,adult,Aphidius_platensis,"Aphidius platensis Brethes, 1913"
development,38.5,Days,TRAIND000326,egg,adult,Aphidius_platensis,"Aphidius platensis Brethes, 1913"
development,38,Days,TRAIND000327,egg,adult,Aphidius_platensis,"Aphidius platensis Brethes, 1913"
development,40.5,Days,TRAIND000328,egg,adult,Aphidius_platensis,"Aphidius platensis Brethes, 1913"
development,38,Days,TRAIND000329,egg,adult,Aphidius_platensis,"Aphidius platensis Brethes, 1913"
development,37.5,Days,TRAIND000330,egg,adult,Aphidius_platensis,"Aphidius platensis Brethes, 1913"
development,36.5,Days,TRAIND000331,egg,adult,Aphidius_platensis,"Aphidius platensis Brethes, 1913"
development,39.5,Days,TRAIND000332,egg,adult,Aphidius_platensis,"Aphidius platensis Brethes, 1913"
development,37,Days,TRAIND000333,egg,adult,Aphidius_platensis,"Aphidius platensis Brethes, 1913"
development,37.5,Days,TRAIND000334,egg,adult,Aphidius_platensis,"Aphidius platensis Brethes, 1913"
development,38,Days,TRAIND000335,egg,adult,Aphidius_platensis,"Aphidius platensis Brethes, 1913"
development,37,Days,TRAIND000336,egg,adult,Aphidius_platensis,"Aphidius platensis Brethes, 1913"
development,38.5,Days,TRAIND000337,egg,adult,Aphidius_platensis,"Aphidius platensis Brethes, 1913"
development,41,Days,TRAIND000338,egg,adult,Aphidius_platensis,"Aphidius platensis Brethes, 1913"
development,39,Days,TRAIND000339,egg,adult,Aphidius_platensis,"Aphidius platensis Brethes, 1913"
development,37,Days,TRAIND000340,egg,adult,Aphidius_platensis,"Aphidius platensis Brethes, 1913"
development,38,Days,TRAIND000341,egg,adult,Aphidius_platensis,"Aphidius platensis Brethes, 1913"
development,40.5,Days,TRAIND000342,egg,adult,Aphidius_platensis,"Aphidius platensis Brethes, 1913"
development,40.5,Days,TRAIND000343,egg,adult,Aphidius_platensis,"Aphidius platensis Brethes, 1913"
development,40,Days,TRAIND000344,egg,adult,Aphidius_platensis,"Aphidius platensis Brethes, 1913"
development,38,Days,TRAIND000345,egg,adult,Aphidius_platensis,"Aphidius platensis Brethes, 1913"
development,37,Days,TRAIND000346,egg,adult,Aphidius_platensis,"Aphidius platensis Brethes, 1913"
development,36.5,Days,TRAIND000347,egg,adult,Aphidius_platensis,"Aphidius platensis Brethes, 1913"
development,38.5,Days,TRAIND000348,egg,adult,Aphidius_platensis,"Aphidius platensis Brethes, 1913"
development,38,Days,TRAIND000349,egg,adult,Aphidius_platensis,"Aphidius platensis Brethes, 1913"
development,37.5,Days,TRAIND000350,egg,adult,Aphidius_platensis,"Aphidius platensis Brethes, 1913"
development,39.5,Days,TRAIND000351,egg,adult,Aphidius_platensis,"Aphidius platensis Brethes, 1913"
development,"",Days,TRAIND000352,egg,adult,Aphidius_platensis,"Aphidius platensis Brethes, 1913"
development,39,Days,TRAIND000353,egg,adult,Aphidius_platensis,"Aphidius platensis Brethes, 1913"
development,37.5,Days,TRAIND000354,egg,adult,Aphidius_platensis,"Aphidius platensis Brethes, 1913"
development,38,Days,TRAIND000355,egg,adult,Aphidius_platensis,"Aphidius platensis Brethes, 1913"
development,37,Days,TRAIND000356,egg,adult,Aphidius_platensis,"Aphidius platensis Brethes, 1913"
development,36.5,Days,TRAIND000357,egg,adult,Aphidius_platensis,"Aphidius platensis Brethes, 1913"
development,38.5,Days,TRAIND000358,egg,adult,Aphidius_platensis,"Aphidius platensis Brethes, 1913"
development,37,Days,TRAIND000359,egg,adult,Aphidius_platensis,"Aphidius platensis Brethes, 1913"
development,36,Days,TRAIND000360,egg,adult,Aphidius_platensis,"Aphidius platensis Brethes, 1913"
development,36,Days,TRAIND000361,egg,adult,Aphidius_platensis,"Aphidius platensis Brethes, 1913"
development,38.5,Days,TRAIND000362,egg,adult,Aphidius_platensis,"Aphidius platensis Brethes, 1913"
development,"",Days,TRAIND000363,egg,adult,Aphidius_platensis,"Aphidius platensis Brethes, 1913"
development,42,Days,TRAIND000364,egg,adult,Aphidius_platensis,"Aphidius platensis Brethes, 1913"
development,39.5,Days,TRAIND000365,egg,adult,Aphidius_platensis,"Aphidius platensis Brethes, 1913"
development,38.5,Days,TRAIND000366,egg,adult,Aphidius_platensis,"Aphidius platensis Brethes, 1913"
development,37,Days,TRAIND000367,egg,adult,Aphidius_platensis,"Aphidius platensis Brethes, 1913"
development,37,Days,TRAIND000368,egg,adult,Aphidius_platensis,"Aphidius platensis Brethes, 1913"
development,38,Days,TRAIND000369,egg,adult,Aphidius_platensis,"Aphidius platensis Brethes, 1913"
development,44,Days,TRAIND000370,egg,adult,Aphidius_platensis,"Aphidius platensis Brethes, 1913"
development,39.5,Days,TRAIND000371,egg,adult,Aphidius_platensis,"Aphidius platensis Brethes, 1913"
development,"",Days,TRAIND000372,egg,adult,Aphidius_platensis,"Aphidius platensis Brethes, 1913"
development,38,Days,TRAIND000373,egg,adult,Aphidius_platensis,"Aphidius platensis Brethes, 1913"
development,39,Days,TRAIND000374,egg,adult,Aphidius_platensis,"Aphidius platensis Brethes, 1913"
development,38.5,Days,TRAIND000375,egg,adult,Aphidius_platensis,"Aphidius platensis Brethes, 1913"
development,37.5,Days,TRAIND000376,egg,adult,Aphidius_platensis,"Aphidius platensis Brethes, 1913"
development,37,Days,TRAIND000377,egg,adult,Aphidius_platensis,"Aphidius platensis Brethes, 1913"
development,39.5,Days,TRAIND000378,egg,adult,Aphidius_platensis,"Aphidius platensis Brethes, 1913"
development,39.5,Days,TRAIND000379,egg,adult,Aphidius_platensis,"Aphidius platensis Brethes, 1913"
development,"",Days,TRAIND000380,egg,adult,Aphidius_platensis,"Aphidius platensis Brethes, 1913"
development,38.5,Days,TRAIND000381,egg,adult,Aphidius_platensis,"Aphidius platensis Brethes, 1913"
development,37,Days,TRAIND000382,egg,adult,Aphidius_platensis,"Aphidius platensis Brethes, 1913"
development,39,Days,TRAIND000383,egg,adult,Aphidius_platensis,"Aphidius platensis Brethes, 1913"
development,39.5,Days,TRAIND000384,egg,adult,Aphidius_platensis,"Aphidius platensis Brethes, 1913"
development,38,Days,TRAIND000385,egg,adult,Aphidius_platensis,"Aphidius platensis Brethes, 1913"
development,40.5,Days,TRAIND000386,egg,adult,Aphidius_platensis,"Aphidius platensis Brethes, 1913"
development,36.5,Days,TRAIND000387,egg,adult,Aphidius_platensis,"Aphidius platensis Brethes, 1913"
development,39.5,Days,TRAIND000388,egg,adult,Aphidius_platensis,"Aphidius platensis Brethes, 1913"
development,39.5,Days,TRAIND000389,egg,adult,Aphidius_platensis,"Aphidius platensis Brethes, 1913"
development,37,Days,TRAIND000390,egg,adult,Aphidius_platensis,"Aphidius platensis Brethes, 1913"
development,37.5,Days,TRAIND000391,egg,adult,Aphidius_platensis,"Aphidius platensis Brethes, 1913"
development,37,Days,TRAIND000392,egg,adult,Aphidius_platensis,"Aphidius platensis Brethes, 1913"
development,36,Days,TRAIND000393,egg,adult,Aphidius_platensis,"Aphidius platensis Brethes, 1913"
development,39,Days,TRAIND000394,egg,adult,Aphidius_platensis,"Aphidius platensis Brethes, 1913"
development,39,Days,TRAIND000395,egg,adult,Aphidius_platensis,"Aphidius platensis Brethes, 1913"
development,38,Days,TRAIND000396,egg,adult,Aphidius_platensis,"Aphidius platensis Brethes, 1913"
development,"",Days,TRAIND000397,egg,adult,Aphidius_platensis,"Aphidius platensis Brethes, 1913"
development,36.5,Days,TRAIND000398,egg,adult,Aphidius_platensis,"Aphidius platensis Brethes, 1913"
development,36,Days,TRAIND000399,egg,adult,Aphidius_platensis,"Aphidius platensis Brethes, 1913"
development,37.5,Days,TRAIND000400,egg,adult,Aphidius_platensis,"Aphidius platensis Brethes, 1913"
development,"",Days,TRAIND000401,egg,adult,Aphidius_platensis,"Aphidius platensis Brethes, 1913"
development,38.5,Days,TRAIND000402,egg,adult,Aphidius_platensis,"Aphidius platensis Brethes, 1913"
development,36,Days,TRAIND000403,egg,adult,Aphidius_platensis,"Aphidius platensis Brethes, 1913"
development,38.5,Days,TRAIND000404,egg,adult,Aphidius_platensis,"Aphidius platensis Brethes, 1913"
development,36,Days,TRAIND000405,egg,adult,Aphidius_platensis,"Aphidius platensis Brethes, 1913"
development,"",Days,TRAIND000406,egg,adult,Aphidius_platensis,"Aphidius platensis Brethes, 1913"
development,40,Days,TRAIND000407,egg,adult,Aphidius_platensis,"Aphidius platensis Brethes, 1913"
development,36.5,Days,TRAIND000408,egg,adult,Aphidius_platensis,"Aphidius platensis Brethes, 1913"
development,"",Days,TRAIND000409,egg,adult,Aphidius_platensis,"Aphidius platensis Brethes, 1913"
development,39.5,Days,TRAIND000410,egg,adult,Aphidius_platensis,"Aphidius platensis Brethes, 1913"
development,37.5,Days,TRAIND000411,egg,adult,Aphidius_platensis,"Aphidius platensis Brethes, 1913"
development,37,Days,TRAIND000412,egg,adult,Aphidius_platensis,"Aphidius platensis Brethes, 1913"
development,"",Days,TRAIND000413,egg,adult,Aphidius_platensis,"Aphidius platensis Brethes, 1913"
development,44,Days,TRAIND000414,egg,adult,Aphidius_platensis,"Aphidius platensis Brethes, 1913"
development,38.5,Days,TRAIND000415,egg,adult,Aphidius_platensis,"Aphidius platensis Brethes, 1913"
development,40,Days,TRAIND000416,egg,adult,Aphidius_platensis,"Aphidius platensis Brethes, 1913"
development,40.5,Days,TRAIND000417,egg,adult,Aphidius_platensis,"Aphidius platensis Brethes, 1913"
development,38,Days,TRAIND000418,egg,adult,Aphidius_platensis,"Aphidius platensis Brethes, 1913"
development,"",Days,TRAIND000419,egg,adult,Aphidius_platensis,"Aphidius platensis Brethes, 1913"
development,"",Days,TRAIND000420,egg,adult,Aphidius_platensis,"Aphidius platensis Brethes, 1913"
development,42,Days,TRAIND000421,egg,adult,Aphidius_platensis,"Aphidius platensis Brethes, 1913"
development,40.5,Days,TRAIND000422,egg,adult,Aphidius_platensis,"Aphidius platensis Brethes, 1913"
development,41,Days,TRAIND000423,egg,adult,Aphidius_platensis,"Aphidius platensis Brethes, 1913"
development,36,Days,TRAIND000424,egg,adult,Aphidius_platensis,"Aphidius platensis Brethes, 1913"
development,36.5,Days,TRAIND000425,egg,adult,Aphidius_platensis,"Aphidius platensis Brethes, 1913"
development,37,Days,TRAIND000426,egg,adult,Aphidius_platensis,"Aphidius platensis Brethes, 1913"
development,39,Days,TRAIND000427,egg,adult,Aphidius_platensis,"Aphidius platensis Brethes, 1913"
development,42.5,Days,TRAIND000428,egg,adult,Aphidius_platensis,"Aphidius platensis Brethes, 1913"
development,36,Days,TRAIND000429,egg,adult,Aphidius_platensis,"Aphidius platensis Brethes, 1913"
development,42,Days,TRAIND000430,egg,adult,Aphidius_platensis,"Aphidius platensis Brethes, 1913"
development,40,Days,TRAIND000431,egg,adult,Aphidius_platensis,"Aphidius platensis Brethes, 1913"
development,36,Days,TRAIND000432,egg,adult,Aphidius_platensis,"Aphidius platensis Brethes, 1913"
development,37,Days,TRAIND000433,egg,adult,Aphidius_platensis,"Aphidius platensis Brethes, 1913"
development,36,Days,TRAIND000434,egg,adult,Aphidius_platensis,"Aphidius platensis Brethes, 1913"
development,39,Days,TRAIND000435,egg,adult,Aphidius_platensis,"Aphidius platensis Brethes, 1913"
development,"",Days,TRAIND000436,egg,adult,Aphidius_platensis,"Aphidius platensis Brethes, 1913"
development,38,Days,TRAIND000437,egg,adult,Aphidius_platensis,"Aphidius platensis Brethes, 1913"
development,39.5,Days,TRAIND000438,egg,adult,Aphidius_platensis,"Aphidius platensis Brethes, 1913"
development,36,Days,TRAIND000439,egg,adult,Aphidius_platensis,"Aphidius platensis Brethes, 1913"
development,38.5,Days,TRAIND000440,egg,adult,Aphidius_platensis,"Aphidius platensis Brethes, 1913"
development,44,Days,TRAIND000441,egg,adult,Aphidius_platensis,"Aphidius platensis Brethes, 1913"
development,39.5,Days,TRAIND000442,egg,adult,Aphidius_platensis,"Aphidius platensis Brethes, 1913"
development,36.5,Days,TRAIND000443,egg,adult,Aphidius_platensis,"Aphidius platensis Brethes, 1913"
development,38.5,Days,TRAIND000444,egg,adult,Aphidius_platensis,"Aphidius platensis Brethes, 1913"
development,36.5,Days,TRAIND000445,egg,adult,Aphidius_platensis,"Aphidius platensis Brethes, 1913"
development,42,Days,TRAIND000446,egg,adult,Aphidius_platensis,"Aphidius platensis Brethes, 1913"
development,37.5,Days,TRAIND000447,egg,adult,Aphidius_platensis,"Aphidius platensis Brethes, 1913"
development,36.5,Days,TRAIND000448,egg,adult,Aphidius_platensis,"Aphidius platensis Brethes, 1913"
development,40,Days,TRAIND000449,egg,adult,Aphidius_platensis,"Aphidius platensis Brethes, 1913"
development,38.5,Days,TRAIND000450,egg,adult,Aphidius_platensis,"Aphidius platensis Brethes, 1913"
development,37,Days,TRAIND000451,egg,adult,Aphidius_platensis,"Aphidius platensis Brethes, 1913"
development,37,Days,TRAIND000452,egg,adult,Aphidius_platensis,"Aphidius platensis Brethes, 1913"
development,38,Days,TRAIND000453,egg,adult,Aphidius_platensis,"Aphidius platensis Brethes, 1913"
development,37.5,Days,TRAIND000454,egg,adult,Aphidius_platensis,"Aphidius platensis Brethes, 1913"
development,39.5,Days,TRAIND000455,egg,adult,Aphidius_platensis,"Aphidius platensis Brethes, 1913"
development,37,Days,TRAIND000456,egg,adult,Aphidius_platensis,"Aphidius platensis Brethes, 1913"
development,38,Days,TRAIND000457,egg,adult,Aphidius_platensis,"Aphidius platensis Brethes, 1913"
development,38.5,Days,TRAIND000458,egg,adult,Aphidius_platensis,"Aphidius platensis Brethes, 1913"
development,37.5,Days,TRAIND000459,egg,adult,Aphidius_platensis,"Aphidius platensis Brethes, 1913"
development,37,Days,TRAIND000460,egg,adult,Aphidius_platensis,"Aphidius platensis Brethes, 1913"
development,37,Days,TRAIND000461,egg,adult,Aphidius_platensis,"Aphidius platensis Brethes, 1913"
development,"",Days,TRAIND000462,egg,adult,Aphidius_platensis,"Aphidius platensis Brethes, 1913"
development,38,Days,TRAIND000463,egg,adult,Aphidius_platensis,"Aphidius platensis Brethes, 1913"
development,37.5,Days,TRAIND000464,egg,adult,Aphidius_platensis,"Aphidius platensis Brethes, 1913"
development,38.5,Days,TRAIND000465,egg,adult,Aphidius_platensis,"Aphidius platensis Brethes, 1913"
development,39,Days,TRAIND000466,egg,adult,Aphidius_platensis,"Aphidius platensis Brethes, 1913"
development,38,Days,TRAIND000467,egg,adult,Aphidius_platensis,"Aphidius platensis Brethes, 1913"
development,37,Days,TRAIND000468,egg,adult,Aphidius_platensis,"Aphidius platensis Brethes, 1913"
development,41,Days,TRAIND000469,egg,adult,Aphidius_platensis,"Aphidius platensis Brethes, 1913"
development,39.5,Days,TRAIND000470,egg,adult,Aphidius_platensis,"Aphidius platensis Brethes, 1913"
development,39,Days,TRAIND000471,egg,adult,Aphidius_platensis,"Aphidius platensis Brethes, 1913"
development,40,Days,TRAIND000472,egg,adult,Aphidius_platensis,"Aphidius platensis Brethes, 1913"
development,38,Days,TRAIND000473,egg,adult,Aphidius_platensis,"Aphidius platensis Brethes, 1913"
development,43,Days,TRAIND000474,egg,adult,Aphidius_platensis,"Aphidius platensis Brethes, 1913"
development,38.5,Days,TRAIND000475,egg,adult,Aphidius_platensis,"Aphidius platensis Brethes, 1913"
development,39,Days,TRAIND000476,egg,adult,Aphidius_platensis,"Aphidius platensis Brethes, 1913"
development,42.5,Days,TRAIND000477,egg,adult,Aphidius_platensis,"Aphidius platensis Brethes, 1913"
development,39.5,Days,TRAIND000478,egg,adult,Aphidius_platensis,"Aphidius platensis Brethes, 1913"
development,"",Days,TRAIND000479,egg,adult,Aphidius_platensis,"Aphidius platensis Brethes, 1913"
development,38.5,Days,TRAIND000480,egg,adult,Aphidius_platensis,"Aphidius platensis Brethes, 1913"
development,38,Days,TRAIND000481,egg,adult,Aphidius_platensis,"Aphidius platensis Brethes, 1913"
development,38,Days,TRAIND000482,egg,adult,Aphidius_platensis,"Aphidius platensis Brethes, 1913"
development,38.5,Days,TRAIND000483,egg,adult,Aphidius_platensis,"Aphidius platensis Brethes, 1913"
development,38.5,Days,TRAIND000484,egg,adult,Aphidius_platensis,"Aphidius platensis Brethes, 1913"
development,41.5,Days,TRAIND000485,egg,adult,Aphidius_platensis,"Aphidius platensis Brethes, 1913"
development,38.5,Days,TRAIND000486,egg,adult,Aphidius_platensis,"Aphidius platensis Brethes, 1913"
development,38,Days,TRAIND000487,egg,adult,Aphidius_platensis,"Aphidius platensis Brethes, 1913"
development,40.5,Days,TRAIND000488,egg,adult,Aphidius_platensis,"Aphidius platensis Brethes, 1913"
development,41.5,Days,TRAIND000489,egg,adult,Aphidius_platensis,"Aphidius platensis Brethes, 1913"
development,41,Days,TRAIND000490,egg,adult,Aphidius_platensis,"Aphidius platensis Brethes, 1913"
development,37,Days,TRAIND000491,egg,adult,Aphidius_platensis,"Aphidius platensis Brethes, 1913"
development,41.5,Days,TRAIND000492,egg,adult,Aphidius_platensis,"Aphidius platensis Brethes, 1913"
development,39.5,Days,TRAIND000493,egg,adult,Aphidius_platensis,"Aphidius platensis Brethes, 1913"
development,40,Days,TRAIND000494,egg,adult,Aphidius_platensis,"Aphidius platensis Brethes, 1913"
development,39,Days,TRAIND000495,egg,adult,Aphidius_platensis,"Aphidius platensis Brethes, 1913"
development,39,Days,TRAIND000496,egg,adult,Aphidius_platensis,"Aphidius platensis Brethes, 1913"
development,40,Days,TRAIND000497,egg,adult,Aphidius_platensis,"Aphidius platensis Brethes, 1913"
development,40.5,Days,TRAIND000498,egg,adult,Aphidius_platensis,"Aphidius platensis Brethes, 1913"
development,38.5,Days,TRAIND000499,egg,adult,Aphidius_platensis,"Aphidius platensis Brethes, 1913"
development,39,Days,TRAIND000500,egg,adult,Aphidius_platensis,"Aphidius platensis Brethes, 1913"
development,36,Days,TRAIND000501,egg,adult,Aphidius_platensis,"Aphidius platensis Brethes, 1913"
development,35.5,Days,TRAIND000502,egg,adult,Aphidius_platensis,"Aphidius platensis Brethes, 1913"
development,35.5,Days,TRAIND000503,egg,adult,Aphidius_platensis,"Aphidius platensis Brethes, 1913"
development,37,Days,TRAIND000504,egg,adult,Aphidius_platensis,"Aphidius platensis Brethes, 1913"
development,38.5,Days,TRAIND000505,egg,adult,Aphidius_platensis,"Aphidius platensis Brethes, 1913"
development,38,Days,TRAIND000506,egg,adult,Aphidius_platensis,"Aphidius platensis Brethes, 1913"
development,38,Days,TRAIND000507,egg,adult,Aphidius_platensis,"Aphidius platensis Brethes, 1913"
development,38,Days,TRAIND000508,egg,adult,Aphidius_platensis,"Aphidius platensis Brethes, 1913"
development,41,Days,TRAIND000509,egg,adult,Aphidius_platensis,"Aphidius platensis Brethes, 1913"
development,41.5,Days,TRAIND000510,egg,adult,Aphidius_platensis,"Aphidius platensis Brethes, 1913"
development,35.5,Days,TRAIND000511,egg,adult,Aphidius_platensis,"Aphidius platensis Brethes, 1913"
development,40.5,Days,TRAIND000512,egg,adult,Aphidius_platensis,"Aphidius platensis Brethes, 1913"
development,38,Days,TRAIND000513,egg,adult,Aphidius_platensis,"Aphidius platensis Brethes, 1913"
development,37,Days,TRAIND000514,egg,adult,Aphidius_platensis,"Aphidius platensis Brethes, 1913"
development,39.5,Days,TRAIND000515,egg,adult,Aphidius_platensis,"Aphidius platensis Brethes, 1913"
development,38,Days,TRAIND000516,egg,adult,Aphidius_platensis,"Aphidius platensis Brethes, 1913"
development,36.5,Days,TRAIND000517,egg,adult,Aphidius_platensis,"Aphidius platensis Brethes, 1913"
development,42,Days,TRAIND000518,egg,adult,Aphidius_platensis,"Aphidius platensis Brethes, 1913"
development,38.5,Days,TRAIND000519,egg,adult,Aphidius_platensis,"Aphidius platensis Brethes, 1913"
development,39.5,Days,TRAIND000520,egg,adult,Aphidius_platensis,"Aphidius platensis Brethes, 1913"
development,38,Days,TRAIND000521,egg,adult,Aphidius_platensis,"Aphidius platensis Brethes, 1913"
development,38,Days,TRAIND000522,egg,adult,Aphidius_platensis,"Aphidius platensis Brethes, 1913"
development,40,Days,TRAIND000523,egg,adult,Aphidius_platensis,"Aphidius platensis Brethes, 1913"
development,41.5,Days,TRAIND000524,egg,adult,Aphidius_platensis,"Aphidius platensis Brethes, 1913"
development,39.5,Days,TRAIND000525,egg,adult,Aphidius_platensis,"Aphidius platensis Brethes, 1913"
development,38,Days,TRAIND000526,egg,adult,Aphidius_platensis,"Aphidius platensis Brethes, 1913"
development,40,Days,TRAIND000527,egg,adult,Aphidius_platensis,"Aphidius platensis Brethes, 1913"
development,39.5,Days,TRAIND000528,egg,adult,Aphidius_platensis,"Aphidius platensis Brethes, 1913"
development,38,Days,TRAIND000529,egg,adult,Aphidius_platensis,"Aphidius platensis Brethes, 1913"
development,"",Days,TRAIND000530,egg,adult,Aphidius_platensis,"Aphidius platensis Brethes, 1913"
development,38,Days,TRAIND000531,egg,adult,Aphidius_platensis,"Aphidius platensis Brethes, 1913"
development,41,Days,TRAIND000532,egg,adult,Aphidius_platensis,"Aphidius platensis Brethes, 1913"
development,38.5,Days,TRAIND000533,egg,adult,Aphidius_platensis,"Aphidius platensis Brethes, 1913"
development,38,Days,TRAIND000534,egg,adult,Aphidius_platensis,"Aphidius platensis Brethes, 1913"
development,36.5,Days,TRAIND000535,egg,adult,Aphidius_platensis,"Aphidius platensis Brethes, 1913"
development,38,Days,TRAIND000536,egg,adult,Aphidius_platensis,"Aphidius platensis Brethes, 1913"
development,38.5,Days,TRAIND000537,egg,adult,Aphidius_platensis,"Aphidius platensis Brethes, 1913"
development,38,Days,TRAIND000538,egg,adult,Aphidius_platensis,"Aphidius platensis Brethes, 1913"
development,36.5,Days,TRAIND000539,egg,adult,Aphidius_platensis,"Aphidius platensis Brethes, 1913"
development,38,Days,TRAIND000540,egg,adult,Aphidius_platensis,"Aphidius platensis Brethes, 1913"
development,"",Days,TRAIND000541,egg,adult,Aphidius_platensis,"Aphidius platensis Brethes, 1913"
development,38,Days,TRAIND000542,egg,adult,Aphidius_platensis,"Aphidius platensis Brethes, 1913"
development,38.5,Days,TRAIND000543,egg,adult,Aphidius_platensis,"Aphidius platensis Brethes, 1913"
development,39,Days,TRAIND000544,egg,adult,Aphidius_platensis,"Aphidius platensis Brethes, 1913"
development,37.5,Days,TRAIND000545,egg,adult,Aphidius_platensis,"Aphidius platensis Brethes, 1913"
development,"",Days,TRAIND000546,egg,adult,Aphidius_platensis,"Aphidius platensis Brethes, 1913"
development,38.5,Days,TRAIND000547,egg,adult,Aphidius_platensis,"Aphidius platensis Brethes, 1913"
development,38.5,Days,TRAIND000548,egg,adult,Aphidius_platensis,"Aphidius platensis Brethes, 1913"
development,40.5,Days,TRAIND000549,egg,adult,Aphidius_platensis,"Aphidius platensis Brethes, 1913"
development,39,Days,TRAIND000550,egg,adult,Aphidius_platensis,"Aphidius platensis Brethes, 1913"
development,38.5,Days,TRAIND000551,egg,adult,Aphidius_platensis,"Aphidius platensis Brethes, 1913"
development,37.5,Days,TRAIND000552,egg,adult,Aphidius_platensis,"Aphidius platensis Brethes, 1913"
development,38,Days,TRAIND000553,egg,adult,Aphidius_platensis,"Aphidius platensis Brethes, 1913"
development,37,Days,TRAIND000554,egg,adult,Aphidius_platensis,"Aphidius platensis Brethes, 1913"
development,35.5,Days,TRAIND000555,egg,adult,Aphidius_platensis,"Aphidius platensis Brethes, 1913"
development,38,Days,TRAIND000556,egg,adult,Aphidius_platensis,"Aphidius platensis Brethes, 1913"
development,38.5,Days,TRAIND000557,egg,adult,Aphidius_platensis,"Aphidius platensis Brethes, 1913"
development,43,Days,TRAIND000558,egg,adult,Aphidius_platensis,"Aphidius platensis Brethes, 1913"
development,39.5,Days,TRAIND000559,egg,adult,Aphidius_platensis,"Aphidius platensis Brethes, 1913"
development,37.5,Days,TRAIND000560,egg,adult,Aphidius_platensis,"Aphidius platensis Brethes, 1913"
development,38,Days,TRAIND000561,egg,adult,Aphidius_platensis,"Aphidius platensis Brethes, 1913"
development,37.5,Days,TRAIND000562,egg,adult,Aphidius_platensis,"Aphidius platensis Brethes, 1913"
development,38,Days,TRAIND000563,egg,adult,Aphidius_platensis,"Aphidius platensis Brethes, 1913"
development,38.5,Days,TRAIND000564,egg,adult,Aphidius_platensis,"Aphidius platensis Brethes, 1913"
development,38,Days,TRAIND000565,egg,adult,Aphidius_platensis,"Aphidius platensis Brethes, 1913"
development,39,Days,TRAIND000566,egg,adult,Aphidius_platensis,"Aphidius platensis Brethes, 1913"
development,37,Days,TRAIND000567,egg,adult,Aphidius_platensis,"Aphidius platensis Brethes, 1913"
development,40.5,Days,TRAIND000568,egg,adult,Aphidius_platensis,"Aphidius platensis Brethes, 1913"
development,35,Days,TRAIND000569,egg,adult,Aphidius_platensis,"Aphidius platensis Brethes, 1913"
development,38.5,Days,TRAIND000570,egg,adult,Aphidius_platensis,"Aphidius platensis Brethes, 1913"
development,38.5,Days,TRAIND000571,egg,adult,Aphidius_platensis,"Aphidius platensis Brethes, 1913"
development,41.5,Days,TRAIND000572,egg,adult,Aphidius_platensis,"Aphidius platensis Brethes, 1913"
development,36,Days,TRAIND000573,egg,adult,Aphidius_platensis,"Aphidius platensis Brethes, 1913"
development,41,Days,TRAIND000574,egg,adult,Aphidius_platensis,"Aphidius platensis Brethes, 1913"
development,37,Days,TRAIND000575,egg,adult,Aphidius_platensis,"Aphidius platensis Brethes, 1913"
development,36.5,Days,TRAIND000576,egg,adult,Aphidius_platensis,"Aphidius platensis Brethes, 1913"
development,36,Days,TRAIND000577,egg,adult,Aphidius_platensis,"Aphidius platensis Brethes, 1913"
development,36,Days,TRAIND000578,egg,adult,Aphidius_platensis,"Aphidius platensis Brethes, 1913"
development,38,Days,TRAIND000579,egg,adult,Aphidius_platensis,"Aphidius platensis Brethes, 1913"
development,38.5,Days,TRAIND000580,egg,adult,Aphidius_platensis,"Aphidius platensis Brethes, 1913"
development,37,Days,TRAIND000581,egg,adult,Aphidius_platensis,"Aphidius platensis Brethes, 1913"
development,40,Days,TRAIND000582,egg,adult,Aphidius_platensis,"Aphidius platensis Brethes, 1913"
development,37.5,Days,TRAIND000583,egg,adult,Aphidius_platensis,"Aphidius platensis Brethes, 1913"
development,38,Days,TRAIND000584,egg,adult,Aphidius_platensis,"Aphidius platensis Brethes, 1913"
development,37.5,Days,TRAIND000585,egg,adult,Aphidius_platensis,"Aphidius platensis Brethes, 1913"
development,38,Days,TRAIND000586,egg,adult,Aphidius_platensis,"Aphidius platensis Brethes, 1913"
development,39.5,Days,TRAIND000587,egg,adult,Aphidius_platensis,"Aphidius platensis Brethes, 1913"
development,38,Days,TRAIND000588,egg,adult,Aphidius_platensis,"Aphidius platensis Brethes, 1913"
development,38.5,Days,TRAIND000589,egg,adult,Aphidius_platensis,"Aphidius platensis Brethes, 1913"
development,39,Days,TRAIND000590,egg,adult,Aphidius_platensis,"Aphidius platensis Brethes, 1913"
development,37.5,Days,TRAIND000591,egg,adult,Aphidius_platensis,"Aphidius platensis Brethes, 1913"
development,35.5,Days,TRAIND000592,egg,adult,Aphidius_platensis,"Aphidius platensis Brethes, 1913"
development,38.5,Days,TRAIND000593,egg,adult,Aphidius_platensis,"Aphidius platensis Brethes, 1913"
development,38.5,Days,TRAIND000594,egg,adult,Aphidius_platensis,"Aphidius platensis Brethes, 1913"
development,37.5,Days,TRAIND000595,egg,adult,Aphidius_platensis,"Aphidius platensis Brethes, 1913"
development,41,Days,TRAIND000596,egg,adult,Aphidius_platensis,"Aphidius platensis Brethes, 1913"
development,"",Days,TRAIND000597,egg,adult,Aphidius_platensis,"Aphidius platensis Brethes, 1913"
development,36,Days,TRAIND000598,egg,adult,Aphidius_platensis,"Aphidius platensis Brethes, 1913"
development,39,Days,TRAIND000599,egg,adult,Aphidius_platensis,"Aphidius platensis Brethes, 1913"
development,37,Days,TRAIND000600,egg,adult,Aphidius_platensis,"Aphidius platensis Brethes, 1913"
development,38.5,Days,TRAIND000601,egg,adult,Aphidius_platensis,"Aphidius platensis Brethes, 1913"
development,37.5,Days,TRAIND000602,egg,adult,Aphidius_platensis,"Aphidius platensis Brethes, 1913"
development,37,Days,TRAIND000603,egg,adult,Aphidius_platensis,"Aphidius platensis Brethes, 1913"
development,38,Days,TRAIND000604,egg,adult,Aphidius_platensis,"Aphidius platensis Brethes, 1913"
development,36,Days,TRAIND000605,egg,adult,Aphidius_platensis,"Aphidius platensis Brethes, 1913"
development,35.5,Days,TRAIND000606,egg,adult,Aphidius_platensis,"Aphidius platensis Brethes, 1913"
development,39,Days,TRAIND000607,egg,adult,Aphidius_platensis,"Aphidius platensis Brethes, 1913"
development,35.5,Days,TRAIND000608,egg,adult,Aphidius_platensis,"Aphidius platensis Brethes, 1913"
development,38.5,Days,TRAIND000609,egg,adult,Aphidius_platensis,"Aphidius platensis Brethes, 1913"
development,38,Days,TRAIND000610,egg,adult,Aphidius_platensis,"Aphidius platensis Brethes, 1913"
development,40.5,Days,TRAIND000611,egg,adult,Aphidius_platensis,"Aphidius platensis Brethes, 1913"
development,"",Days,TRAIND000612,egg,adult,Aphidius_platensis,"Aphidius platensis Brethes, 1913"
development,"",Days,TRAIND000613,egg,adult,Aphidius_platensis,"Aphidius platensis Brethes, 1913"
development,38,Days,TRAIND000614,egg,adult,Aphidius_platensis,"Aphidius platensis Brethes, 1913"
development,36.5,Days,TRAIND000615,egg,adult,Aphidius_platensis,"Aphidius platensis Brethes, 1913"
development,40,Days,TRAIND000616,egg,adult,Aphidius_platensis,"Aphidius platensis Brethes, 1913"
development,37,Days,TRAIND000617,egg,adult,Aphidius_platensis,"Aphidius platensis Brethes, 1913"
development,38.5,Days,TRAIND000618,egg,adult,Aphidius_platensis,"Aphidius platensis Brethes, 1913"
development,37,Days,TRAIND000619,egg,adult,Aphidius_platensis,"Aphidius platensis Brethes, 1913"
development,38,Days,TRAIND000620,egg,adult,Aphidius_platensis,"Aphidius platensis Brethes, 1913"
development,38.5,Days,TRAIND000621,egg,adult,Aphidius_platensis,"Aphidius platensis Brethes, 1913"
development,37,Days,TRAIND000622,egg,adult,Aphidius_platensis,"Aphidius platensis Brethes, 1913"
development,38.5,Days,TRAIND000623,egg,adult,Aphidius_platensis,"Aphidius platensis Brethes, 1913"
development,40.5,Days,TRAIND000624,egg,adult,Aphidius_platensis,"Aphidius platensis Brethes, 1913"
development,41,Days,TRAIND000625,egg,adult,Aphidius_platensis,"Aphidius platensis Brethes, 1913"
development,39,Days,TRAIND000626,egg,adult,Aphidius_platensis,"Aphidius platensis Brethes, 1913"
development,40,Days,TRAIND000627,egg,adult,Aphidius_platensis,"Aphidius platensis Brethes, 1913"
development,36,Days,TRAIND000628,egg,adult,Aphidius_platensis,"Aphidius platensis Brethes, 1913"
development,36,Days,TRAIND000629,egg,adult,Aphidius_platensis,"Aphidius platensis Brethes, 1913"
development,39.5,Days,TRAIND000630,egg,adult,Aphidius_platensis,"Aphidius platensis Brethes, 1913"
development,39.5,Days,TRAIND000631,egg,adult,Aphidius_platensis,"Aphidius platensis Brethes, 1913"
development,36.5,Days,TRAIND000632,egg,adult,Aphidius_platensis,"Aphidius platensis Brethes, 1913"
development,36.5,Days,TRAIND000633,egg,adult,Aphidius_platensis,"Aphidius platensis Brethes, 1913"
development,37,Days,TRAIND000634,egg,adult,Aphidius_platensis,"Aphidius platensis Brethes, 1913"
development,38,Days,TRAIND000635,egg,adult,Aphidius_platensis,"Aphidius platensis Brethes, 1913"
development,38,Days,TRAIND000636,egg,adult,Aphidius_platensis,"Aphidius platensis Brethes, 1913"
development,"",Days,TRAIND000637,egg,adult,Aphidius_platensis,"Aphidius platensis Brethes, 1913"
development,38.5,Days,TRAIND000638,egg,adult,Aphidius_platensis,"Aphidius platensis Brethes, 1913"
development,38.5,Days,TRAIND000639,egg,adult,Aphidius_platensis,"Aphidius platensis Brethes, 1913"
development,38,Days,TRAIND000640,egg,adult,Aphidius_platensis,"Aphidius platensis Brethes, 1913"
development,"",Days,TRAIND000641,egg,adult,Aphidius_platensis,"Aphidius platensis Brethes, 1913"
development,36,Days,TRAIND000642,egg,adult,Aphidius_platensis,"Aphidius platensis Brethes, 1913"
development,37,Days,TRAIND000643,egg,adult,Aphidius_platensis,"Aphidius platensis Brethes, 1913"
development,37.5,Days,TRAIND000644,egg,adult,Aphidius_platensis,"Aphidius platensis Brethes, 1913"
development,38,Days,TRAIND000645,egg,adult,Aphidius_platensis,"Aphidius platensis Brethes, 1913"
development,"",Days,TRAIND000646,egg,adult,Aphidius_platensis,"Aphidius platensis Brethes, 1913"
development,36.5,Days,TRAIND000647,egg,adult,Aphidius_platensis,"Aphidius platensis Brethes, 1913"
development,41,Days,TRAIND000648,egg,adult,Aphidius_platensis,"Aphidius platensis Brethes, 1913"
development,37.5,Days,TRAIND000649,egg,adult,Aphidius_platensis,"Aphidius platensis Brethes, 1913"
development,36,Days,TRAIND000650,egg,adult,Aphidius_platensis,"Aphidius platensis Brethes, 1913"
development,36,Days,TRAIND000651,egg,adult,Aphidius_platensis,"Aphidius platensis Brethes, 1913"
development,"",Days,TRAIND000652,egg,adult,Aphidius_platensis,"Aphidius platensis Brethes, 1913"
development,36.5,Days,TRAIND000653,egg,adult,Aphidius_platensis,"Aphidius platensis Brethes, 1913"
development,37,Days,TRAIND000654,egg,adult,Aphidius_platensis,"Aphidius platensis Brethes, 1913"
development,36.5,Days,TRAIND000655,egg,adult,Aphidius_platensis,"Aphidius platensis Brethes, 1913"
development,37,Days,TRAIND000656,egg,adult,Aphidius_platensis,"Aphidius platensis Brethes, 1913"
development,36.5,Days,TRAIND000657,egg,adult,Aphidius_platensis,"Aphidius platensis Brethes, 1913"
development,36.5,Days,TRAIND000658,egg,adult,Aphidius_platensis,"Aphidius platensis Brethes, 1913"
development,37,Days,TRAIND000659,egg,adult,Aphidius_platensis,"Aphidius platensis Brethes, 1913"
development,"",Days,TRAIND000660,egg,adult,Aphidius_platensis,"Aphidius platensis Brethes, 1913"
development,37,Days,TRAIND000661,egg,adult,Aphidius_platensis,"Aphidius platensis Brethes, 1913"
development,37.5,Days,TRAIND000662,egg,adult,Aphidius_platensis,"Aphidius platensis Brethes, 1913"
development,39,Days,TRAIND000663,egg,adult,Aphidius_platensis,"Aphidius platensis Brethes, 1913"
development,42.5,Days,TRAIND000664,egg,adult,Aphidius_platensis,"Aphidius platensis Brethes, 1913"
development,40,Days,TRAIND000665,egg,adult,Aphidius_platensis,"Aphidius platensis Brethes, 1913"
development,40,Days,TRAIND000666,egg,adult,Aphidius_platensis,"Aphidius platensis Brethes, 1913"
development,36.5,Days,TRAIND000667,egg,adult,Aphidius_platensis,"Aphidius platensis Brethes, 1913"
development,39,Days,TRAIND000668,egg,adult,Aphidius_platensis,"Aphidius platensis Brethes, 1913"
development,39,Days,TRAIND000669,egg,adult,Aphidius_platensis,"Aphidius platensis Brethes, 1913"
development,37.5,Days,TRAIND000670,egg,adult,Aphidius_platensis,"Aphidius platensis Brethes, 1913"
development,37.5,Days,TRAIND000671,egg,adult,Aphidius_platensis,"Aphidius platensis Brethes, 1913"
development,37.5,Days,TRAIND000672,egg,adult,Aphidius_platensis,"Aphidius platensis Brethes, 1913"
development,36,Days,TRAIND000673,egg,adult,Aphidius_platensis,"Aphidius platensis Brethes, 1913"
development,38,Days,TRAIND000674,egg,adult,Aphidius_platensis,"Aphidius platensis Brethes, 1913"
development,38,Days,TRAIND000675,egg,adult,Aphidius_platensis,"Aphidius platensis Brethes, 1913"
development,38.5,Days,TRAIND000676,egg,adult,Aphidius_platensis,"Aphidius platensis Brethes, 1913"
development,36.5,Days,TRAIND000677,egg,adult,Aphidius_platensis,"Aphidius platensis Brethes, 1913"
development,35.5,Days,TRAIND000678,egg,adult,Aphidius_platensis,"Aphidius platensis Brethes, 1913"
development,"",Days,TRAIND000679,egg,adult,Aphidius_platensis,"Aphidius platensis Brethes, 1913"
development,"",Days,TRAIND000680,egg,adult,Aphidius_platensis,"Aphidius platensis Brethes, 1913"
development,36,Days,TRAIND000681,egg,adult,Aphidius_platensis,"Aphidius platensis Brethes, 1913"
development,40,Days,TRAIND000682,egg,adult,Aphidius_platensis,"Aphidius platensis Brethes, 1913"
development,38,Days,TRAIND000683,egg,adult,Aphidius_platensis,"Aphidius platensis Brethes, 1913"
development,37.5,Days,TRAIND000684,egg,adult,Aphidius_platensis,"Aphidius platensis Brethes, 1913"
development,39.5,Days,TRAIND000685,egg,adult,Aphidius_platensis,"Aphidius platensis Brethes, 1913"
development,38,Days,TRAIND000686,egg,adult,Aphidius_platensis,"Aphidius platensis Brethes, 1913"
development,40.5,Days,TRAIND000687,egg,adult,Aphidius_platensis,"Aphidius platensis Brethes, 1913"
development,36,Days,TRAIND000688,egg,adult,Aphidius_platensis,"Aphidius platensis Brethes, 1913"
development,39,Days,TRAIND000689,egg,adult,Aphidius_platensis,"Aphidius platensis Brethes, 1913"
development,39.5,Days,TRAIND000690,egg,adult,Aphidius_platensis,"Aphidius platensis Brethes, 1913"
development,37.5,Days,TRAIND000691,egg,adult,Aphidius_platensis,"Aphidius platensis Brethes, 1913"
development,37,Days,TRAIND000692,egg,adult,Aphidius_platensis,"Aphidius platensis Brethes, 1913"
development,38,Days,TRAIND000693,egg,adult,Aphidius_platensis,"Aphidius platensis Brethes, 1913"
development,36.5,Days,TRAIND000694,egg,adult,Aphidius_platensis,"Aphidius platensis Brethes, 1913"
development,38.5,Days,TRAIND000695,egg,adult,Aphidius_platensis,"Aphidius platensis Brethes, 1913"
development,39.5,Days,TRAIND000696,egg,adult,Aphidius_platensis,"Aphidius platensis Brethes, 1913"
development,38,Days,TRAIND000697,egg,adult,Aphidius_platensis,"Aphidius platensis Brethes, 1913"
development,37.5,Days,TRAIND000698,egg,adult,Aphidius_platensis,"Aphidius platensis Brethes, 1913"
development,"",Days,TRAIND000699,egg,adult,Aphidius_platensis,"Aphidius platensis Brethes, 1913"
development,36.5,Days,TRAIND000700,egg,adult,Aphidius_platensis,"Aphidius platensis Brethes, 1913"
development,37,Days,TRAIND000701,egg,adult,Aphidius_platensis,"Aphidius platensis Brethes, 1913"
development,"",Days,TRAIND000702,egg,adult,Aphidius_platensis,"Aphidius platensis Brethes, 1913"
development,40.5,Days,TRAIND000703,egg,adult,Aphidius_platensis,"Aphidius platensis Brethes, 1913"
development,36,Days,TRAIND000704,egg,adult,Aphidius_platensis,"Aphidius platensis Brethes, 1913"
development,39,Days,TRAIND000705,egg,adult,Aphidius_platensis,"Aphidius platensis Brethes, 1913"
development,35.5,Days,TRAIND000706,egg,adult,Aphidius_platensis,"Aphidius platensis Brethes, 1913"
development,37.5,Days,TRAIND000707,egg,adult,Aphidius_platensis,"Aphidius platensis Brethes, 1913"
development,36,Days,TRAIND000708,egg,adult,Aphidius_platensis,"Aphidius platensis Brethes, 1913"
development,39.5,Days,TRAIND000709,egg,adult,Aphidius_platensis,"Aphidius platensis Brethes, 1913"
development,39.5,Days,TRAIND000710,egg,adult,Aphidius_platensis,"Aphidius platensis Brethes, 1913"
development,37.5,Days,TRAIND000711,egg,adult,Aphidius_platensis,"Aphidius platensis Brethes, 1913"
development,37,Days,TRAIND000712,egg,adult,Aphidius_platensis,"Aphidius platensis Brethes, 1913"
development,40.5,Days,TRAIND000713,egg,adult,Aphidius_platensis,"Aphidius platensis Brethes, 1913"
development,41.5,Days,TRAIND000714,egg,adult,Aphidius_platensis,"Aphidius platensis Brethes, 1913"
development,39,Days,TRAIND000715,egg,adult,Aphidius_platensis,"Aphidius platensis Brethes, 1913"
development,"",Days,TRAIND000716,egg,adult,Aphidius_platensis,"Aphidius platensis Brethes, 1913"
development,35.5,Days,TRAIND000717,egg,adult,Aphidius_platensis,"Aphidius platensis Brethes, 1913"
development,35,Days,TRAIND000718,egg,adult,Aphidius_platensis,"Aphidius platensis Brethes, 1913"
development,36,Days,TRAIND000719,egg,adult,Aphidius_platensis,"Aphidius platensis Brethes, 1913"
development,39,Days,TRAIND000720,egg,adult,Aphidius_platensis,"Aphidius platensis Brethes, 1913"
development,37,Days,TRAIND000721,egg,adult,Aphidius_platensis,"Aphidius platensis Brethes, 1913"
development,38,Days,TRAIND000722,egg,adult,Aphidius_platensis,"Aphidius platensis Brethes, 1913"
development,36,Days,TRAIND000723,egg,adult,Aphidius_platensis,"Aphidius platensis Brethes, 1913"
development,42,Days,TRAIND000724,egg,adult,Aphidius_platensis,"Aphidius platensis Brethes, 1913"
development,38,Days,TRAIND000725,egg,adult,Aphidius_platensis,"Aphidius platensis Brethes, 1913"
development,36.5,Days,TRAIND000726,egg,adult,Aphidius_platensis,"Aphidius platensis Brethes, 1913"
development,40.5,Days,TRAIND000727,egg,adult,Aphidius_platensis,"Aphidius platensis Brethes, 1913"
development,38.5,Days,TRAIND000728,egg,adult,Aphidius_platensis,"Aphidius platensis Brethes, 1913"
development,37,Days,TRAIND000729,egg,adult,Aphidius_platensis,"Aphidius platensis Brethes, 1913"
development,37.5,Days,TRAIND000730,egg,adult,Aphidius_platensis,"Aphidius platensis Brethes, 1913"
development,38.5,Days,TRAIND000731,egg,adult,Aphidius_platensis,"Aphidius platensis Brethes, 1913"
development,"",Days,TRAIND000732,egg,adult,Aphidius_platensis,"Aphidius platensis Brethes, 1913"
development,39.5,Days,TRAIND000733,egg,adult,Aphidius_platensis,"Aphidius platensis Brethes, 1913"
development,"",Days,TRAIND000734,egg,adult,Aphidius_platensis,"Aphidius platensis Brethes, 1913"
development,37.5,Days,TRAIND000735,egg,adult,Aphidius_platensis,"Aphidius platensis Brethes, 1913"
development,38,Days,TRAIND000736,egg,adult,Aphidius_platensis,"Aphidius platensis Brethes, 1913"
development,41.5,Days,TRAIND000737,egg,adult,Aphidius_platensis,"Aphidius platensis Brethes, 1913"
development,35,Days,TRAIND000738,egg,adult,Aphidius_platensis,"Aphidius platensis Brethes, 1913"
development,38.5,Days,TRAIND000739,egg,adult,Aphidius_platensis,"Aphidius platensis Brethes, 1913"
development,40,Days,TRAIND000740,egg,adult,Aphidius_platensis,"Aphidius platensis Brethes, 1913"
development,38,Days,TRAIND000741,egg,adult,Aphidius_platensis,"Aphidius platensis Brethes, 1913"
development,40,Days,TRAIND000742,egg,adult,Aphidius_platensis,"Aphidius platensis Brethes, 1913"
development,37,Days,TRAIND000743,egg,adult,Aphidius_platensis,"Aphidius platensis Brethes, 1913"
development,38.5,Days,TRAIND000744,egg,adult,Aphidius_platensis,"Aphidius platensis Brethes, 1913"
development,36.5,Days,TRAIND000745,egg,adult,Aphidius_platensis,"Aphidius platensis Brethes, 1913"
development,37,Days,TRAIND000746,egg,adult,Aphidius_platensis,"Aphidius platensis Brethes, 1913"
development,41,Days,TRAIND000747,egg,adult,Aphidius_platensis,"Aphidius platensis Brethes, 1913"
development,38.5,Days,TRAIND000748,egg,adult,Aphidius_platensis,"Aphidius platensis Brethes, 1913"
development,37.5,Days,TRAIND000749,egg,adult,Aphidius_platensis,"Aphidius platensis Brethes, 1913"
development,38,Days,TRAIND000750,egg,adult,Aphidius_platensis,"Aphidius platensis Brethes, 1913"
development,38,Days,TRAIND000751,egg,adult,Aphidius_platensis,"Aphidius platensis Brethes, 1913"
development,38,Days,TRAIND000752,egg,adult,Aphidius_platensis,"Aphidius platensis Brethes, 1913"
development,37,Days,TRAIND000753,egg,adult,Aphidius_platensis,"Aphidius platensis Brethes, 1913"
development,42.5,Days,TRAIND000754,egg,adult,Aphidius_platensis,"Aphidius platensis Brethes, 1913"
development,37,Days,TRAIND000755,egg,adult,Aphidius_platensis,"Aphidius platensis Brethes, 1913"
development,37,Days,TRAIND000756,egg,adult,Aphidius_platensis,"Aphidius platensis Brethes, 1913"
development,40,Days,TRAIND000757,egg,adult,Aphidius_platensis,"Aphidius platensis Brethes, 1913"
development,38.5,Days,TRAIND000758,egg,adult,Aphidius_platensis,"Aphidius platensis Brethes, 1913"
development,37,Days,TRAIND000759,egg,adult,Aphidius_platensis,"Aphidius platensis Brethes, 1913"
development,37.5,Days,TRAIND000760,egg,adult,Aphidius_platensis,"Aphidius platensis Brethes, 1913"
development,39,Days,TRAIND000761,egg,adult,Aphidius_platensis,"Aphidius platensis Brethes, 1913"
development,37.5,Days,TRAIND000762,egg,adult,Aphidius_platensis,"Aphidius platensis Brethes, 1913"
development,39.5,Days,TRAIND000763,egg,adult,Aphidius_platensis,"Aphidius platensis Brethes, 1913"
development,39,Days,TRAIND000764,egg,adult,Aphidius_platensis,"Aphidius platensis Brethes, 1913"
development,38.5,Days,TRAIND000765,egg,adult,Aphidius_platensis,"Aphidius platensis Brethes, 1913"
development,39,Days,TRAIND000766,egg,adult,Aphidius_platensis,"Aphidius platensis Brethes, 1913"
development,40,Days,TRAIND000767,egg,adult,Aphidius_platensis,"Aphidius platensis Brethes, 1913"
development,37,Days,TRAIND000768,egg,adult,Aphidius_platensis,"Aphidius platensis Brethes, 1913"
development,"",Days,TRAIND000769,egg,adult,Aphidius_platensis,"Aphidius platensis Brethes, 1913"
development,38,Days,TRAIND000770,egg,adult,Aphidius_platensis,"Aphidius platensis Brethes, 1913"
development,41,Days,TRAIND000771,egg,adult,Aphidius_platensis,"Aphidius platensis Brethes, 1913"
development,38.5,Days,TRAIND000772,egg,adult,Aphidius_platensis,"Aphidius platensis Brethes, 1913"
development,38.5,Days,TRAIND000773,egg,adult,Aphidius_platensis,"Aphidius platensis Brethes, 1913"
development,"",Days,TRAIND000774,egg,adult,Aphidius_platensis,"Aphidius platensis Brethes, 1913"
development,38.5,Days,TRAIND000775,egg,adult,Aphidius_platensis,"Aphidius platensis Brethes, 1913"
development,38,Days,TRAIND000776,egg,adult,Aphidius_platensis,"Aphidius platensis Brethes, 1913"
development,38.5,Days,TRAIND000777,egg,adult,Aphidius_platensis,"Aphidius platensis Brethes, 1913"
development,36.5,Days,TRAIND000778,egg,adult,Aphidius_platensis,"Aphidius platensis Brethes, 1913"
development,40.5,Days,TRAIND000779,egg,adult,Aphidius_platensis,"Aphidius platensis Brethes, 1913"
development,"",Days,TRAIND000780,egg,adult,Aphidius_platensis,"Aphidius platensis Brethes, 1913"
development,39,Days,TRAIND000781,egg,adult,Aphidius_platensis,"Aphidius platensis Brethes, 1913"
development,39,Days,TRAIND000782,egg,adult,Aphidius_platensis,"Aphidius platensis Brethes, 1913"
development,39.5,Days,TRAIND000783,egg,adult,Aphidius_platensis,"Aphidius platensis Brethes, 1913"
development,41,Days,TRAIND000784,egg,adult,Aphidius_platensis,"Aphidius platensis Brethes, 1913"
development,40.5,Days,TRAIND000785,egg,adult,Aphidius_platensis,"Aphidius platensis Brethes, 1913"
development,40.5,Days,TRAIND000786,egg,adult,Aphidius_platensis,"Aphidius platensis Brethes, 1913"
development,40.5,Days,TRAIND000787,egg,adult,Aphidius_platensis,"Aphidius platensis Brethes, 1913"
development,41,Days,TRAIND000788,egg,adult,Aphidius_platensis,"Aphidius platensis Brethes, 1913"
development,39.5,Days,TRAIND000789,egg,adult,Aphidius_platensis,"Aphidius platensis Brethes, 1913"
development,41,Days,TRAIND000790,egg,adult,Aphidius_platensis,"Aphidius platensis Brethes, 1913"
development,42,Days,TRAIND000791,egg,adult,Aphidius_platensis,"Aphidius platensis Brethes, 1913"
development,40,Days,TRAIND000792,egg,adult,Aphidius_platensis,"Aphidius platensis Brethes, 1913"
development,42,Days,TRAIND000793,egg,adult,Aphidius_platensis,"Aphidius platensis Brethes, 1913"
development,40.5,Days,TRAIND000794,egg,adult,Aphidius_platensis,"Aphidius platensis Brethes, 1913"
development,42.5,Days,TRAIND000795,egg,adult,Aphidius_platensis,"Aphidius platensis Brethes, 1913"
development,40,Days,TRAIND000796,egg,adult,Aphidius_platensis,"Aphidius platensis Brethes, 1913"
development,"",Days,TRAIND000797,egg,adult,Aphidius_platensis,"Aphidius platensis Brethes, 1913"
development,"",Days,TRAIND000798,egg,adult,Aphidius_platensis,"Aphidius platensis Brethes, 1913"
development,40.5,Days,TRAIND000799,egg,adult,Aphidius_platensis,"Aphidius platensis Brethes, 1913"
development,38,Days,TRAIND000800,egg,adult,Aphidius_platensis,"Aphidius platensis Brethes, 1913"
development,38,Days,TRAIND000801,egg,adult,Aphidius_platensis,"Aphidius platensis Brethes, 1913"
development,36.5,Days,TRAIND000802,egg,adult,Aphidius_platensis,"Aphidius platensis Brethes, 1913"
development,36,Days,TRAIND000803,egg,adult,Aphidius_platensis,"Aphidius platensis Brethes, 1913"
development,38,Days,TRAIND000804,egg,adult,Aphidius_platensis,"Aphidius platensis Brethes, 1913"
development,40,Days,TRAIND000805,egg,adult,Aphidius_platensis,"Aphidius platensis Brethes, 1913"
development,39.5,Days,TRAIND000806,egg,adult,Aphidius_platensis,"Aphidius platensis Brethes, 1913"
development,41,Days,TRAIND000807,egg,adult,Aphidius_platensis,"Aphidius platensis Brethes, 1913"
development,38.5,Days,TRAIND000808,egg,adult,Aphidius_platensis,"Aphidius platensis Brethes, 1913"
development,38.5,Days,TRAIND000809,egg,adult,Aphidius_platensis,"Aphidius platensis Brethes, 1913"
development,39.5,Days,TRAIND000810,egg,adult,Aphidius_platensis,"Aphidius platensis Brethes, 1913"
development,46,Days,TRAIND000811,egg,adult,Aphidius_platensis,"Aphidius platensis Brethes, 1913"
development,"",Days,TRAIND000812,egg,adult,Aphidius_platensis,"Aphidius platensis Brethes, 1913"
development,37,Days,TRAIND000813,egg,adult,Aphidius_platensis,"Aphidius platensis Brethes, 1913"
development,37.5,Days,TRAIND000814,egg,adult,Aphidius_platensis,"Aphidius platensis Brethes, 1913"
development,37,Days,TRAIND000815,egg,adult,Aphidius_platensis,"Aphidius platensis Brethes, 1913"
development,44.5,Days,TRAIND000816,egg,adult,Aphidius_platensis,"Aphidius platensis Brethes, 1913"
development,39,Days,TRAIND000817,egg,adult,Aphidius_platensis,"Aphidius platensis Brethes, 1913"
development,37.5,Days,TRAIND000818,egg,adult,Aphidius_platensis,"Aphidius platensis Brethes, 1913"
development,39,Days,TRAIND000819,egg,adult,Aphidius_platensis,"Aphidius platensis Brethes, 1913"
development,41,Days,TRAIND000820,egg,adult,Aphidius_platensis,"Aphidius platensis Brethes, 1913"
development,38.5,Days,TRAIND000821,egg,adult,Aphidius_platensis,"Aphidius platensis Brethes, 1913"
development,39,Days,TRAIND000822,egg,adult,Aphidius_platensis,"Aphidius platensis Brethes, 1913"
development,38.5,Days,TRAIND000823,egg,adult,Aphidius_platensis,"Aphidius platensis Brethes, 1913"
development,38,Days,TRAIND000824,egg,adult,Aphidius_platensis,"Aphidius platensis Brethes, 1913"
development,40.5,Days,TRAIND000825,egg,adult,Aphidius_platensis,"Aphidius platensis Brethes, 1913"
development,38.5,Days,TRAIND000826,egg,adult,Aphidius_platensis,"Aphidius platensis Brethes, 1913"
development,39,Days,TRAIND000827,egg,adult,Aphidius_platensis,"Aphidius platensis Brethes, 1913"
development,"",Days,TRAIND000828,egg,adult,Aphidius_platensis,"Aphidius platensis Brethes, 1913"
development,38,Days,TRAIND000829,egg,adult,Aphidius_platensis,"Aphidius platensis Brethes, 1913"
development,38.5,Days,TRAIND000830,egg,adult,Aphidius_platensis,"Aphidius platensis Brethes, 1913"
development,38.5,Days,TRAIND000831,egg,adult,Aphidius_platensis,"Aphidius platensis Brethes, 1913"
development,40.5,Days,TRAIND000832,egg,adult,Aphidius_platensis,"Aphidius platensis Brethes, 1913"
development,44,Days,TRAIND000833,egg,adult,Aphidius_platensis,"Aphidius platensis Brethes, 1913"
development,38.5,Days,TRAIND000834,egg,adult,Aphidius_platensis,"Aphidius platensis Brethes, 1913"
development,38,Days,TRAIND000835,egg,adult,Aphidius_platensis,"Aphidius platensis Brethes, 1913"
development,38.5,Days,TRAIND000836,egg,adult,Aphidius_platensis,"Aphidius platensis Brethes, 1913"
development,38.5,Days,TRAIND000837,egg,adult,Aphidius_platensis,"Aphidius platensis Brethes, 1913"
development,38.5,Days,TRAIND000838,egg,adult,Aphidius_platensis,"Aphidius platensis Brethes, 1913"
development,38,Days,TRAIND000839,egg,adult,Aphidius_platensis,"Aphidius platensis Brethes, 1913"
development,39,Days,TRAIND000840,egg,adult,Aphidius_platensis,"Aphidius platensis Brethes, 1913"
development,40,Days,TRAIND000841,egg,adult,Aphidius_platensis,"Aphidius platensis Brethes, 1913"
development,42.5,Days,TRAIND000842,egg,adult,Aphidius_platensis,"Aphidius platensis Brethes, 1913"
development,45.5,Days,TRAIND000843,egg,adult,Aphidius_platensis,"Aphidius platensis Brethes, 1913"
development,36,Days,TRAIND000844,egg,adult,Aphidius_platensis,"Aphidius platensis Brethes, 1913"
development,37.5,Days,TRAIND000845,egg,adult,Aphidius_platensis,"Aphidius platensis Brethes, 1913"
development,36,Days,TRAIND000846,egg,adult,Aphidius_platensis,"Aphidius platensis Brethes, 1913"
development,36.5,Days,TRAIND000847,egg,adult,Aphidius_platensis,"Aphidius platensis Brethes, 1913"
development,41.5,Days,TRAIND000848,egg,adult,Aphidius_platensis,"Aphidius platensis Brethes, 1913"
development,37.5,Days,TRAIND000849,egg,adult,Aphidius_platensis,"Aphidius platensis Brethes, 1913"
development,37.5,Days,TRAIND000850,egg,adult,Aphidius_platensis,"Aphidius platensis Brethes, 1913"
development,37.5,Days,TRAIND000851,egg,adult,Aphidius_platensis,"Aphidius platensis Brethes, 1913"
development,44,Days,TRAIND000852,egg,adult,Aphidius_platensis,"Aphidius platensis Brethes, 1913"
development,39,Days,TRAIND000853,egg,adult,Aphidius_platensis,"Aphidius platensis Brethes, 1913"
development,37.5,Days,TRAIND000854,egg,adult,Aphidius_platensis,"Aphidius platensis Brethes, 1913"
development,36,Days,TRAIND000855,egg,adult,Aphidius_platensis,"Aphidius platensis Brethes, 1913"
development,36,Days,TRAIND000856,egg,adult,Aphidius_platensis,"Aphidius platensis Brethes, 1913"
development,36.5,Days,TRAIND000857,egg,adult,Aphidius_platensis,"Aphidius platensis Brethes, 1913"
development,37,Days,TRAIND000858,egg,adult,Aphidius_platensis,"Aphidius platensis Brethes, 1913"
development,38,Days,TRAIND000859,egg,adult,Aphidius_platensis,"Aphidius platensis Brethes, 1913"
development,38,Days,TRAIND000860,egg,adult,Aphidius_platensis,"Aphidius platensis Brethes, 1913"
development,"",Days,TRAIND000861,egg,adult,Aphidius_platensis,"Aphidius platensis Brethes, 1913"
development,37,Days,TRAIND000862,egg,adult,Aphidius_platensis,"Aphidius platensis Brethes, 1913"
development,41,Days,TRAIND000863,egg,adult,Aphidius_platensis,"Aphidius platensis Brethes, 1913"
development,43,Days,TRAIND000864,egg,adult,Aphidius_platensis,"Aphidius platensis Brethes, 1913"
development,36,Days,TRAIND000865,egg,adult,Aphidius_platensis,"Aphidius platensis Brethes, 1913"
development,35.5,Days,TRAIND000866,egg,adult,Aphidius_platensis,"Aphidius platensis Brethes, 1913"
development,36,Days,TRAIND000867,egg,adult,Aphidius_platensis,"Aphidius platensis Brethes, 1913"
development,38.5,Days,TRAIND000868,egg,adult,Aphidius_platensis,"Aphidius platensis Brethes, 1913"
development,44.5,Days,TRAIND000869,egg,adult,Aphidius_platensis,"Aphidius platensis Brethes, 1913"
development,37,Days,TRAIND000870,egg,adult,Aphidius_platensis,"Aphidius platensis Brethes, 1913"
development,42.5,Days,TRAIND000871,egg,adult,Aphidius_platensis,"Aphidius platensis Brethes, 1913"
development,38.5,Days,TRAIND000872,egg,adult,Aphidius_platensis,"Aphidius platensis Brethes, 1913"
development,37,Days,TRAIND000873,egg,adult,Aphidius_platensis,"Aphidius platensis Brethes, 1913"
development,39.5,Days,TRAIND000874,egg,adult,Aphidius_platensis,"Aphidius platensis Brethes, 1913"
development,38,Days,TRAIND000875,egg,adult,Aphidius_platensis,"Aphidius platensis Brethes, 1913"
development,39,Days,TRAIND000876,egg,adult,Aphidius_platensis,"Aphidius platensis Brethes, 1913"
development,39,Days,TRAIND000877,egg,adult,Aphidius_platensis,"Aphidius platensis Brethes, 1913"
development,37.5,Days,TRAIND000878,egg,adult,Aphidius_platensis,"Aphidius platensis Brethes, 1913"
development,36.5,Days,TRAIND000879,egg,adult,Aphidius_platensis,"Aphidius platensis Brethes, 1913"
development,37,Days,TRAIND000880,egg,adult,Aphidius_platensis,"Aphidius platensis Brethes, 1913"
development,38,Days,TRAIND000881,egg,adult,Aphidius_platensis,"Aphidius platensis Brethes, 1913"
development,37,Days,TRAIND000882,egg,adult,Aphidius_platensis,"Aphidius platensis Brethes, 1913"
development,37.5,Days,TRAIND000883,egg,adult,Aphidius_platensis,"Aphidius platensis Brethes, 1913"
development,42,Days,TRAIND000884,egg,adult,Aphidius_platensis,"Aphidius platensis Brethes, 1913"
development,40,Days,TRAIND000885,egg,adult,Aphidius_platensis,"Aphidius platensis Brethes, 1913"
development,39,Days,TRAIND000886,egg,adult,Aphidius_platensis,"Aphidius platensis Brethes, 1913"
development,41,Days,TRAIND000887,egg,adult,Aphidius_platensis,"Aphidius platensis Brethes, 1913"
development,44,Days,TRAIND000888,egg,adult,Aphidius_platensis,"Aphidius platensis Brethes, 1913"
development,41.5,Days,TRAIND000889,egg,adult,Aphidius_platensis,"Aphidius platensis Brethes, 1913"
development,39,Days,TRAIND000890,egg,adult,Aphidius_platensis,"Aphidius platensis Brethes, 1913"
development,36.5,Days,TRAIND000891,egg,adult,Aphidius_platensis,"Aphidius platensis Brethes, 1913"
development,36,Days,TRAIND000892,egg,adult,Aphidius_platensis,"Aphidius platensis Brethes, 1913"
development,36.5,Days,TRAIND000893,egg,adult,Aphidius_platensis,"Aphidius platensis Brethes, 1913"
development,39,Days,TRAIND000894,egg,adult,Aphidius_platensis,"Aphidius platensis Brethes, 1913"
development,37.5,Days,TRAIND000895,egg,adult,Aphidius_platensis,"Aphidius platensis Brethes, 1913"
development,40.5,Days,TRAIND000896,egg,adult,Aphidius_platensis,"Aphidius platensis Brethes, 1913"
development,"",Days,TRAIND000897,egg,adult,Aphidius_platensis,"Aphidius platensis Brethes, 1913"
development,36,Days,TRAIND000898,egg,adult,Aphidius_platensis,"Aphidius platensis Brethes, 1913"
development,36.5,Days,TRAIND000899,egg,adult,Aphidius_platensis,"Aphidius platensis Brethes, 1913"
development,"",Days,TRAIND000900,egg,adult,Aphidius_platensis,"Aphidius platensis Brethes, 1913"
development,41.5,Days,TRAIND000901,egg,adult,Aphidius_platensis,"Aphidius platensis Brethes, 1913"
development,37,Days,TRAIND000902,egg,adult,Aphidius_platensis,"Aphidius platensis Brethes, 1913"
development,"",Days,TRAIND000903,egg,adult,Aphidius_platensis,"Aphidius platensis Brethes, 1913"
development,36,Days,TRAIND000904,egg,adult,Aphidius_platensis,"Aphidius platensis Brethes, 1913"
development,36.5,Days,TRAIND000905,egg,adult,Aphidius_platensis,"Aphidius platensis Brethes, 1913"
development,36,Days,TRAIND000906,egg,adult,Aphidius_platensis,"Aphidius platensis Brethes, 1913"
development,36.5,Days,TRAIND000907,egg,adult,Aphidius_platensis,"Aphidius platensis Brethes, 1913"
development,40,Days,TRAIND000908,egg,adult,Aphidius_platensis,"Aphidius platensis Brethes, 1913"
development,38.5,Days,TRAIND000909,egg,adult,Aphidius_platensis,"Aphidius platensis Brethes, 1913"
development,37.5,Days,TRAIND000910,egg,adult,Aphidius_platensis,"Aphidius platensis Brethes, 1913"
development,40,Days,TRAIND000911,egg,adult,Aphidius_platensis,"Aphidius platensis Brethes, 1913"
development,38,Days,TRAIND000912,egg,adult,Aphidius_platensis,"Aphidius platensis Brethes, 1913"
development,44,Days,TRAIND000913,egg,adult,Aphidius_platensis,"Aphidius platensis Brethes, 1913"
development,40,Days,TRAIND000914,egg,adult,Aphidius_platensis,"Aphidius platensis Brethes, 1913"
development,40,Days,TRAIND000915,egg,adult,Aphidius_platensis,"Aphidius platensis Brethes, 1913"
development,37.5,Days,TRAIND000916,egg,adult,Aphidius_platensis,"Aphidius platensis Brethes, 1913"
development,36,Days,TRAIND000917,egg,adult,Aphidius_platensis,"Aphidius platensis Brethes, 1913"
development,36,Days,TRAIND000918,egg,adult,Aphidius_platensis,"Aphidius platensis Brethes, 1913"
development,37,Days,TRAIND000919,egg,adult,Aphidius_platensis,"Aphidius platensis Brethes, 1913"
development,37.5,Days,TRAIND000920,egg,adult,Aphidius_platensis,"Aphidius platensis Brethes, 1913"
development,38,Days,TRAIND000921,egg,adult,Aphidius_platensis,"Aphidius platensis Brethes, 1913"
development,36.5,Days,TRAIND000922,egg,adult,Aphidius_platensis,"Aphidius platensis Brethes, 1913"
development,37,Days,TRAIND000923,egg,adult,Aphidius_platensis,"Aphidius platensis Brethes, 1913"
development,36,Days,TRAIND000924,egg,adult,Aphidius_platensis,"Aphidius platensis Brethes, 1913"
development,38.5,Days,TRAIND000925,egg,adult,Aphidius_platensis,"Aphidius platensis Brethes, 1913"
development,44.5,Days,TRAIND000926,egg,adult,Aphidius_platensis,"Aphidius platensis Brethes, 1913"
development,37.5,Days,TRAIND000927,egg,adult,Aphidius_platensis,"Aphidius platensis Brethes, 1913"
development,41,Days,TRAIND000928,egg,adult,Aphidius_platensis,"Aphidius platensis Brethes, 1913"
development,37.5,Days,TRAIND000929,egg,adult,Aphidius_platensis,"Aphidius platensis Brethes, 1913"
development,37.5,Days,TRAIND000930,egg,adult,Aphidius_platensis,"Aphidius platensis Brethes, 1913"
development,41.5,Days,TRAIND000931,egg,adult,Aphidius_platensis,"Aphidius platensis Brethes, 1913"
development,40,Days,TRAIND000932,egg,adult,Aphidius_platensis,"Aphidius platensis Brethes, 1913"
development,41,Days,TRAIND000933,egg,adult,Aphidius_platensis,"Aphidius platensis Brethes, 1913"
development,35,Days,TRAIND000934,egg,adult,Aphidius_platensis,"Aphidius platensis Brethes, 1913"
development,37,Days,TRAIND000935,egg,adult,Aphidius_platensis,"Aphidius platensis Brethes, 1913"
development,34,Days,TRAIND000936,egg,adult,Aphidius_platensis,"Aphidius platensis Brethes, 1913"
development,36,Days,TRAIND000937,egg,adult,Aphidius_platensis,"Aphidius platensis Brethes, 1913"
development,42,Days,TRAIND000938,egg,adult,Aphidius_platensis,"Aphidius platensis Brethes, 1913"
development,38.5,Days,TRAIND000939,egg,adult,Aphidius_platensis,"Aphidius platensis Brethes, 1913"
development,37,Days,TRAIND000940,egg,adult,Aphidius_platensis,"Aphidius platensis Brethes, 1913"
development,36,Days,TRAIND000941,egg,adult,Aphidius_platensis,"Aphidius platensis Brethes, 1913"
development,36,Days,TRAIND000942,egg,adult,Aphidius_platensis,"Aphidius platensis Brethes, 1913"
development,37,Days,TRAIND000943,egg,adult,Aphidius_platensis,"Aphidius platensis Brethes, 1913"
development,39,Days,TRAIND000944,egg,adult,Aphidius_platensis,"Aphidius platensis Brethes, 1913"
development,37,Days,TRAIND000945,egg,adult,Aphidius_platensis,"Aphidius platensis Brethes, 1913"
development,38,Days,TRAIND000946,egg,adult,Aphidius_platensis,"Aphidius platensis Brethes, 1913"
development,38,Days,TRAIND000947,egg,adult,Aphidius_platensis,"Aphidius platensis Brethes, 1913"
development,39.5,Days,TRAIND000948,egg,adult,Aphidius_platensis,"Aphidius platensis Brethes, 1913"
development,39,Days,TRAIND000949,egg,adult,Aphidius_platensis,"Aphidius platensis Brethes, 1913"
development,38,Days,TRAIND000950,egg,adult,Aphidius_platensis,"Aphidius platensis Brethes, 1913"
development,37.5,Days,TRAIND000951,egg,adult,Aphidius_platensis,"Aphidius platensis Brethes, 1913"
development,36,Days,TRAIND000952,egg,adult,Aphidius_platensis,"Aphidius platensis Brethes, 1913"
development,36,Days,TRAIND000953,egg,adult,Aphidius_platensis,"Aphidius platensis Brethes, 1913"
development,37.5,Days,TRAIND000954,egg,adult,Aphidius_platensis,"Aphidius platensis Brethes, 1913"
development,"",Days,TRAIND000955,egg,adult,Aphidius_platensis,"Aphidius platensis Brethes, 1913"
development,42,Days,TRAIND000956,egg,adult,Aphidius_platensis,"Aphidius platensis Brethes, 1913"
development,37,Days,TRAIND000957,egg,adult,Aphidius_platensis,"Aphidius platensis Brethes, 1913"
development,37,Days,TRAIND000958,egg,adult,Aphidius_platensis,"Aphidius platensis Brethes, 1913"
development,36.5,Days,TRAIND000959,egg,adult,Aphidius_platensis,"Aphidius platensis Brethes, 1913"
development,39.5,Days,TRAIND000960,egg,adult,Aphidius_platensis,"Aphidius platensis Brethes, 1913"
development,39,Days,TRAIND000961,egg,adult,Aphidius_platensis,"Aphidius platensis Brethes, 1913"
development,37,Days,TRAIND000962,egg,adult,Aphidius_platensis,"Aphidius platensis Brethes, 1913"
development,42,Days,TRAIND000963,egg,adult,Aphidius_platensis,"Aphidius platensis Brethes, 1913"
development,40.5,Days,TRAIND000964,egg,adult,Aphidius_platensis,"Aphidius platensis Brethes, 1913"
development,"",Days,TRAIND000965,egg,adult,Aphidius_platensis,"Aphidius platensis Brethes, 1913"
development,39,Days,TRAIND000966,egg,adult,Aphidius_platensis,"Aphidius platensis Brethes, 1913"
development,38.5,Days,TRAIND000967,egg,adult,Aphidius_platensis,"Aphidius platensis Brethes, 1913"
development,37.5,Days,TRAIND000968,egg,adult,Aphidius_platensis,"Aphidius platensis Brethes, 1913"
development,36.5,Days,TRAIND000969,egg,adult,Aphidius_platensis,"Aphidius platensis Brethes, 1913"
development,36.5,Days,TRAIND000970,egg,adult,Aphidius_platensis,"Aphidius platensis Brethes, 1913"
development,37.5,Days,TRAIND000971,egg,adult,Aphidius_platensis,"Aphidius platensis Brethes, 1913"
development,43,Days,TRAIND000972,egg,adult,Aphidius_platensis,"Aphidius platensis Brethes, 1913"
development,44,Days,TRAIND000973,egg,adult,Aphidius_platensis,"Aphidius platensis Brethes, 1913"
development,44,Days,TRAIND000974,egg,adult,Aphidius_platensis,"Aphidius platensis Brethes, 1913"
development,39,Days,TRAIND000975,egg,adult,Aphidius_platensis,"Aphidius platensis Brethes, 1913"
development,36,Days,TRAIND000976,egg,adult,Aphidius_platensis,"Aphidius platensis Brethes, 1913"
development,38.5,Days,TRAIND000977,egg,adult,Aphidius_platensis,"Aphidius platensis Brethes, 1913"
development,36.5,Days,TRAIND000978,egg,adult,Aphidius_platensis,"Aphidius platensis Brethes, 1913"
development,42.5,Days,TRAIND000979,egg,adult,Aphidius_platensis,"Aphidius platensis Brethes, 1913"
development,37,Days,TRAIND000980,egg,adult,Aphidius_platensis,"Aphidius platensis Brethes, 1913"
development,36.5,Days,TRAIND000981,egg,adult,Aphidius_platensis,"Aphidius platensis Brethes, 1913"
development,40.5,Days,TRAIND000982,egg,adult,Aphidius_platensis,"Aphidius platensis Brethes, 1913"
development,38,Days,TRAIND000983,egg,adult,Aphidius_platensis,"Aphidius platensis Brethes, 1913"
development,37,Days,TRAIND000984,egg,adult,Aphidius_platensis,"Aphidius platensis Brethes, 1913"
development,37,Days,TRAIND000985,egg,adult,Aphidius_platensis,"Aphidius platensis Brethes, 1913"
development,38,Days,TRAIND000986,egg,adult,Aphidius_platensis,"Aphidius platensis Brethes, 1913"
development,38,Days,TRAIND000987,egg,adult,Aphidius_platensis,"Aphidius platensis Brethes, 1913"
development,39.5,Days,TRAIND000988,egg,adult,Aphidius_platensis,"Aphidius platensis Brethes, 1913"
development,39.5,Days,TRAIND000989,egg,adult,Aphidius_platensis,"Aphidius platensis Brethes, 1913"
development,38,Days,TRAIND000990,egg,adult,Aphidius_platensis,"Aphidius platensis Brethes, 1913"
development,"",Days,TRAIND000991,egg,adult,Aphidius_platensis,"Aphidius platensis Brethes, 1913"
development,38.5,Days,TRAIND000992,egg,adult,Aphidius_platensis,"Aphidius platensis Brethes, 1913"
development,35,Days,TRAIND000993,egg,adult,Aphidius_platensis,"Aphidius platensis Brethes, 1913"
development,37.5,Days,TRAIND000994,egg,adult,Aphidius_platensis,"Aphidius platensis Brethes, 1913"
development,44,Days,TRAIND000995,egg,adult,Aphidius_platensis,"Aphidius platensis Brethes, 1913"
development,37,Days,TRAIND000996,egg,adult,Aphidius_platensis,"Aphidius platensis Brethes, 1913"
development,39,Days,TRAIND000997,egg,adult,Aphidius_platensis,"Aphidius platensis Brethes, 1913"
development,41,Days,TRAIND000998,egg,adult,Aphidius_platensis,"Aphidius platensis Brethes, 1913"
development,39,Days,TRAIND000999,egg,adult,Aphidius_platensis,"Aphidius platensis Brethes, 1913"
development,35.5,Days,TRAIND001000,egg,adult,Aphidius_platensis,"Aphidius platensis Brethes, 1913"
development,"",Days,TRAIND001001,egg,adult,Aphidius_platensis,"Aphidius platensis Brethes, 1913"
development,44,Days,TRAIND001002,egg,adult,Aphidius_platensis,"Aphidius platensis Brethes, 1913"
development,39,Days,TRAIND001003,egg,adult,Aphidius_platensis,"Aphidius platensis Brethes, 1913"
development,36,Days,TRAIND001004,egg,adult,Aphidius_platensis,"Aphidius platensis Brethes, 1913"
development,38.5,Days,TRAIND001005,egg,adult,Aphidius_platensis,"Aphidius platensis Brethes, 1913"
development,"",Days,TRAIND001006,egg,adult,Aphidius_platensis,"Aphidius platensis Brethes, 1913"
development,42,Days,TRAIND001007,egg,adult,Aphidius_platensis,"Aphidius platensis Brethes, 1913"
development,37,Days,TRAIND001008,egg,adult,Aphidius_platensis,"Aphidius platensis Brethes, 1913"
development,37,Days,TRAIND001009,egg,adult,Aphidius_platensis,"Aphidius platensis Brethes, 1913"
development,40,Days,TRAIND001010,egg,adult,Aphidius_platensis,"Aphidius platensis Brethes, 1913"
development,38,Days,TRAIND001011,egg,adult,Aphidius_platensis,"Aphidius platensis Brethes, 1913"
development,37.5,Days,TRAIND001012,egg,adult,Aphidius_platensis,"Aphidius platensis Brethes, 1913"
development,37.5,Days,TRAIND001013,egg,adult,Aphidius_platensis,"Aphidius platensis Brethes, 1913"
development,38.5,Days,TRAIND001014,egg,adult,Aphidius_platensis,"Aphidius platensis Brethes, 1913"
development,41,Days,TRAIND001015,egg,adult,Aphidius_platensis,"Aphidius platensis Brethes, 1913"
development,39.5,Days,TRAIND001016,egg,adult,Aphidius_platensis,"Aphidius platensis Brethes, 1913"
development,37,Days,TRAIND001017,egg,adult,Aphidius_platensis,"Aphidius platensis Brethes, 1913"
development,38,Days,TRAIND001018,egg,adult,Aphidius_platensis,"Aphidius platensis Brethes, 1913"
development,44,Days,TRAIND001019,egg,adult,Aphidius_platensis,"Aphidius platensis Brethes, 1913"
development,38,Days,TRAIND001020,egg,adult,Aphidius_platensis,"Aphidius platensis Brethes, 1913"
development,"",Days,TRAIND001021,egg,adult,Aphidius_platensis,"Aphidius platensis Brethes, 1913"
development,40,Days,TRAIND001022,egg,adult,Aphidius_platensis,"Aphidius platensis Brethes, 1913"
development,38.5,Days,TRAIND001023,egg,adult,Aphidius_platensis,"Aphidius platensis Brethes, 1913"
development,42.5,Days,TRAIND001024,egg,adult,Aphidius_platensis,"Aphidius platensis Brethes, 1913"
development,37,Days,TRAIND001025,egg,adult,Aphidius_platensis,"Aphidius platensis Brethes, 1913"
development,"",Days,TRAIND001026,egg,adult,Aphidius_platensis,"Aphidius platensis Brethes, 1913"
development,38,Days,TRAIND001027,egg,adult,Aphidius_platensis,"Aphidius platensis Brethes, 1913"
development,38,Days,TRAIND001028,egg,adult,Aphidius_platensis,"Aphidius platensis Brethes, 1913"
development,40.5,Days,TRAIND001029,egg,adult,Aphidius_platensis,"Aphidius platensis Brethes, 1913"
development,44,Days,TRAIND001030,egg,adult,Aphidius_platensis,"Aphidius platensis Brethes, 1913"
development,39.5,Days,TRAIND001031,egg,adult,Aphidius_platensis,"Aphidius platensis Brethes, 1913"
development,39,Days,TRAIND001032,egg,adult,Aphidius_platensis,"Aphidius platensis Brethes, 1913"
development,38,Days,TRAIND001033,egg,adult,Aphidius_platensis,"Aphidius platensis Brethes, 1913"
development,40.5,Days,TRAIND001034,egg,adult,Aphidius_platensis,"Aphidius platensis Brethes, 1913"
development,38.5,Days,TRAIND001035,egg,adult,Aphidius_platensis,"Aphidius platensis Brethes, 1913"
development,38.5,Days,TRAIND001036,egg,adult,Aphidius_platensis,"Aphidius platensis Brethes, 1913"
development,44,Days,TRAIND001037,egg,adult,Aphidius_platensis,"Aphidius platensis Brethes, 1913"
development,"",Days,TRAIND001038,egg,adult,Aphidius_platensis,"Aphidius platensis Brethes, 1913"
development,42.5,Days,TRAIND001039,egg,adult,Aphidius_platensis,"Aphidius platensis Brethes, 1913"
development,41,Days,TRAIND001040,egg,adult,Aphidius_platensis,"Aphidius platensis Brethes, 1913"
development,39.5,Days,TRAIND001041,egg,adult,Aphidius_platensis,"Aphidius platensis Brethes, 1913"
development,40,Days,TRAIND001042,egg,adult,Aphidius_platensis,"Aphidius platensis Brethes, 1913"
development,"",Days,TRAIND001043,egg,adult,Aphidius_platensis,"Aphidius platensis Brethes, 1913"
development,39.5,Days,TRAIND001044,egg,adult,Aphidius_platensis,"Aphidius platensis Brethes, 1913"
development,41.5,Days,TRAIND001045,egg,adult,Aphidius_platensis,"Aphidius platensis Brethes, 1913"
development,41,Days,TRAIND001046,egg,adult,Aphidius_platensis,"Aphidius platensis Brethes, 1913"
development,40.5,Days,TRAIND001047,egg,adult,Aphidius_platensis,"Aphidius platensis Brethes, 1913"
development,40,Days,TRAIND001048,egg,adult,Aphidius_platensis,"Aphidius platensis Brethes, 1913"
development,42,Days,TRAIND001049,egg,adult,Aphidius_platensis,"Aphidius platensis Brethes, 1913"
development,42,Days,TRAIND001050,egg,adult,Aphidius_platensis,"Aphidius platensis Brethes, 1913"
development,41.5,Days,TRAIND001051,egg,adult,Aphidius_platensis,"Aphidius platensis Brethes, 1913"
development,39,Days,TRAIND001052,egg,adult,Aphidius_platensis,"Aphidius platensis Brethes, 1913"
development,36,Days,TRAIND001053,egg,adult,Aphidius_platensis,"Aphidius platensis Brethes, 1913"
development,"",Days,TRAIND001054,egg,adult,Aphidius_platensis,"Aphidius platensis Brethes, 1913"
development,37.5,Days,TRAIND001055,egg,adult,Aphidius_platensis,"Aphidius platensis Brethes, 1913"
development,38.5,Days,TRAIND001056,egg,adult,Aphidius_platensis,"Aphidius platensis Brethes, 1913"
development,39,Days,TRAIND001057,egg,adult,Aphidius_platensis,"Aphidius platensis Brethes, 1913"
development,39.5,Days,TRAIND001058,egg,adult,Aphidius_platensis,"Aphidius platensis Brethes, 1913"
development,42.5,Days,TRAIND001059,egg,adult,Aphidius_platensis,"Aphidius platensis Brethes, 1913"
development,38,Days,TRAIND001060,egg,adult,Aphidius_platensis,"Aphidius platensis Brethes, 1913"
development,37,Days,TRAIND001061,egg,adult,Aphidius_platensis,"Aphidius platensis Brethes, 1913"
development,38,Days,TRAIND001062,egg,adult,Aphidius_platensis,"Aphidius platensis Brethes, 1913"
development,36,Days,TRAIND001063,egg,adult,Aphidius_platensis,"Aphidius platensis Brethes, 1913"
development,40,Days,TRAIND001064,egg,adult,Aphidius_platensis,"Aphidius platensis Brethes, 1913"
development,37.5,Days,TRAIND001065,egg,adult,Aphidius_platensis,"Aphidius platensis Brethes, 1913"
development,38.5,Days,TRAIND001066,egg,adult,Aphidius_platensis,"Aphidius platensis Brethes, 1913"
development,39.5,Days,TRAIND001067,egg,adult,Aphidius_platensis,"Aphidius platensis Brethes, 1913"
development,37.5,Days,TRAIND001068,egg,adult,Aphidius_platensis,"Aphidius platensis Brethes, 1913"
development,38.5,Days,TRAIND001069,egg,adult,Aphidius_platensis,"Aphidius platensis Brethes, 1913"
development,"",Days,TRAIND001070,egg,adult,Aphidius_platensis,"Aphidius platensis Brethes, 1913"
development,38.5,Days,TRAIND001071,egg,adult,Aphidius_platensis,"Aphidius platensis Brethes, 1913"
development,41,Days,TRAIND001072,egg,adult,Aphidius_platensis,"Aphidius platensis Brethes, 1913"
development,39.5,Days,TRAIND001073,egg,adult,Aphidius_platensis,"Aphidius platensis Brethes, 1913"
development,38.5,Days,TRAIND001074,egg,adult,Aphidius_platensis,"Aphidius platensis Brethes, 1913"
development,39.5,Days,TRAIND001075,egg,adult,Aphidius_platensis,"Aphidius platensis Brethes, 1913"
development,44.5,Days,TRAIND001076,egg,adult,Aphidius_platensis,"Aphidius platensis Brethes, 1913"
development,41,Days,TRAIND001077,egg,adult,Aphidius_platensis,"Aphidius platensis Brethes, 1913"
development,38,Days,TRAIND001078,egg,adult,Aphidius_platensis,"Aphidius platensis Brethes, 1913"
development,39,Days,TRAIND001079,egg,adult,Aphidius_platensis,"Aphidius platensis Brethes, 1913"
development,38.5,Days,TRAIND001080,egg,adult,Aphidius_platensis,"Aphidius platensis Brethes, 1913"
development,38,Days,TRAIND001081,egg,adult,Aphidius_platensis,"Aphidius platensis Brethes, 1913"
development,39,Days,TRAIND001082,egg,adult,Aphidius_platensis,"Aphidius platensis Brethes, 1913"
development,41,Days,TRAIND001083,egg,adult,Aphidius_platensis,"Aphidius platensis Brethes, 1913"
development,39,Days,TRAIND001084,egg,adult,Aphidius_platensis,"Aphidius platensis Brethes, 1913"
development,38.5,Days,TRAIND001085,egg,adult,Aphidius_platensis,"Aphidius platensis Brethes, 1913"
development,"",Days,TRAIND001086,egg,adult,Aphidius_platensis,"Aphidius platensis Brethes, 1913"
development,"",Days,TRAIND001087,egg,adult,Aphidius_platensis,"Aphidius platensis Brethes, 1913"
development,38.5,Days,TRAIND001088,egg,adult,Aphidius_platensis,"Aphidius platensis Brethes, 1913"
development,"",Days,TRAIND001089,egg,adult,Aphidius_platensis,"Aphidius platensis Brethes, 1913"
development,38.5,Days,TRAIND001090,egg,adult,Aphidius_platensis,"Aphidius platensis Brethes, 1913"
development,38,Days,TRAIND001091,egg,adult,Aphidius_platensis,"Aphidius platensis Brethes, 1913"
development,41,Days,TRAIND001092,egg,adult,Aphidius_platensis,"Aphidius platensis Brethes, 1913"
development,38.5,Days,TRAIND001093,egg,adult,Aphidius_platensis,"Aphidius platensis Brethes, 1913"
development,37,Days,TRAIND001094,egg,adult,Aphidius_platensis,"Aphidius platensis Brethes, 1913"
development,37.5,Days,TRAIND001095,egg,adult,Aphidius_platensis,"Aphidius platensis Brethes, 1913"
development,37.5,Days,TRAIND001096,egg,adult,Aphidius_platensis,"Aphidius platensis Brethes, 1913"
development,41,Days,TRAIND001097,egg,adult,Aphidius_platensis,"Aphidius platensis Brethes, 1913"
development,39,Days,TRAIND001098,egg,adult,Aphidius_platensis,"Aphidius platensis Brethes, 1913"
development,36,Days,TRAIND001099,egg,adult,Aphidius_platensis,"Aphidius platensis Brethes, 1913"
development,37.5,Days,TRAIND001100,egg,adult,Aphidius_platensis,"Aphidius platensis Brethes, 1913"
development,37.5,Days,TRAIND001101,egg,adult,Aphidius_platensis,"Aphidius platensis Brethes, 1913"
development,37.5,Days,TRAIND001102,egg,adult,Aphidius_platensis,"Aphidius platensis Brethes, 1913"
development,38,Days,TRAIND001103,egg,adult,Aphidius_platensis,"Aphidius platensis Brethes, 1913"
development,37.5,Days,TRAIND001104,egg,adult,Aphidius_platensis,"Aphidius platensis Brethes, 1913"
development,"",Days,TRAIND001105,egg,adult,Aphidius_platensis,"Aphidius platensis Brethes, 1913"
development,38,Days,TRAIND001106,egg,adult,Aphidius_platensis,"Aphidius platensis Brethes, 1913"
development,40,Days,TRAIND001107,egg,adult,Aphidius_platensis,"Aphidius platensis Brethes, 1913"
development,37,Days,TRAIND001108,egg,adult,Aphidius_platensis,"Aphidius platensis Brethes, 1913"
development,37.5,Days,TRAIND001109,egg,adult,Aphidius_platensis,"Aphidius platensis Brethes, 1913"
development,37.5,Days,TRAIND001110,egg,adult,Aphidius_platensis,"Aphidius platensis Brethes, 1913"
development,38,Days,TRAIND001111,egg,adult,Aphidius_platensis,"Aphidius platensis Brethes, 1913"
development,39,Days,TRAIND001112,egg,adult,Aphidius_platensis,"Aphidius platensis Brethes, 1913"
development,38.5,Days,TRAIND001113,egg,adult,Aphidius_platensis,"Aphidius platensis Brethes, 1913"
development,39.5,Days,TRAIND001114,egg,adult,Aphidius_platensis,"Aphidius platensis Brethes, 1913"
development,36.5,Days,TRAIND001115,egg,adult,Aphidius_platensis,"Aphidius platensis Brethes, 1913"
development,38,Days,TRAIND001116,egg,adult,Aphidius_platensis,"Aphidius platensis Brethes, 1913"
development,39,Days,TRAIND001117,egg,adult,Aphidius_platensis,"Aphidius platensis Brethes, 1913"
development,38.5,Days,TRAIND001118,egg,adult,Aphidius_platensis,"Aphidius platensis Brethes, 1913"
development,37,Days,TRAIND001119,egg,adult,Aphidius_platensis,"Aphidius platensis Brethes, 1913"
development,39,Days,TRAIND001120,egg,adult,Aphidius_platensis,"Aphidius platensis Brethes, 1913"
development,39.5,Days,TRAIND001121,egg,adult,Aphidius_platensis,"Aphidius platensis Brethes, 1913"
development,38,Days,TRAIND001122,egg,adult,Aphidius_platensis,"Aphidius platensis Brethes, 1913"
development,39,Days,TRAIND001123,egg,adult,Aphidius_platensis,"Aphidius platensis Brethes, 1913"
development,42,Days,TRAIND001124,egg,adult,Aphidius_platensis,"Aphidius platensis Brethes, 1913"
development,"",Days,TRAIND001125,egg,adult,Aphidius_platensis,"Aphidius platensis Brethes, 1913"
development,39,Days,TRAIND001126,egg,adult,Aphidius_platensis,"Aphidius platensis Brethes, 1913"
development,37.5,Days,TRAIND001127,egg,adult,Aphidius_platensis,"Aphidius platensis Brethes, 1913"
development,38,Days,TRAIND001128,egg,adult,Aphidius_platensis,"Aphidius platensis Brethes, 1913"
development,37,Days,TRAIND001129,egg,adult,Aphidius_platensis,"Aphidius platensis Brethes, 1913"
development,38.5,Days,TRAIND001130,egg,adult,Aphidius_platensis,"Aphidius platensis Brethes, 1913"
development,37.5,Days,TRAIND001131,egg,adult,Aphidius_platensis,"Aphidius platensis Brethes, 1913"
development,40,Days,TRAIND001132,egg,adult,Aphidius_platensis,"Aphidius platensis Brethes, 1913"
development,38.5,Days,TRAIND001133,egg,adult,Aphidius_platensis,"Aphidius platensis Brethes, 1913"
development,36,Days,TRAIND001134,egg,adult,Aphidius_platensis,"Aphidius platensis Brethes, 1913"
development,39.5,Days,TRAIND001135,egg,adult,Aphidius_platensis,"Aphidius platensis Brethes, 1913"
development,37,Days,TRAIND001136,egg,adult,Aphidius_platensis,"Aphidius platensis Brethes, 1913"
development,36,Days,TRAIND001137,egg,adult,Aphidius_platensis,"Aphidius platensis Brethes, 1913"
development,"",Days,TRAIND001138,egg,adult,Aphidius_platensis,"Aphidius platensis Brethes, 1913"
development,36,Days,TRAIND001139,egg,adult,Aphidius_platensis,"Aphidius platensis Brethes, 1913"
development,36.5,Days,TRAIND001140,egg,adult,Aphidius_platensis,"Aphidius platensis Brethes, 1913"
development,39,Days,TRAIND001141,egg,adult,Aphidius_platensis,"Aphidius platensis Brethes, 1913"
development,40,Days,TRAIND001142,egg,adult,Aphidius_platensis,"Aphidius platensis Brethes, 1913"
development,37.5,Days,TRAIND001143,egg,adult,Aphidius_platensis,"Aphidius platensis Brethes, 1913"
development,35,Days,TRAIND001144,egg,adult,Aphidius_platensis,"Aphidius platensis Brethes, 1913"
development,36.5,Days,TRAIND001145,egg,adult,Aphidius_platensis,"Aphidius platensis Brethes, 1913"
development,37.5,Days,TRAIND001146,egg,adult,Aphidius_platensis,"Aphidius platensis Brethes, 1913"
development,36,Days,TRAIND001147,egg,adult,Aphidius_platensis,"Aphidius platensis Brethes, 1913"
development,37,Days,TRAIND001148,egg,adult,Aphidius_platensis,"Aphidius platensis Brethes, 1913"
development,37,Days,TRAIND001149,egg,adult,Aphidius_platensis,"Aphidius platensis Brethes, 1913"
development,35,Days,TRAIND001150,egg,adult,Aphidius_platensis,"Aphidius platensis Brethes, 1913"
development,37.5,Days,TRAIND001151,egg,adult,Aphidius_platensis,"Aphidius platensis Brethes, 1913"
development,38.5,Days,TRAIND001152,egg,adult,Aphidius_platensis,"Aphidius platensis Brethes, 1913"
development,"",Days,TRAIND001153,egg,adult,Aphidius_platensis,"Aphidius platensis Brethes, 1913"
development,"",Days,TRAIND001154,egg,adult,Aphidius_platensis,"Aphidius platensis Brethes, 1913"
development,"",Days,TRAIND001155,egg,adult,Aphidius_platensis,"Aphidius platensis Brethes, 1913"
development,37,Days,TRAIND001156,egg,adult,Aphidius_platensis,"Aphidius platensis Brethes, 1913"
development,39.5,Days,TRAIND001157,egg,adult,Aphidius_platensis,"Aphidius platensis Brethes, 1913"
development,36,Days,TRAIND001158,egg,adult,Aphidius_platensis,"Aphidius platensis Brethes, 1913"
development,35,Days,TRAIND001159,egg,adult,Aphidius_platensis,"Aphidius platensis Brethes, 1913"
development,36,Days,TRAIND001160,egg,adult,Aphidius_platensis,"Aphidius platensis Brethes, 1913"
development,35.5,Days,TRAIND001161,egg,adult,Aphidius_platensis,"Aphidius platensis Brethes, 1913"
development,37,Days,TRAIND001162,egg,adult,Aphidius_platensis,"Aphidius platensis Brethes, 1913"
development,39,Days,TRAIND001163,egg,adult,Aphidius_platensis,"Aphidius platensis Brethes, 1913"
development,36,Days,TRAIND001164,egg,adult,Aphidius_platensis,"Aphidius platensis Brethes, 1913"
development,37,Days,TRAIND001165,egg,adult,Aphidius_platensis,"Aphidius platensis Brethes, 1913"
development,36.5,Days,TRAIND001166,egg,adult,Aphidius_platensis,"Aphidius platensis Brethes, 1913"
development,42.5,Days,TRAIND001167,egg,adult,Aphidius_platensis,"Aphidius platensis Brethes, 1913"
development,39,Days,TRAIND001168,egg,adult,Aphidius_platensis,"Aphidius platensis Brethes, 1913"
development,38,Days,TRAIND001169,egg,adult,Aphidius_platensis,"Aphidius platensis Brethes, 1913"
development,37.5,Days,TRAIND001170,egg,adult,Aphidius_platensis,"Aphidius platensis Brethes, 1913"
development,44,Days,TRAIND001171,egg,adult,Aphidius_platensis,"Aphidius platensis Brethes, 1913"
development,39,Days,TRAIND001172,egg,adult,Aphidius_platensis,"Aphidius platensis Brethes, 1913"
development,"",Days,TRAIND001173,egg,adult,Aphidius_platensis,"Aphidius platensis Brethes, 1913"
development,37,Days,TRAIND001174,egg,adult,Aphidius_platensis,"Aphidius platensis Brethes, 1913"
development,36,Days,TRAIND001175,egg,adult,Aphidius_platensis,"Aphidius platensis Brethes, 1913"
development,36.5,Days,TRAIND001176,egg,adult,Aphidius_platensis,"Aphidius platensis Brethes, 1913"
development,37,Days,TRAIND001177,egg,adult,Aphidius_platensis,"Aphidius platensis Brethes, 1913"
development,39.5,Days,TRAIND001178,egg,adult,Aphidius_platensis,"Aphidius platensis Brethes, 1913"
development,42.5,Days,TRAIND001179,egg,adult,Aphidius_platensis,"Aphidius platensis Brethes, 1913"
development,36,Days,TRAIND001180,egg,adult,Aphidius_platensis,"Aphidius platensis Brethes, 1913"
development,43.5,Days,TRAIND001181,egg,adult,Aphidius_platensis,"Aphidius platensis Brethes, 1913"
development,39.5,Days,TRAIND001182,egg,adult,Aphidius_platensis,"Aphidius platensis Brethes, 1913"
development,38.5,Days,TRAIND001183,egg,adult,Aphidius_platensis,"Aphidius platensis Brethes, 1913"
development,37,Days,TRAIND001184,egg,adult,Aphidius_platensis,"Aphidius platensis Brethes, 1913"
development,38,Days,TRAIND001185,egg,adult,Aphidius_platensis,"Aphidius platensis Brethes, 1913"
development,43,Days,TRAIND001186,egg,adult,Aphidius_platensis,"Aphidius platensis Brethes, 1913"
development,35.5,Days,TRAIND001187,egg,adult,Aphidius_platensis,"Aphidius platensis Brethes, 1913"
development,35.5,Days,TRAIND001188,egg,adult,Aphidius_platensis,"Aphidius platensis Brethes, 1913"
development,44,Days,TRAIND001189,egg,adult,Aphidius_platensis,"Aphidius platensis Brethes, 1913"
development,39,Days,TRAIND001190,egg,adult,Aphidius_platensis,"Aphidius platensis Brethes, 1913"
development,36.5,Days,TRAIND001191,egg,adult,Aphidius_platensis,"Aphidius platensis Brethes, 1913"
development,38.5,Days,TRAIND001192,egg,adult,Aphidius_platensis,"Aphidius platensis Brethes, 1913"
development,36,Days,TRAIND001193,egg,adult,Aphidius_platensis,"Aphidius platensis Brethes, 1913"
development,42.5,Days,TRAIND001194,egg,adult,Aphidius_platensis,"Aphidius platensis Brethes, 1913"
development,37.5,Days,TRAIND001195,egg,adult,Aphidius_platensis,"Aphidius platensis Brethes, 1913"
development,36,Days,TRAIND001196,egg,adult,Aphidius_platensis,"Aphidius platensis Brethes, 1913"
development,40.5,Days,TRAIND001197,egg,adult,Aphidius_platensis,"Aphidius platensis Brethes, 1913"
development,38,Days,TRAIND001198,egg,adult,Aphidius_platensis,"Aphidius platensis Brethes, 1913"
development,37,Days,TRAIND001199,egg,adult,Aphidius_platensis,"Aphidius platensis Brethes, 1913"
development,38,Days,TRAIND001200,egg,adult,Aphidius_platensis,"Aphidius platensis Brethes, 1913"
development,38,Days,TRAIND001201,egg,adult,Aphidius_platensis,"Aphidius platensis Brethes, 1913"
development,37,Days,TRAIND001202,egg,adult,Aphidius_platensis,"Aphidius platensis Brethes, 1913"
development,39,Days,TRAIND001203,egg,adult,Aphidius_platensis,"Aphidius platensis Brethes, 1913"
development,37,Days,TRAIND001204,egg,adult,Aphidius_platensis,"Aphidius platensis Brethes, 1913"
development,37,Days,TRAIND001205,egg,adult,Aphidius_platensis,"Aphidius platensis Brethes, 1913"
development,40,Days,TRAIND001206,egg,adult,Aphidius_platensis,"Aphidius platensis Brethes, 1913"
development,41,Days,TRAIND001207,egg,adult,Aphidius_platensis,"Aphidius platensis Brethes, 1913"
development,"",Days,TRAIND001208,egg,adult,Aphidius_platensis,"Aphidius platensis Brethes, 1913"
development,"",Days,TRAIND001209,egg,adult,Aphidius_platensis,"Aphidius platensis Brethes, 1913"
development,35,Days,TRAIND001210,egg,adult,Aphidius_platensis,"Aphidius platensis Brethes, 1913"
development,35,Days,TRAIND001211,egg,adult,Aphidius_platensis,"Aphidius platensis Brethes, 1913"
development,44.5,Days,TRAIND001212,egg,adult,Aphidius_platensis,"Aphidius platensis Brethes, 1913"
development,39.5,Days,TRAIND001213,egg,adult,Aphidius_platensis,"Aphidius platensis Brethes, 1913"
development,37,Days,TRAIND001214,egg,adult,Aphidius_platensis,"Aphidius platensis Brethes, 1913"
development,38,Days,TRAIND001215,egg,adult,Aphidius_platensis,"Aphidius platensis Brethes, 1913"
development,36.5,Days,TRAIND001216,egg,adult,Aphidius_platensis,"Aphidius platensis Brethes, 1913"
development,42.5,Days,TRAIND001217,egg,adult,Aphidius_platensis,"Aphidius platensis Brethes, 1913"
development,37.5,Days,TRAIND001218,egg,adult,Aphidius_platensis,"Aphidius platensis Brethes, 1913"
development,37,Days,TRAIND001219,egg,adult,Aphidius_platensis,"Aphidius platensis Brethes, 1913"
development,40,Days,TRAIND001220,egg,adult,Aphidius_platensis,"Aphidius platensis Brethes, 1913"
development,38,Days,TRAIND001221,egg,adult,Aphidius_platensis,"Aphidius platensis Brethes, 1913"
development,44,Days,TRAIND001222,egg,adult,Aphidius_platensis,"Aphidius platensis Brethes, 1913"
development,39.5,Days,TRAIND001223,egg,adult,Aphidius_platensis,"Aphidius platensis Brethes, 1913"
development,36.5,Days,TRAIND001224,egg,adult,Aphidius_platensis,"Aphidius platensis Brethes, 1913"
development,38,Days,TRAIND001225,egg,adult,Aphidius_platensis,"Aphidius platensis Brethes, 1913"
development,38,Days,TRAIND001226,egg,adult,Aphidius_platensis,"Aphidius platensis Brethes, 1913"
development,42,Days,TRAIND001227,egg,adult,Aphidius_platensis,"Aphidius platensis Brethes, 1913"
development,37.5,Days,TRAIND001228,egg,adult,Aphidius_platensis,"Aphidius platensis Brethes, 1913"
development,40,Days,TRAIND001229,egg,adult,Aphidius_platensis,"Aphidius platensis Brethes, 1913"
development,39.5,Days,TRAIND001230,egg,adult,Aphidius_platensis,"Aphidius platensis Brethes, 1913"
development,39,Days,TRAIND001231,egg,adult,Aphidius_platensis,"Aphidius platensis Brethes, 1913"
development,39.5,Days,TRAIND001232,egg,adult,Aphidius_platensis,"Aphidius platensis Brethes, 1913"
development,44,Days,TRAIND001233,egg,adult,Aphidius_platensis,"Aphidius platensis Brethes, 1913"
development,41.5,Days,TRAIND001234,egg,adult,Aphidius_platensis,"Aphidius platensis Brethes, 1913"
development,38.5,Days,TRAIND001235,egg,adult,Aphidius_platensis,"Aphidius platensis Brethes, 1913"
development,38.5,Days,TRAIND001236,egg,adult,Aphidius_platensis,"Aphidius platensis Brethes, 1913"
development,38.5,Days,TRAIND001237,egg,adult,Aphidius_platensis,"Aphidius platensis Brethes, 1913"
development,38.5,Days,TRAIND001238,egg,adult,Aphidius_platensis,"Aphidius platensis Brethes, 1913"
development,39.5,Days,TRAIND001239,egg,adult,Aphidius_platensis,"Aphidius platensis Brethes, 1913"
development,41.5,Days,TRAIND001240,egg,adult,Aphidius_platensis,"Aphidius platensis Brethes, 1913"
development,39.5,Days,TRAIND001241,egg,adult,Aphidius_platensis,"Aphidius platensis Brethes, 1913"
development,38.5,Days,TRAIND001242,egg,adult,Aphidius_platensis,"Aphidius platensis Brethes, 1913"
development,"",Days,TRAIND001243,egg,adult,Aphidius_platensis,"Aphidius platensis Brethes, 1913"
development,"",Days,TRAIND001244,egg,adult,Aphidius_platensis,"Aphidius platensis Brethes, 1913"
development,38,Days,TRAIND001245,egg,adult,Aphidius_platensis,"Aphidius platensis Brethes, 1913"
development,"",Days,TRAIND001246,egg,adult,Aphidius_platensis,"Aphidius platensis Brethes, 1913"
development,38.5,Days,TRAIND001247,egg,adult,Aphidius_platensis,"Aphidius platensis Brethes, 1913"
development,38.5,Days,TRAIND001248,egg,adult,Aphidius_platensis,"Aphidius platensis Brethes, 1913"
development,41,Days,TRAIND001249,egg,adult,Aphidius_platensis,"Aphidius platensis Brethes, 1913"
development,21,Days,TRAIND001250,egg,adult,Aphidius_platensis,"Aphidius platensis Brethes, 1913"
development,21,Days,TRAIND001251,egg,adult,Aphidius_platensis,"Aphidius platensis Brethes, 1913"
development,24,Days,TRAIND001252,egg,adult,Aphidius_platensis,"Aphidius platensis Brethes, 1913"
development,22.5,Days,TRAIND001253,egg,adult,Aphidius_platensis,"Aphidius platensis Brethes, 1913"
development,23,Days,TRAIND001254,egg,adult,Aphidius_platensis,"Aphidius platensis Brethes, 1913"
development,23.5,Days,TRAIND001255,egg,adult,Aphidius_platensis,"Aphidius platensis Brethes, 1913"
development,24,Days,TRAIND001256,egg,adult,Aphidius_platensis,"Aphidius platensis Brethes, 1913"
development,24,Days,TRAIND001257,egg,adult,Aphidius_platensis,"Aphidius platensis Brethes, 1913"
development,22,Days,TRAIND001258,egg,adult,Aphidius_platensis,"Aphidius platensis Brethes, 1913"
development,21.5,Days,TRAIND001259,egg,adult,Aphidius_platensis,"Aphidius platensis Brethes, 1913"
development,21,Days,TRAIND001260,egg,adult,Aphidius_platensis,"Aphidius platensis Brethes, 1913"
development,21,Days,TRAIND001261,egg,adult,Aphidius_platensis,"Aphidius platensis Brethes, 1913"
development,23,Days,TRAIND001262,egg,adult,Aphidius_platensis,"Aphidius platensis Brethes, 1913"
development,24,Days,TRAIND001263,egg,adult,Aphidius_platensis,"Aphidius platensis Brethes, 1913"
development,23,Days,TRAIND001264,egg,adult,Aphidius_platensis,"Aphidius platensis Brethes, 1913"
development,21,Days,TRAIND001265,egg,adult,Aphidius_platensis,"Aphidius platensis Brethes, 1913"
development,23,Days,TRAIND001266,egg,adult,Aphidius_platensis,"Aphidius platensis Brethes, 1913"
development,22,Days,TRAIND001267,egg,adult,Aphidius_platensis,"Aphidius platensis Brethes, 1913"
development,21,Days,TRAIND001268,egg,adult,Aphidius_platensis,"Aphidius platensis Brethes, 1913"
development,22,Days,TRAIND001269,egg,adult,Aphidius_platensis,"Aphidius platensis Brethes, 1913"
development,22,Days,TRAIND001270,egg,adult,Aphidius_platensis,"Aphidius platensis Brethes, 1913"
development,22,Days,TRAIND001271,egg,adult,Aphidius_platensis,"Aphidius platensis Brethes, 1913"
development,23,Days,TRAIND001272,egg,adult,Aphidius_platensis,"Aphidius platensis Brethes, 1913"
development,22.5,Days,TRAIND001273,egg,adult,Aphidius_platensis,"Aphidius platensis Brethes, 1913"
development,23,Days,TRAIND001274,egg,adult,Aphidius_platensis,"Aphidius platensis Brethes, 1913"
development,21,Days,TRAIND001275,egg,adult,Aphidius_platensis,"Aphidius platensis Brethes, 1913"
development,21,Days,TRAIND001276,egg,adult,Aphidius_platensis,"Aphidius platensis Brethes, 1913"
development,25,Days,TRAIND001277,egg,adult,Aphidius_platensis,"Aphidius platensis Brethes, 1913"
development,21.5,Days,TRAIND001278,egg,adult,Aphidius_platensis,"Aphidius platensis Brethes, 1913"
development,23,Days,TRAIND001279,egg,adult,Aphidius_platensis,"Aphidius platensis Brethes, 1913"
development,22,Days,TRAIND001280,egg,adult,Aphidius_platensis,"Aphidius platensis Brethes, 1913"
development,23.5,Days,TRAIND001281,egg,adult,Aphidius_platensis,"Aphidius platensis Brethes, 1913"
development,23,Days,TRAIND001282,egg,adult,Aphidius_platensis,"Aphidius platensis Brethes, 1913"
development,22,Days,TRAIND001283,egg,adult,Aphidius_platensis,"Aphidius platensis Brethes, 1913"
development,24.5,Days,TRAIND001284,egg,adult,Aphidius_platensis,"Aphidius platensis Brethes, 1913"
development,23,Days,TRAIND001285,egg,adult,Aphidius_platensis,"Aphidius platensis Brethes, 1913"
development,23,Days,TRAIND001286,egg,adult,Aphidius_platensis,"Aphidius platensis Brethes, 1913"
development,21.5,Days,TRAIND001287,egg,adult,Aphidius_platensis,"Aphidius platensis Brethes, 1913"
development,"",Days,TRAIND001288,egg,adult,Aphidius_platensis,"Aphidius platensis Brethes, 1913"
development,24,Days,TRAIND001289,egg,adult,Aphidius_platensis,"Aphidius platensis Brethes, 1913"
development,20.5,Days,TRAIND001290,egg,adult,Aphidius_platensis,"Aphidius platensis Brethes, 1913"
development,25,Days,TRAIND001291,egg,adult,Aphidius_platensis,"Aphidius platensis Brethes, 1913"
development,22,Days,TRAIND001292,egg,adult,Aphidius_platensis,"Aphidius platensis Brethes, 1913"
development,22.5,Days,TRAIND001293,egg,adult,Aphidius_platensis,"Aphidius platensis Brethes, 1913"
development,21,Days,TRAIND001294,egg,adult,Aphidius_platensis,"Aphidius platensis Brethes, 1913"
development,"",Days,TRAIND001295,egg,adult,Aphidius_platensis,"Aphidius platensis Brethes, 1913"
development,23,Days,TRAIND001296,egg,adult,Aphidius_platensis,"Aphidius platensis Brethes, 1913"
development,22,Days,TRAIND001297,egg,adult,Aphidius_platensis,"Aphidius platensis Brethes, 1913"
development,22,Days,TRAIND001298,egg,adult,Aphidius_platensis,"Aphidius platensis Brethes, 1913"
development,"",Days,TRAIND001299,egg,adult,Aphidius_platensis,"Aphidius platensis Brethes, 1913"
development,23,Days,TRAIND001300,egg,adult,Aphidius_platensis,"Aphidius platensis Brethes, 1913"
development,22.5,Days,TRAIND001301,egg,adult,Aphidius_platensis,"Aphidius platensis Brethes, 1913"
development,21,Days,TRAIND001302,egg,adult,Aphidius_platensis,"Aphidius platensis Brethes, 1913"
development,22.5,Days,TRAIND001303,egg,adult,Aphidius_platensis,"Aphidius platensis Brethes, 1913"
development,23,Days,TRAIND001304,egg,adult,Aphidius_platensis,"Aphidius platensis Brethes, 1913"
development,25,Days,TRAIND001305,egg,adult,Aphidius_platensis,"Aphidius platensis Brethes, 1913"
development,22.5,Days,TRAIND001306,egg,adult,Aphidius_platensis,"Aphidius platensis Brethes, 1913"
development,21,Days,TRAIND001307,egg,adult,Aphidius_platensis,"Aphidius platensis Brethes, 1913"
development,24.5,Days,TRAIND001308,egg,adult,Aphidius_platensis,"Aphidius platensis Brethes, 1913"
development,24,Days,TRAIND001309,egg,adult,Aphidius_platensis,"Aphidius platensis Brethes, 1913"
development,21,Days,TRAIND001310,egg,adult,Aphidius_platensis,"Aphidius platensis Brethes, 1913"
development,21,Days,TRAIND001311,egg,adult,Aphidius_platensis,"Aphidius platensis Brethes, 1913"
development,23,Days,TRAIND001312,egg,adult,Aphidius_platensis,"Aphidius platensis Brethes, 1913"
development,21,Days,TRAIND001313,egg,adult,Aphidius_platensis,"Aphidius platensis Brethes, 1913"
development,24,Days,TRAIND001314,egg,adult,Aphidius_platensis,"Aphidius platensis Brethes, 1913"
development,25,Days,TRAIND001315,egg,adult,Aphidius_platensis,"Aphidius platensis Brethes, 1913"
development,25,Days,TRAIND001316,egg,adult,Aphidius_platensis,"Aphidius platensis Brethes, 1913"
development,24,Days,TRAIND001317,egg,adult,Aphidius_platensis,"Aphidius platensis Brethes, 1913"
development,22,Days,TRAIND001318,egg,adult,Aphidius_platensis,"Aphidius platensis Brethes, 1913"
development,21.5,Days,TRAIND001319,egg,adult,Aphidius_platensis,"Aphidius platensis Brethes, 1913"
development,22.5,Days,TRAIND001320,egg,adult,Aphidius_platensis,"Aphidius platensis Brethes, 1913"
development,"",Days,TRAIND001321,egg,adult,Aphidius_platensis,"Aphidius platensis Brethes, 1913"
development,24,Days,TRAIND001322,egg,adult,Aphidius_platensis,"Aphidius platensis Brethes, 1913"
development,23,Days,TRAIND001323,egg,adult,Aphidius_platensis,"Aphidius platensis Brethes, 1913"
development,23,Days,TRAIND001324,egg,adult,Aphidius_platensis,"Aphidius platensis Brethes, 1913"
development,22.5,Days,TRAIND001325,egg,adult,Aphidius_platensis,"Aphidius platensis Brethes, 1913"
development,23,Days,TRAIND001326,egg,adult,Aphidius_platensis,"Aphidius platensis Brethes, 1913"
development,22,Days,TRAIND001327,egg,adult,Aphidius_platensis,"Aphidius platensis Brethes, 1913"
development,23,Days,TRAIND001328,egg,adult,Aphidius_platensis,"Aphidius platensis Brethes, 1913"
development,21,Days,TRAIND001329,egg,adult,Aphidius_platensis,"Aphidius platensis Brethes, 1913"
development,20.5,Days,TRAIND001330,egg,adult,Aphidius_platensis,"Aphidius platensis Brethes, 1913"
development,22.5,Days,TRAIND001331,egg,adult,Aphidius_platensis,"Aphidius platensis Brethes, 1913"
development,20.5,Days,TRAIND001332,egg,adult,Aphidius_platensis,"Aphidius platensis Brethes, 1913"
development,23,Days,TRAIND001333,egg,adult,Aphidius_platensis,"Aphidius platensis Brethes, 1913"
development,24,Days,TRAIND001334,egg,adult,Aphidius_platensis,"Aphidius platensis Brethes, 1913"
development,22,Days,TRAIND001335,egg,adult,Aphidius_platensis,"Aphidius platensis Brethes, 1913"
development,22,Days,TRAIND001336,egg,adult,Aphidius_platensis,"Aphidius platensis Brethes, 1913"
development,22,Days,TRAIND001337,egg,adult,Aphidius_platensis,"Aphidius platensis Brethes, 1913"
development,21,Days,TRAIND001338,egg,adult,Aphidius_platensis,"Aphidius platensis Brethes, 1913"
development,22,Days,TRAIND001339,egg,adult,Aphidius_platensis,"Aphidius platensis Brethes, 1913"
development,21,Days,TRAIND001340,egg,adult,Aphidius_platensis,"Aphidius platensis Brethes, 1913"
development,22,Days,TRAIND001341,egg,adult,Aphidius_platensis,"Aphidius platensis Brethes, 1913"
development,23,Days,TRAIND001342,egg,adult,Aphidius_platensis,"Aphidius platensis Brethes, 1913"
development,21,Days,TRAIND001343,egg,adult,Aphidius_platensis,"Aphidius platensis Brethes, 1913"
development,"",Days,TRAIND001344,egg,adult,Aphidius_platensis,"Aphidius platensis Brethes, 1913"
development,21,Days,TRAIND001345,egg,adult,Aphidius_platensis,"Aphidius platensis Brethes, 1913"
development,21,Days,TRAIND001346,egg,adult,Aphidius_platensis,"Aphidius platensis Brethes, 1913"
development,22,Days,TRAIND001347,egg,adult,Aphidius_platensis,"Aphidius platensis Brethes, 1913"
development,20,Days,TRAIND001348,egg,adult,Aphidius_platensis,"Aphidius platensis Brethes, 1913"
development,23,Days,TRAIND001349,egg,adult,Aphidius_platensis,"Aphidius platensis Brethes, 1913"
development,"",Days,TRAIND001350,egg,adult,Aphidius_platensis,"Aphidius platensis Brethes, 1913"
development,22,Days,TRAIND001351,egg,adult,Aphidius_platensis,"Aphidius platensis Brethes, 1913"
development,22,Days,TRAIND001352,egg,adult,Aphidius_platensis,"Aphidius platensis Brethes, 1913"
development,23.5,Days,TRAIND001353,egg,adult,Aphidius_platensis,"Aphidius platensis Brethes, 1913"
development,22,Days,TRAIND001354,egg,adult,Aphidius_platensis,"Aphidius platensis Brethes, 1913"
development,22,Days,TRAIND001355,egg,adult,Aphidius_platensis,"Aphidius platensis Brethes, 1913"
development,23.5,Days,TRAIND001356,egg,adult,Aphidius_platensis,"Aphidius platensis Brethes, 1913"
development,"",Days,TRAIND001357,egg,adult,Aphidius_platensis,"Aphidius platensis Brethes, 1913"
development,"",Days,TRAIND001358,egg,adult,Aphidius_platensis,"Aphidius platensis Brethes, 1913"
development,21,Days,TRAIND001359,egg,adult,Aphidius_platensis,"Aphidius platensis Brethes, 1913"
development,23.5,Days,TRAIND001360,egg,adult,Aphidius_platensis,"Aphidius platensis Brethes, 1913"
development,22.5,Days,TRAIND001361,egg,adult,Aphidius_platensis,"Aphidius platensis Brethes, 1913"
development,24,Days,TRAIND001362,egg,adult,Aphidius_platensis,"Aphidius platensis Brethes, 1913"
development,21.5,Days,TRAIND001363,egg,adult,Aphidius_platensis,"Aphidius platensis Brethes, 1913"
development,24,Days,TRAIND001364,egg,adult,Aphidius_platensis,"Aphidius platensis Brethes, 1913"
development,21,Days,TRAIND001365,egg,adult,Aphidius_platensis,"Aphidius platensis Brethes, 1913"
development,22.5,Days,TRAIND001366,egg,adult,Aphidius_platensis,"Aphidius platensis Brethes, 1913"
development,24,Days,TRAIND001367,egg,adult,Aphidius_platensis,"Aphidius platensis Brethes, 1913"
development,22,Days,TRAIND001368,egg,adult,Aphidius_platensis,"Aphidius platensis Brethes, 1913"
development,21,Days,TRAIND001369,egg,adult,Aphidius_platensis,"Aphidius platensis Brethes, 1913"
development,22,Days,TRAIND001370,egg,adult,Aphidius_platensis,"Aphidius platensis Brethes, 1913"
development,22,Days,TRAIND001371,egg,adult,Aphidius_platensis,"Aphidius platensis Brethes, 1913"
development,21.5,Days,TRAIND001372,egg,adult,Aphidius_platensis,"Aphidius platensis Brethes, 1913"
development,22.5,Days,TRAIND001373,egg,adult,Aphidius_platensis,"Aphidius platensis Brethes, 1913"
development,23.5,Days,TRAIND001374,egg,adult,Aphidius_platensis,"Aphidius platensis Brethes, 1913"
development,"",Days,TRAIND001375,egg,adult,Aphidius_platensis,"Aphidius platensis Brethes, 1913"
development,23,Days,TRAIND001376,egg,adult,Aphidius_platensis,"Aphidius platensis Brethes, 1913"
development,21,Days,TRAIND001377,egg,adult,Aphidius_platensis,"Aphidius platensis Brethes, 1913"
development,22,Days,TRAIND001378,egg,adult,Aphidius_platensis,"Aphidius platensis Brethes, 1913"
development,24,Days,TRAIND001379,egg,adult,Aphidius_platensis,"Aphidius platensis Brethes, 1913"
development,"",Days,TRAIND001380,egg,adult,Aphidius_platensis,"Aphidius platensis Brethes, 1913"
development,22,Days,TRAIND001381,egg,adult,Aphidius_platensis,"Aphidius platensis Brethes, 1913"
development,24,Days,TRAIND001382,egg,adult,Aphidius_platensis,"Aphidius platensis Brethes, 1913"
development,"",Days,TRAIND001383,egg,adult,Aphidius_platensis,"Aphidius platensis Brethes, 1913"
development,21,Days,TRAIND001384,egg,adult,Aphidius_platensis,"Aphidius platensis Brethes, 1913"
development,22,Days,TRAIND001385,egg,adult,Aphidius_platensis,"Aphidius platensis Brethes, 1913"
development,23.5,Days,TRAIND001386,egg,adult,Aphidius_platensis,"Aphidius platensis Brethes, 1913"
development,21,Days,TRAIND001387,egg,adult,Aphidius_platensis,"Aphidius platensis Brethes, 1913"
development,24,Days,TRAIND001388,egg,adult,Aphidius_platensis,"Aphidius platensis Brethes, 1913"
development,21,Days,TRAIND001389,egg,adult,Aphidius_platensis,"Aphidius platensis Brethes, 1913"
development,24,Days,TRAIND001390,egg,adult,Aphidius_platensis,"Aphidius platensis Brethes, 1913"
development,21,Days,TRAIND001391,egg,adult,Aphidius_platensis,"Aphidius platensis Brethes, 1913"
development,22.5,Days,TRAIND001392,egg,adult,Aphidius_platensis,"Aphidius platensis Brethes, 1913"
development,24,Days,TRAIND001393,egg,adult,Aphidius_platensis,"Aphidius platensis Brethes, 1913"
development,23.5,Days,TRAIND001394,egg,adult,Aphidius_platensis,"Aphidius platensis Brethes, 1913"
development,21.5,Days,TRAIND001395,egg,adult,Aphidius_platensis,"Aphidius platensis Brethes, 1913"
development,"",Days,TRAIND001396,egg,adult,Aphidius_platensis,"Aphidius platensis Brethes, 1913"
development,22,Days,TRAIND001397,egg,adult,Aphidius_platensis,"Aphidius platensis Brethes, 1913"
development,23,Days,TRAIND001398,egg,adult,Aphidius_platensis,"Aphidius platensis Brethes, 1913"
development,21,Days,TRAIND001399,egg,adult,Aphidius_platensis,"Aphidius platensis Brethes, 1913"
development,22,Days,TRAIND001400,egg,adult,Aphidius_platensis,"Aphidius platensis Brethes, 1913"
development,26,Days,TRAIND001401,egg,adult,Aphidius_platensis,"Aphidius platensis Brethes, 1913"
development,24,Days,TRAIND001402,egg,adult,Aphidius_platensis,"Aphidius platensis Brethes, 1913"
development,21,Days,TRAIND001403,egg,adult,Aphidius_platensis,"Aphidius platensis Brethes, 1913"
development,22,Days,TRAIND001404,egg,adult,Aphidius_platensis,"Aphidius platensis Brethes, 1913"
development,"",Days,TRAIND001405,egg,adult,Aphidius_platensis,"Aphidius platensis Brethes, 1913"
development,21.5,Days,TRAIND001406,egg,adult,Aphidius_platensis,"Aphidius platensis Brethes, 1913"
development,23,Days,TRAIND001407,egg,adult,Aphidius_platensis,"Aphidius platensis Brethes, 1913"
development,23,Days,TRAIND001408,egg,adult,Aphidius_platensis,"Aphidius platensis Brethes, 1913"
development,25,Days,TRAIND001409,egg,adult,Aphidius_platensis,"Aphidius platensis Brethes, 1913"
development,24,Days,TRAIND001410,egg,adult,Aphidius_platensis,"Aphidius platensis Brethes, 1913"
development,22,Days,TRAIND001411,egg,adult,Aphidius_platensis,"Aphidius platensis Brethes, 1913"
development,24,Days,TRAIND001412,egg,adult,Aphidius_platensis,"Aphidius platensis Brethes, 1913"
development,22,Days,TRAIND001413,egg,adult,Aphidius_platensis,"Aphidius platensis Brethes, 1913"
development,21.5,Days,TRAIND001414,egg,adult,Aphidius_platensis,"Aphidius platensis Brethes, 1913"
development,23,Days,TRAIND001415,egg,adult,Aphidius_platensis,"Aphidius platensis Brethes, 1913"
development,22,Days,TRAIND001416,egg,adult,Aphidius_platensis,"Aphidius platensis Brethes, 1913"
development,22,Days,TRAIND001417,egg,adult,Aphidius_platensis,"Aphidius platensis Brethes, 1913"
development,22,Days,TRAIND001418,egg,adult,Aphidius_platensis,"Aphidius platensis Brethes, 1913"
development,21,Days,TRAIND001419,egg,adult,Aphidius_platensis,"Aphidius platensis Brethes, 1913"
development,20,Days,TRAIND001420,egg,adult,Aphidius_platensis,"Aphidius platensis Brethes, 1913"
development,22,Days,TRAIND001421,egg,adult,Aphidius_platensis,"Aphidius platensis Brethes, 1913"
development,"",Days,TRAIND001422,egg,adult,Aphidius_platensis,"Aphidius platensis Brethes, 1913"
development,"",Days,TRAIND001423,egg,adult,Aphidius_platensis,"Aphidius platensis Brethes, 1913"
development,22,Days,TRAIND001424,egg,adult,Aphidius_platensis,"Aphidius platensis Brethes, 1913"
development,22,Days,TRAIND001425,egg,adult,Aphidius_platensis,"Aphidius platensis Brethes, 1913"
development,21,Days,TRAIND001426,egg,adult,Aphidius_platensis,"Aphidius platensis Brethes, 1913"
development,23.5,Days,TRAIND001427,egg,adult,Aphidius_platensis,"Aphidius platensis Brethes, 1913"
development,24.5,Days,TRAIND001428,egg,adult,Aphidius_platensis,"Aphidius platensis Brethes, 1913"
development,24,Days,TRAIND001429,egg,adult,Aphidius_platensis,"Aphidius platensis Brethes, 1913"
development,21,Days,TRAIND001430,egg,adult,Aphidius_platensis,"Aphidius platensis Brethes, 1913"
development,24,Days,TRAIND001431,egg,adult,Aphidius_platensis,"Aphidius platensis Brethes, 1913"
development,23,Days,TRAIND001432,egg,adult,Aphidius_platensis,"Aphidius platensis Brethes, 1913"
development,22,Days,TRAIND001433,egg,adult,Aphidius_platensis,"Aphidius platensis Brethes, 1913"
development,21,Days,TRAIND001434,egg,adult,Aphidius_platensis,"Aphidius platensis Brethes, 1913"
development,23,Days,TRAIND001435,egg,adult,Aphidius_platensis,"Aphidius platensis Brethes, 1913"
development,19.5,Days,TRAIND001436,egg,adult,Aphidius_platensis,"Aphidius platensis Brethes, 1913"
development,25,Days,TRAIND001437,egg,adult,Aphidius_platensis,"Aphidius platensis Brethes, 1913"
development,23,Days,TRAIND001438,egg,adult,Aphidius_platensis,"Aphidius platensis Brethes, 1913"
development,25,Days,TRAIND001439,egg,adult,Aphidius_platensis,"Aphidius platensis Brethes, 1913"
development,23,Days,TRAIND001440,egg,adult,Aphidius_platensis,"Aphidius platensis Brethes, 1913"
development,22,Days,TRAIND001441,egg,adult,Aphidius_platensis,"Aphidius platensis Brethes, 1913"
development,24.5,Days,TRAIND001442,egg,adult,Aphidius_platensis,"Aphidius platensis Brethes, 1913"
development,24,Days,TRAIND001443,egg,adult,Aphidius_platensis,"Aphidius platensis Brethes, 1913"
development,23,Days,TRAIND001444,egg,adult,Aphidius_platensis,"Aphidius platensis Brethes, 1913"
development,24.5,Days,TRAIND001445,egg,adult,Aphidius_platensis,"Aphidius platensis Brethes, 1913"
development,22,Days,TRAIND001446,egg,adult,Aphidius_platensis,"Aphidius platensis Brethes, 1913"
development,"",Days,TRAIND001447,egg,adult,Aphidius_platensis,"Aphidius platensis Brethes, 1913"
development,22,Days,TRAIND001448,egg,adult,Aphidius_platensis,"Aphidius platensis Brethes, 1913"
development,21,Days,TRAIND001449,egg,adult,Aphidius_platensis,"Aphidius platensis Brethes, 1913"
development,24,Days,TRAIND001450,egg,adult,Aphidius_platensis,"Aphidius platensis Brethes, 1913"
development,23,Days,TRAIND001451,egg,adult,Aphidius_platensis,"Aphidius platensis Brethes, 1913"
development,23,Days,TRAIND001452,egg,adult,Aphidius_platensis,"Aphidius platensis Brethes, 1913"
development,20,Days,TRAIND001453,egg,adult,Aphidius_platensis,"Aphidius platensis Brethes, 1913"
development,23,Days,TRAIND001454,egg,adult,Aphidius_platensis,"Aphidius platensis Brethes, 1913"
development,22,Days,TRAIND001455,egg,adult,Aphidius_platensis,"Aphidius platensis Brethes, 1913"
development,21,Days,TRAIND001456,egg,adult,Aphidius_platensis,"Aphidius platensis Brethes, 1913"
development,23.5,Days,TRAIND001457,egg,adult,Aphidius_platensis,"Aphidius platensis Brethes, 1913"
development,22.5,Days,TRAIND001458,egg,adult,Aphidius_platensis,"Aphidius platensis Brethes, 1913"
development,"",Days,TRAIND001459,egg,adult,Aphidius_platensis,"Aphidius platensis Brethes, 1913"
development,"",Days,TRAIND001460,egg,adult,Aphidius_platensis,"Aphidius platensis Brethes, 1913"
development,24,Days,TRAIND001461,egg,adult,Aphidius_platensis,"Aphidius platensis Brethes, 1913"
development,22,Days,TRAIND001462,egg,adult,Aphidius_platensis,"Aphidius platensis Brethes, 1913"
development,22.5,Days,TRAIND001463,egg,adult,Aphidius_platensis,"Aphidius platensis Brethes, 1913"
development,25,Days,TRAIND001464,egg,adult,Aphidius_platensis,"Aphidius platensis Brethes, 1913"
development,24.5,Days,TRAIND001465,egg,adult,Aphidius_platensis,"Aphidius platensis Brethes, 1913"
development,26,Days,TRAIND001466,egg,adult,Aphidius_platensis,"Aphidius platensis Brethes, 1913"
development,23,Days,TRAIND001467,egg,adult,Aphidius_platensis,"Aphidius platensis Brethes, 1913"
development,20,Days,TRAIND001468,egg,adult,Aphidius_platensis,"Aphidius platensis Brethes, 1913"
development,21.5,Days,TRAIND001469,egg,adult,Aphidius_platensis,"Aphidius platensis Brethes, 1913"
development,22,Days,TRAIND001470,egg,adult,Aphidius_platensis,"Aphidius platensis Brethes, 1913"
development,22,Days,TRAIND001471,egg,adult,Aphidius_platensis,"Aphidius platensis Brethes, 1913"
development,21,Days,TRAIND001472,egg,adult,Aphidius_platensis,"Aphidius platensis Brethes, 1913"
development,23,Days,TRAIND001473,egg,adult,Aphidius_platensis,"Aphidius platensis Brethes, 1913"
development,21.5,Days,TRAIND001474,egg,adult,Aphidius_platensis,"Aphidius platensis Brethes, 1913"
development,23,Days,TRAIND001475,egg,adult,Aphidius_platensis,"Aphidius platensis Brethes, 1913"
development,22,Days,TRAIND001476,egg,adult,Aphidius_platensis,"Aphidius platensis Brethes, 1913"
development,24,Days,TRAIND001477,egg,adult,Aphidius_platensis,"Aphidius platensis Brethes, 1913"
development,23.5,Days,TRAIND001478,egg,adult,Aphidius_platensis,"Aphidius platensis Brethes, 1913"
development,21.5,Days,TRAIND001479,egg,adult,Aphidius_platensis,"Aphidius platensis Brethes, 1913"
development,"",Days,TRAIND001480,egg,adult,Aphidius_platensis,"Aphidius platensis Brethes, 1913"
development,21,Days,TRAIND001481,egg,adult,Aphidius_platensis,"Aphidius platensis Brethes, 1913"
development,21,Days,TRAIND001482,egg,adult,Aphidius_platensis,"Aphidius platensis Brethes, 1913"
development,21,Days,TRAIND001483,egg,adult,Aphidius_platensis,"Aphidius platensis Brethes, 1913"
development,24,Days,TRAIND001484,egg,adult,Aphidius_platensis,"Aphidius platensis Brethes, 1913"
development,23.5,Days,TRAIND001485,egg,adult,Aphidius_platensis,"Aphidius platensis Brethes, 1913"
development,22.5,Days,TRAIND001486,egg,adult,Aphidius_platensis,"Aphidius platensis Brethes, 1913"
development,21,Days,TRAIND001487,egg,adult,Aphidius_platensis,"Aphidius platensis Brethes, 1913"
development,22.5,Days,TRAIND001488,egg,adult,Aphidius_platensis,"Aphidius platensis Brethes, 1913"
development,21,Days,TRAIND001489,egg,adult,Aphidius_platensis,"Aphidius platensis Brethes, 1913"
development,24,Days,TRAIND001490,egg,adult,Aphidius_platensis,"Aphidius platensis Brethes, 1913"
development,22.5,Days,TRAIND001491,egg,adult,Aphidius_platensis,"Aphidius platensis Brethes, 1913"
development,23,Days,TRAIND001492,egg,adult,Aphidius_platensis,"Aphidius platensis Brethes, 1913"
development,22,Days,TRAIND001493,egg,adult,Aphidius_platensis,"Aphidius platensis Brethes, 1913"
development,"",Days,TRAIND001494,egg,adult,Aphidius_platensis,"Aphidius platensis Brethes, 1913"
development,25,Days,TRAIND001495,egg,adult,Aphidius_platensis,"Aphidius platensis Brethes, 1913"
development,23.5,Days,TRAIND001496,egg,adult,Aphidius_platensis,"Aphidius platensis Brethes, 1913"
development,23,Days,TRAIND001497,egg,adult,Aphidius_platensis,"Aphidius platensis Brethes, 1913"
development,24,Days,TRAIND001498,egg,adult,Aphidius_platensis,"Aphidius platensis Brethes, 1913"
development,24,Days,TRAIND001499,egg,adult,Aphidius_platensis,"Aphidius platensis Brethes, 1913"
development,23,Days,TRAIND001500,egg,adult,Aphidius_platensis,"Aphidius platensis Brethes, 1913"
development,22.5,Days,TRAIND001501,egg,adult,Aphidius_platensis,"Aphidius platensis Brethes, 1913"
development,23,Days,TRAIND001502,egg,adult,Aphidius_platensis,"Aphidius platensis Brethes, 1913"
development,24,Days,TRAIND001503,egg,adult,Aphidius_platensis,"Aphidius platensis Brethes, 1913"
development,23.5,Days,TRAIND001504,egg,adult,Aphidius_platensis,"Aphidius platensis Brethes, 1913"
development,21,Days,TRAIND001505,egg,adult,Aphidius_platensis,"Aphidius platensis Brethes, 1913"
development,22,Days,TRAIND001506,egg,adult,Aphidius_platensis,"Aphidius platensis Brethes, 1913"
development,25,Days,TRAIND001507,egg,adult,Aphidius_platensis,"Aphidius platensis Brethes, 1913"
development,25,Days,TRAIND001508,egg,adult,Aphidius_platensis,"Aphidius platensis Brethes, 1913"
development,24,Days,TRAIND001509,egg,adult,Aphidius_platensis,"Aphidius platensis Brethes, 1913"
development,23,Days,TRAIND001510,egg,adult,Aphidius_platensis,"Aphidius platensis Brethes, 1913"
development,23,Days,TRAIND001511,egg,adult,Aphidius_platensis,"Aphidius platensis Brethes, 1913"
development,22.5,Days,TRAIND001512,egg,adult,Aphidius_platensis,"Aphidius platensis Brethes, 1913"
development,21,Days,TRAIND001513,egg,adult,Aphidius_platensis,"Aphidius platensis Brethes, 1913"
development,22.5,Days,TRAIND001514,egg,adult,Aphidius_platensis,"Aphidius platensis Brethes, 1913"
development,22,Days,TRAIND001515,egg,adult,Aphidius_platensis,"Aphidius platensis Brethes, 1913"
development,22,Days,TRAIND001516,egg,adult,Aphidius_platensis,"Aphidius platensis Brethes, 1913"
development,21,Days,TRAIND001517,egg,adult,Aphidius_platensis,"Aphidius platensis Brethes, 1913"
development,22,Days,TRAIND001518,egg,adult,Aphidius_platensis,"Aphidius platensis Brethes, 1913"
development,22,Days,TRAIND001519,egg,adult,Aphidius_platensis,"Aphidius platensis Brethes, 1913"
development,"",Days,TRAIND001520,egg,adult,Aphidius_platensis,"Aphidius platensis Brethes, 1913"
development,22,Days,TRAIND001521,egg,adult,Aphidius_platensis,"Aphidius platensis Brethes, 1913"
development,22.5,Days,TRAIND001522,egg,adult,Aphidius_platensis,"Aphidius platensis Brethes, 1913"
development,21,Days,TRAIND001523,egg,adult,Aphidius_platensis,"Aphidius platensis Brethes, 1913"
development,21,Days,TRAIND001524,egg,adult,Aphidius_platensis,"Aphidius platensis Brethes, 1913"
development,22,Days,TRAIND001525,egg,adult,Aphidius_platensis,"Aphidius platensis Brethes, 1913"
development,21.5,Days,TRAIND001526,egg,adult,Aphidius_platensis,"Aphidius platensis Brethes, 1913"
development,"",Days,TRAIND001527,egg,adult,Aphidius_platensis,"Aphidius platensis Brethes, 1913"
development,21,Days,TRAIND001528,egg,adult,Aphidius_platensis,"Aphidius platensis Brethes, 1913"
development,22.5,Days,TRAIND001529,egg,adult,Aphidius_platensis,"Aphidius platensis Brethes, 1913"
development,22.5,Days,TRAIND001530,egg,adult,Aphidius_platensis,"Aphidius platensis Brethes, 1913"
development,23,Days,TRAIND001531,egg,adult,Aphidius_platensis,"Aphidius platensis Brethes, 1913"
development,22,Days,TRAIND001532,egg,adult,Aphidius_platensis,"Aphidius platensis Brethes, 1913"
development,23,Days,TRAIND001533,egg,adult,Aphidius_platensis,"Aphidius platensis Brethes, 1913"
development,"",Days,TRAIND001534,egg,adult,Aphidius_platensis,"Aphidius platensis Brethes, 1913"
development,22,Days,TRAIND001535,egg,adult,Aphidius_platensis,"Aphidius platensis Brethes, 1913"
development,23,Days,TRAIND001536,egg,adult,Aphidius_platensis,"Aphidius platensis Brethes, 1913"
development,23,Days,TRAIND001537,egg,adult,Aphidius_platensis,"Aphidius platensis Brethes, 1913"
development,22.5,Days,TRAIND001538,egg,adult,Aphidius_platensis,"Aphidius platensis Brethes, 1913"
development,22.5,Days,TRAIND001539,egg,adult,Aphidius_platensis,"Aphidius platensis Brethes, 1913"
development,22.5,Days,TRAIND001540,egg,adult,Aphidius_platensis,"Aphidius platensis Brethes, 1913"
development,21.5,Days,TRAIND001541,egg,adult,Aphidius_platensis,"Aphidius platensis Brethes, 1913"
development,21.5,Days,TRAIND001542,egg,adult,Aphidius_platensis,"Aphidius platensis Brethes, 1913"
development,22,Days,TRAIND001543,egg,adult,Aphidius_platensis,"Aphidius platensis Brethes, 1913"
development,"",Days,TRAIND001544,egg,adult,Aphidius_platensis,"Aphidius platensis Brethes, 1913"
development,23,Days,TRAIND001545,egg,adult,Aphidius_platensis,"Aphidius platensis Brethes, 1913"
development,23,Days,TRAIND001546,egg,adult,Aphidius_platensis,"Aphidius platensis Brethes, 1913"
development,22,Days,TRAIND001547,egg,adult,Aphidius_platensis,"Aphidius platensis Brethes, 1913"
development,"",Days,TRAIND001548,egg,adult,Aphidius_platensis,"Aphidius platensis Brethes, 1913"
development,23,Days,TRAIND001549,egg,adult,Aphidius_platensis,"Aphidius platensis Brethes, 1913"
development,23.5,Days,TRAIND001550,egg,adult,Aphidius_platensis,"Aphidius platensis Brethes, 1913"
development,22.5,Days,TRAIND001551,egg,adult,Aphidius_platensis,"Aphidius platensis Brethes, 1913"
development,20.5,Days,TRAIND001552,egg,adult,Aphidius_platensis,"Aphidius platensis Brethes, 1913"
development,21,Days,TRAIND001553,egg,adult,Aphidius_platensis,"Aphidius platensis Brethes, 1913"
development,"",Days,TRAIND001554,egg,adult,Aphidius_platensis,"Aphidius platensis Brethes, 1913"
development,20.5,Days,TRAIND001555,egg,adult,Aphidius_platensis,"Aphidius platensis Brethes, 1913"
development,22.5,Days,TRAIND001556,egg,adult,Aphidius_platensis,"Aphidius platensis Brethes, 1913"
development,20,Days,TRAIND001557,egg,adult,Aphidius_platensis,"Aphidius platensis Brethes, 1913"
development,23,Days,TRAIND001558,egg,adult,Aphidius_platensis,"Aphidius platensis Brethes, 1913"
development,23,Days,TRAIND001559,egg,adult,Aphidius_platensis,"Aphidius platensis Brethes, 1913"
development,23,Days,TRAIND001560,egg,adult,Aphidius_platensis,"Aphidius platensis Brethes, 1913"
development,23,Days,TRAIND001561,egg,adult,Aphidius_platensis,"Aphidius platensis Brethes, 1913"
development,23.5,Days,TRAIND001562,egg,adult,Aphidius_platensis,"Aphidius platensis Brethes, 1913"
development,"",Days,TRAIND001563,egg,adult,Aphidius_platensis,"Aphidius platensis Brethes, 1913"
development,"",Days,TRAIND001564,egg,adult,Aphidius_platensis,"Aphidius platensis Brethes, 1913"
development,23,Days,TRAIND001565,egg,adult,Aphidius_platensis,"Aphidius platensis Brethes, 1913"
development,20.5,Days,TRAIND001566,egg,adult,Aphidius_platensis,"Aphidius platensis Brethes, 1913"
development,22.5,Days,TRAIND001567,egg,adult,Aphidius_platensis,"Aphidius platensis Brethes, 1913"
development,23,Days,TRAIND001568,egg,adult,Aphidius_platensis,"Aphidius platensis Brethes, 1913"
development,23.5,Days,TRAIND001569,egg,adult,Aphidius_platensis,"Aphidius platensis Brethes, 1913"
development,"",Days,TRAIND001570,egg,adult,Aphidius_platensis,"Aphidius platensis Brethes, 1913"
development,22.5,Days,TRAIND001571,egg,adult,Aphidius_platensis,"Aphidius platensis Brethes, 1913"
development,22,Days,TRAIND001572,egg,adult,Aphidius_platensis,"Aphidius platensis Brethes, 1913"
development,20.5,Days,TRAIND001573,egg,adult,Aphidius_platensis,"Aphidius platensis Brethes, 1913"
development,23,Days,TRAIND001574,egg,adult,Aphidius_platensis,"Aphidius platensis Brethes, 1913"
development,22,Days,TRAIND001575,egg,adult,Aphidius_platensis,"Aphidius platensis Brethes, 1913"
development,22,Days,TRAIND001576,egg,adult,Aphidius_platensis,"Aphidius platensis Brethes, 1913"
development,23.5,Days,TRAIND001577,egg,adult,Aphidius_platensis,"Aphidius platensis Brethes, 1913"
development,23.5,Days,TRAIND001578,egg,adult,Aphidius_platensis,"Aphidius platensis Brethes, 1913"
development,21,Days,TRAIND001579,egg,adult,Aphidius_platensis,"Aphidius platensis Brethes, 1913"
development,21,Days,TRAIND001580,egg,adult,Aphidius_platensis,"Aphidius platensis Brethes, 1913"
development,20.5,Days,TRAIND001581,egg,adult,Aphidius_platensis,"Aphidius platensis Brethes, 1913"
development,21,Days,TRAIND001582,egg,adult,Aphidius_platensis,"Aphidius platensis Brethes, 1913"
development,21,Days,TRAIND001583,egg,adult,Aphidius_platensis,"Aphidius platensis Brethes, 1913"
development,20.5,Days,TRAIND001584,egg,adult,Aphidius_platensis,"Aphidius platensis Brethes, 1913"
development,22,Days,TRAIND001585,egg,adult,Aphidius_platensis,"Aphidius platensis Brethes, 1913"
development,23,Days,TRAIND001586,egg,adult,Aphidius_platensis,"Aphidius platensis Brethes, 1913"
development,22,Days,TRAIND001587,egg,adult,Aphidius_platensis,"Aphidius platensis Brethes, 1913"
development,22,Days,TRAIND001588,egg,adult,Aphidius_platensis,"Aphidius platensis Brethes, 1913"
development,23.5,Days,TRAIND001589,egg,adult,Aphidius_platensis,"Aphidius platensis Brethes, 1913"
development,21,Days,TRAIND001590,egg,adult,Aphidius_platensis,"Aphidius platensis Brethes, 1913"
development,21.5,Days,TRAIND001591,egg,adult,Aphidius_platensis,"Aphidius platensis Brethes, 1913"
development,22.5,Days,TRAIND001592,egg,adult,Aphidius_platensis,"Aphidius platensis Brethes, 1913"
development,21,Days,TRAIND001593,egg,adult,Aphidius_platensis,"Aphidius platensis Brethes, 1913"
development,20.5,Days,TRAIND001594,egg,adult,Aphidius_platensis,"Aphidius platensis Brethes, 1913"
development,21.5,Days,TRAIND001595,egg,adult,Aphidius_platensis,"Aphidius platensis Brethes, 1913"
development,22,Days,TRAIND001596,egg,adult,Aphidius_platensis,"Aphidius platensis Brethes, 1913"
development,21.5,Days,TRAIND001597,egg,adult,Aphidius_platensis,"Aphidius platensis Brethes, 1913"
development,23,Days,TRAIND001598,egg,adult,Aphidius_platensis,"Aphidius platensis Brethes, 1913"
development,22,Days,TRAIND001599,egg,adult,Aphidius_platensis,"Aphidius platensis Brethes, 1913"
development,21,Days,TRAIND001600,egg,adult,Aphidius_platensis,"Aphidius platensis Brethes, 1913"
development,23,Days,TRAIND001601,egg,adult,Aphidius_platensis,"Aphidius platensis Brethes, 1913"
development,19,Days,TRAIND001602,egg,adult,Aphidius_platensis,"Aphidius platensis Brethes, 1913"
development,19,Days,TRAIND001603,egg,adult,Aphidius_platensis,"Aphidius platensis Brethes, 1913"
development,21,Days,TRAIND001604,egg,adult,Aphidius_platensis,"Aphidius platensis Brethes, 1913"
development,"",Days,TRAIND001605,egg,adult,Aphidius_platensis,"Aphidius platensis Brethes, 1913"
development,20.5,Days,TRAIND001606,egg,adult,Aphidius_platensis,"Aphidius platensis Brethes, 1913"
development,21,Days,TRAIND001607,egg,adult,Aphidius_platensis,"Aphidius platensis Brethes, 1913"
development,22,Days,TRAIND001608,egg,adult,Aphidius_platensis,"Aphidius platensis Brethes, 1913"
development,"",Days,TRAIND001609,egg,adult,Aphidius_platensis,"Aphidius platensis Brethes, 1913"
development,23,Days,TRAIND001610,egg,adult,Aphidius_platensis,"Aphidius platensis Brethes, 1913"
development,23.5,Days,TRAIND001611,egg,adult,Aphidius_platensis,"Aphidius platensis Brethes, 1913"
development,22,Days,TRAIND001612,egg,adult,Aphidius_platensis,"Aphidius platensis Brethes, 1913"
development,23.5,Days,TRAIND001613,egg,adult,Aphidius_platensis,"Aphidius platensis Brethes, 1913"
development,20,Days,TRAIND001614,egg,adult,Aphidius_platensis,"Aphidius platensis Brethes, 1913"
development,19,Days,TRAIND001615,egg,adult,Aphidius_platensis,"Aphidius platensis Brethes, 1913"
development,22,Days,TRAIND001616,egg,adult,Aphidius_platensis,"Aphidius platensis Brethes, 1913"
development,21.5,Days,TRAIND001617,egg,adult,Aphidius_platensis,"Aphidius platensis Brethes, 1913"
development,19,Days,TRAIND001618,egg,adult,Aphidius_platensis,"Aphidius platensis Brethes, 1913"
development,21.5,Days,TRAIND001619,egg,adult,Aphidius_platensis,"Aphidius platensis Brethes, 1913"
development,21.5,Days,TRAIND001620,egg,adult,Aphidius_platensis,"Aphidius platensis Brethes, 1913"
development,20,Days,TRAIND001621,egg,adult,Aphidius_platensis,"Aphidius platensis Brethes, 1913"
development,21,Days,TRAIND001622,egg,adult,Aphidius_platensis,"Aphidius platensis Brethes, 1913"
development,22,Days,TRAIND001623,egg,adult,Aphidius_platensis,"Aphidius platensis Brethes, 1913"
development,21.5,Days,TRAIND001624,egg,adult,Aphidius_platensis,"Aphidius platensis Brethes, 1913"
development,24,Days,TRAIND001625,egg,adult,Aphidius_platensis,"Aphidius platensis Brethes, 1913"
development,23,Days,TRAIND001626,egg,adult,Aphidius_platensis,"Aphidius platensis Brethes, 1913"
development,22,Days,TRAIND001627,egg,adult,Aphidius_platensis,"Aphidius platensis Brethes, 1913"
development,"",Days,TRAIND001628,egg,adult,Aphidius_platensis,"Aphidius platensis Brethes, 1913"
development,21,Days,TRAIND001629,egg,adult,Aphidius_platensis,"Aphidius platensis Brethes, 1913"
development,21.5,Days,TRAIND001630,egg,adult,Aphidius_platensis,"Aphidius platensis Brethes, 1913"
development,19,Days,TRAIND001631,egg,adult,Aphidius_platensis,"Aphidius platensis Brethes, 1913"
development,22.5,Days,TRAIND001632,egg,adult,Aphidius_platensis,"Aphidius platensis Brethes, 1913"
development,21.5,Days,TRAIND001633,egg,adult,Aphidius_platensis,"Aphidius platensis Brethes, 1913"
development,20,Days,TRAIND001634,egg,adult,Aphidius_platensis,"Aphidius platensis Brethes, 1913"
development,22,Days,TRAIND001635,egg,adult,Aphidius_platensis,"Aphidius platensis Brethes, 1913"
development,19,Days,TRAIND001636,egg,adult,Aphidius_platensis,"Aphidius platensis Brethes, 1913"
development,24,Days,TRAIND001637,egg,adult,Aphidius_platensis,"Aphidius platensis Brethes, 1913"
development,21.5,Days,TRAIND001638,egg,adult,Aphidius_platensis,"Aphidius platensis Brethes, 1913"
development,21.5,Days,TRAIND001639,egg,adult,Aphidius_platensis,"Aphidius platensis Brethes, 1913"
development,23.5,Days,TRAIND001640,egg,adult,Aphidius_platensis,"Aphidius platensis Brethes, 1913"
development,22,Days,TRAIND001641,egg,adult,Aphidius_platensis,"Aphidius platensis Brethes, 1913"
development,21,Days,TRAIND001642,egg,adult,Aphidius_platensis,"Aphidius platensis Brethes, 1913"
development,22,Days,TRAIND001643,egg,adult,Aphidius_platensis,"Aphidius platensis Brethes, 1913"
development,"",Days,TRAIND001644,egg,adult,Aphidius_platensis,"Aphidius platensis Brethes, 1913"
development,25,Days,TRAIND001645,egg,adult,Aphidius_platensis,"Aphidius platensis Brethes, 1913"
development,"",Days,TRAIND001646,egg,adult,Aphidius_platensis,"Aphidius platensis Brethes, 1913"
development,22,Days,TRAIND001647,egg,adult,Aphidius_platensis,"Aphidius platensis Brethes, 1913"
development,25.5,Days,TRAIND001648,egg,adult,Aphidius_platensis,"Aphidius platensis Brethes, 1913"
development,22,Days,TRAIND001649,egg,adult,Aphidius_platensis,"Aphidius platensis Brethes, 1913"
development,24,Days,TRAIND001650,egg,adult,Aphidius_platensis,"Aphidius platensis Brethes, 1913"
development,20.5,Days,TRAIND001651,egg,adult,Aphidius_platensis,"Aphidius platensis Brethes, 1913"
development,19,Days,TRAIND001652,egg,adult,Aphidius_platensis,"Aphidius platensis Brethes, 1913"
development,19,Days,TRAIND001653,egg,adult,Aphidius_platensis,"Aphidius platensis Brethes, 1913"
development,22,Days,TRAIND001654,egg,adult,Aphidius_platensis,"Aphidius platensis Brethes, 1913"
development,"",Days,TRAIND001655,egg,adult,Aphidius_platensis,"Aphidius platensis Brethes, 1913"
development,21.5,Days,TRAIND001656,egg,adult,Aphidius_platensis,"Aphidius platensis Brethes, 1913"
development,21.5,Days,TRAIND001657,egg,adult,Aphidius_platensis,"Aphidius platensis Brethes, 1913"
development,22,Days,TRAIND001658,egg,adult,Aphidius_platensis,"Aphidius platensis Brethes, 1913"
development,19.5,Days,TRAIND001659,egg,adult,Aphidius_platensis,"Aphidius platensis Brethes, 1913"
development,21.5,Days,TRAIND001660,egg,adult,Aphidius_platensis,"Aphidius platensis Brethes, 1913"
development,23,Days,TRAIND001661,egg,adult,Aphidius_platensis,"Aphidius platensis Brethes, 1913"
development,24,Days,TRAIND001662,egg,adult,Aphidius_platensis,"Aphidius platensis Brethes, 1913"
development,21,Days,TRAIND001663,egg,adult,Aphidius_platensis,"Aphidius platensis Brethes, 1913"
development,23.5,Days,TRAIND001664,egg,adult,Aphidius_platensis,"Aphidius platensis Brethes, 1913"
development,19,Days,TRAIND001665,egg,adult,Aphidius_platensis,"Aphidius platensis Brethes, 1913"
development,21,Days,TRAIND001666,egg,adult,Aphidius_platensis,"Aphidius platensis Brethes, 1913"
development,19,Days,TRAIND001667,egg,adult,Aphidius_platensis,"Aphidius platensis Brethes, 1913"
development,21,Days,TRAIND001668,egg,adult,Aphidius_platensis,"Aphidius platensis Brethes, 1913"
development,24,Days,TRAIND001669,egg,adult,Aphidius_platensis,"Aphidius platensis Brethes, 1913"
development,22,Days,TRAIND001670,egg,adult,Aphidius_platensis,"Aphidius platensis Brethes, 1913"
development,23,Days,TRAIND001671,egg,adult,Aphidius_platensis,"Aphidius platensis Brethes, 1913"
development,"",Days,TRAIND001672,egg,adult,Aphidius_platensis,"Aphidius platensis Brethes, 1913"
development,23,Days,TRAIND001673,egg,adult,Aphidius_platensis,"Aphidius platensis Brethes, 1913"
development,22,Days,TRAIND001674,egg,adult,Aphidius_platensis,"Aphidius platensis Brethes, 1913"
development,19.5,Days,TRAIND001675,egg,adult,Aphidius_platensis,"Aphidius platensis Brethes, 1913"
development,22.5,Days,TRAIND001676,egg,adult,Aphidius_platensis,"Aphidius platensis Brethes, 1913"
development,21,Days,TRAIND001677,egg,adult,Aphidius_platensis,"Aphidius platensis Brethes, 1913"
development,23.5,Days,TRAIND001678,egg,adult,Aphidius_platensis,"Aphidius platensis Brethes, 1913"
development,21,Days,TRAIND001679,egg,adult,Aphidius_platensis,"Aphidius platensis Brethes, 1913"
development,21.5,Days,TRAIND001680,egg,adult,Aphidius_platensis,"Aphidius platensis Brethes, 1913"
development,23,Days,TRAIND001681,egg,adult,Aphidius_platensis,"Aphidius platensis Brethes, 1913"
development,23,Days,TRAIND001682,egg,adult,Aphidius_platensis,"Aphidius platensis Brethes, 1913"
development,25,Days,TRAIND001683,egg,adult,Aphidius_platensis,"Aphidius platensis Brethes, 1913"
development,23,Days,TRAIND001684,egg,adult,Aphidius_platensis,"Aphidius platensis Brethes, 1913"
development,24.5,Days,TRAIND001685,egg,adult,Aphidius_platensis,"Aphidius platensis Brethes, 1913"
development,19.5,Days,TRAIND001686,egg,adult,Aphidius_platensis,"Aphidius platensis Brethes, 1913"
development,21.5,Days,TRAIND001687,egg,adult,Aphidius_platensis,"Aphidius platensis Brethes, 1913"
development,25,Days,TRAIND001688,egg,adult,Aphidius_platensis,"Aphidius platensis Brethes, 1913"
development,23,Days,TRAIND001689,egg,adult,Aphidius_platensis,"Aphidius platensis Brethes, 1913"
development,20.5,Days,TRAIND001690,egg,adult,Aphidius_platensis,"Aphidius platensis Brethes, 1913"
development,21,Days,TRAIND001691,egg,adult,Aphidius_platensis,"Aphidius platensis Brethes, 1913"
development,20,Days,TRAIND001692,egg,adult,Aphidius_platensis,"Aphidius platensis Brethes, 1913"
development,19.5,Days,TRAIND001693,egg,adult,Aphidius_platensis,"Aphidius platensis Brethes, 1913"
development,22.5,Days,TRAIND001694,egg,adult,Aphidius_platensis,"Aphidius platensis Brethes, 1913"
development,20,Days,TRAIND001695,egg,adult,Aphidius_platensis,"Aphidius platensis Brethes, 1913"
development,20,Days,TRAIND001696,egg,adult,Aphidius_platensis,"Aphidius platensis Brethes, 1913"
development,22,Days,TRAIND001697,egg,adult,Aphidius_platensis,"Aphidius platensis Brethes, 1913"
development,22.5,Days,TRAIND001698,egg,adult,Aphidius_platensis,"Aphidius platensis Brethes, 1913"
development,23,Days,TRAIND001699,egg,adult,Aphidius_platensis,"Aphidius platensis Brethes, 1913"
development,22,Days,TRAIND001700,egg,adult,Aphidius_platensis,"Aphidius platensis Brethes, 1913"
development,23,Days,TRAIND001701,egg,adult,Aphidius_platensis,"Aphidius platensis Brethes, 1913"
development,24,Days,TRAIND001702,egg,adult,Aphidius_platensis,"Aphidius platensis Brethes, 1913"
development,23,Days,TRAIND001703,egg,adult,Aphidius_platensis,"Aphidius platensis Brethes, 1913"
development,23,Days,TRAIND001704,egg,adult,Aphidius_platensis,"Aphidius platensis Brethes, 1913"
development,20.5,Days,TRAIND001705,egg,adult,Aphidius_platensis,"Aphidius platensis Brethes, 1913"
development,22.5,Days,TRAIND001706,egg,adult,Aphidius_platensis,"Aphidius platensis Brethes, 1913"
development,22.5,Days,TRAIND001707,egg,adult,Aphidius_platensis,"Aphidius platensis Brethes, 1913"
development,20,Days,TRAIND001708,egg,adult,Aphidius_platensis,"Aphidius platensis Brethes, 1913"
development,21.5,Days,TRAIND001709,egg,adult,Aphidius_platensis,"Aphidius platensis Brethes, 1913"
development,22,Days,TRAIND001710,egg,adult,Aphidius_platensis,"Aphidius platensis Brethes, 1913"
development,21.5,Days,TRAIND001711,egg,adult,Aphidius_platensis,"Aphidius platensis Brethes, 1913"
development,24,Days,TRAIND001712,egg,adult,Aphidius_platensis,"Aphidius platensis Brethes, 1913"
development,18,Days,TRAIND001713,egg,adult,Aphidius_platensis,"Aphidius platensis Brethes, 1913"
development,21,Days,TRAIND001714,egg,adult,Aphidius_platensis,"Aphidius platensis Brethes, 1913"
development,20.5,Days,TRAIND001715,egg,adult,Aphidius_platensis,"Aphidius platensis Brethes, 1913"
development,21.5,Days,TRAIND001716,egg,adult,Aphidius_platensis,"Aphidius platensis Brethes, 1913"
development,20,Days,TRAIND001717,egg,adult,Aphidius_platensis,"Aphidius platensis Brethes, 1913"
development,"",Days,TRAIND001718,egg,adult,Aphidius_platensis,"Aphidius platensis Brethes, 1913"
development,"",Days,TRAIND001719,egg,adult,Aphidius_platensis,"Aphidius platensis Brethes, 1913"
development,21.5,Days,TRAIND001720,egg,adult,Aphidius_platensis,"Aphidius platensis Brethes, 1913"
development,23,Days,TRAIND001721,egg,adult,Aphidius_platensis,"Aphidius platensis Brethes, 1913"
development,21.5,Days,TRAIND001722,egg,adult,Aphidius_platensis,"Aphidius platensis Brethes, 1913"
development,23.5,Days,TRAIND001723,egg,adult,Aphidius_platensis,"Aphidius platensis Brethes, 1913"
development,25.5,Days,TRAIND001724,egg,adult,Aphidius_platensis,"Aphidius platensis Brethes, 1913"
development,"",Days,TRAIND001725,egg,adult,Aphidius_platensis,"Aphidius platensis Brethes, 1913"
development,21,Days,TRAIND001726,egg,adult,Aphidius_platensis,"Aphidius platensis Brethes, 1913"
development,22,Days,TRAIND001727,egg,adult,Aphidius_platensis,"Aphidius platensis Brethes, 1913"
development,20.5,Days,TRAIND001728,egg,adult,Aphidius_platensis,"Aphidius platensis Brethes, 1913"
development,22,Days,TRAIND001729,egg,adult,Aphidius_platensis,"Aphidius platensis Brethes, 1913"
development,21,Days,TRAIND001730,egg,adult,Aphidius_platensis,"Aphidius platensis Brethes, 1913"
development,22.5,Days,TRAIND001731,egg,adult,Aphidius_platensis,"Aphidius platensis Brethes, 1913"
development,23,Days,TRAIND001732,egg,adult,Aphidius_platensis,"Aphidius platensis Brethes, 1913"
development,20.5,Days,TRAIND001733,egg,adult,Aphidius_platensis,"Aphidius platensis Brethes, 1913"
development,23,Days,TRAIND001734,egg,adult,Aphidius_platensis,"Aphidius platensis Brethes, 1913"
development,25,Days,TRAIND001735,egg,adult,Aphidius_platensis,"Aphidius platensis Brethes, 1913"
development,23.5,Days,TRAIND001736,egg,adult,Aphidius_platensis,"Aphidius platensis Brethes, 1913"
development,20,Days,TRAIND001737,egg,adult,Aphidius_platensis,"Aphidius platensis Brethes, 1913"
development,24,Days,TRAIND001738,egg,adult,Aphidius_platensis,"Aphidius platensis Brethes, 1913"
development,24,Days,TRAIND001739,egg,adult,Aphidius_platensis,"Aphidius platensis Brethes, 1913"
development,22,Days,TRAIND001740,egg,adult,Aphidius_platensis,"Aphidius platensis Brethes, 1913"
development,24,Days,TRAIND001741,egg,adult,Aphidius_platensis,"Aphidius platensis Brethes, 1913"
development,20.5,Days,TRAIND001742,egg,adult,Aphidius_platensis,"Aphidius platensis Brethes, 1913"
development,22.5,Days,TRAIND001743,egg,adult,Aphidius_platensis,"Aphidius platensis Brethes, 1913"
development,24,Days,TRAIND001744,egg,adult,Aphidius_platensis,"Aphidius platensis Brethes, 1913"
development,21,Days,TRAIND001745,egg,adult,Aphidius_platensis,"Aphidius platensis Brethes, 1913"
development,21.5,Days,TRAIND001746,egg,adult,Aphidius_platensis,"Aphidius platensis Brethes, 1913"
development,22.5,Days,TRAIND001747,egg,adult,Aphidius_platensis,"Aphidius platensis Brethes, 1913"
development,23.5,Days,TRAIND001748,egg,adult,Aphidius_platensis,"Aphidius platensis Brethes, 1913"
development,22,Days,TRAIND001749,egg,adult,Aphidius_platensis,"Aphidius platensis Brethes, 1913"
development,23.5,Days,TRAIND001750,egg,adult,Aphidius_platensis,"Aphidius platensis Brethes, 1913"
development,21,Days,TRAIND001751,egg,adult,Aphidius_platensis,"Aphidius platensis Brethes, 1913"
development,21.5,Days,TRAIND001752,egg,adult,Aphidius_platensis,"Aphidius platensis Brethes, 1913"
development,21.5,Days,TRAIND001753,egg,adult,Aphidius_platensis,"Aphidius platensis Brethes, 1913"
development,21.5,Days,TRAIND001754,egg,adult,Aphidius_platensis,"Aphidius platensis Brethes, 1913"
development,24.5,Days,TRAIND001755,egg,adult,Aphidius_platensis,"Aphidius platensis Brethes, 1913"
development,23,Days,TRAIND001756,egg,adult,Aphidius_platensis,"Aphidius platensis Brethes, 1913"
development,"",Days,TRAIND001757,egg,adult,Aphidius_platensis,"Aphidius platensis Brethes, 1913"
development,21.5,Days,TRAIND001758,egg,adult,Aphidius_platensis,"Aphidius platensis Brethes, 1913"
development,22.5,Days,TRAIND001759,egg,adult,Aphidius_platensis,"Aphidius platensis Brethes, 1913"
development,24,Days,TRAIND001760,egg,adult,Aphidius_platensis,"Aphidius platensis Brethes, 1913"
development,22,Days,TRAIND001761,egg,adult,Aphidius_platensis,"Aphidius platensis Brethes, 1913"
development,23,Days,TRAIND001762,egg,adult,Aphidius_platensis,"Aphidius platensis Brethes, 1913"
development,21.5,Days,TRAIND001763,egg,adult,Aphidius_platensis,"Aphidius platensis Brethes, 1913"
development,22,Days,TRAIND001764,egg,adult,Aphidius_platensis,"Aphidius platensis Brethes, 1913"
development,23.5,Days,TRAIND001765,egg,adult,Aphidius_platensis,"Aphidius platensis Brethes, 1913"
development,21,Days,TRAIND001766,egg,adult,Aphidius_platensis,"Aphidius platensis Brethes, 1913"
development,21.5,Days,TRAIND001767,egg,adult,Aphidius_platensis,"Aphidius platensis Brethes, 1913"
development,23,Days,TRAIND001768,egg,adult,Aphidius_platensis,"Aphidius platensis Brethes, 1913"
development,23.5,Days,TRAIND001769,egg,adult,Aphidius_platensis,"Aphidius platensis Brethes, 1913"
development,"",Days,TRAIND001770,egg,adult,Aphidius_platensis,"Aphidius platensis Brethes, 1913"
development,"",Days,TRAIND001771,egg,adult,Aphidius_platensis,"Aphidius platensis Brethes, 1913"
development,25.5,Days,TRAIND001772,egg,adult,Aphidius_platensis,"Aphidius platensis Brethes, 1913"
development,24,Days,TRAIND001773,egg,adult,Aphidius_platensis,"Aphidius platensis Brethes, 1913"
development,23,Days,TRAIND001774,egg,adult,Aphidius_platensis,"Aphidius platensis Brethes, 1913"
development,24.5,Days,TRAIND001775,egg,adult,Aphidius_platensis,"Aphidius platensis Brethes, 1913"
development,26,Days,TRAIND001776,egg,adult,Aphidius_platensis,"Aphidius platensis Brethes, 1913"
development,21,Days,TRAIND001777,egg,adult,Aphidius_platensis,"Aphidius platensis Brethes, 1913"
development,23,Days,TRAIND001778,egg,adult,Aphidius_platensis,"Aphidius platensis Brethes, 1913"
development,21.5,Days,TRAIND001779,egg,adult,Aphidius_platensis,"Aphidius platensis Brethes, 1913"
development,20.5,Days,TRAIND001780,egg,adult,Aphidius_platensis,"Aphidius platensis Brethes, 1913"
development,21.5,Days,TRAIND001781,egg,adult,Aphidius_platensis,"Aphidius platensis Brethes, 1913"
development,21,Days,TRAIND001782,egg,adult,Aphidius_platensis,"Aphidius platensis Brethes, 1913"
development,23,Days,TRAIND001783,egg,adult,Aphidius_platensis,"Aphidius platensis Brethes, 1913"
development,21,Days,TRAIND001784,egg,adult,Aphidius_platensis,"Aphidius platensis Brethes, 1913"
development,22.5,Days,TRAIND001785,egg,adult,Aphidius_platensis,"Aphidius platensis Brethes, 1913"
development,22,Days,TRAIND001786,egg,adult,Aphidius_platensis,"Aphidius platensis Brethes, 1913"
development,24,Days,TRAIND001787,egg,adult,Aphidius_platensis,"Aphidius platensis Brethes, 1913"
development,25.5,Days,TRAIND001788,egg,adult,Aphidius_platensis,"Aphidius platensis Brethes, 1913"
development,24,Days,TRAIND001789,egg,adult,Aphidius_platensis,"Aphidius platensis Brethes, 1913"
development,24.5,Days,TRAIND001790,egg,adult,Aphidius_platensis,"Aphidius platensis Brethes, 1913"
development,21.5,Days,TRAIND001791,egg,adult,Aphidius_platensis,"Aphidius platensis Brethes, 1913"
development,"",Days,TRAIND001792,egg,adult,Aphidius_platensis,"Aphidius platensis Brethes, 1913"
development,23.5,Days,TRAIND001793,egg,adult,Aphidius_platensis,"Aphidius platensis Brethes, 1913"
development,21.5,Days,TRAIND001794,egg,adult,Aphidius_platensis,"Aphidius platensis Brethes, 1913"
development,22.5,Days,TRAIND001795,egg,adult,Aphidius_platensis,"Aphidius platensis Brethes, 1913"
development,21,Days,TRAIND001796,egg,adult,Aphidius_platensis,"Aphidius platensis Brethes, 1913"
development,25,Days,TRAIND001797,egg,adult,Aphidius_platensis,"Aphidius platensis Brethes, 1913"
development,21.5,Days,TRAIND001798,egg,adult,Aphidius_platensis,"Aphidius platensis Brethes, 1913"
development,22,Days,TRAIND001799,egg,adult,Aphidius_platensis,"Aphidius platensis Brethes, 1913"
development,23.5,Days,TRAIND001800,egg,adult,Aphidius_platensis,"Aphidius platensis Brethes, 1913"
development,23,Days,TRAIND001801,egg,adult,Aphidius_platensis,"Aphidius platensis Brethes, 1913"
development,22,Days,TRAIND001802,egg,adult,Aphidius_platensis,"Aphidius platensis Brethes, 1913"
development,21.5,Days,TRAIND001803,egg,adult,Aphidius_platensis,"Aphidius platensis Brethes, 1913"
development,22,Days,TRAIND001804,egg,adult,Aphidius_platensis,"Aphidius platensis Brethes, 1913"
development,21.5,Days,TRAIND001805,egg,adult,Aphidius_platensis,"Aphidius platensis Brethes, 1913"
development,23,Days,TRAIND001806,egg,adult,Aphidius_platensis,"Aphidius platensis Brethes, 1913"
development,22,Days,TRAIND001807,egg,adult,Aphidius_platensis,"Aphidius platensis Brethes, 1913"
development,22.5,Days,TRAIND001808,egg,adult,Aphidius_platensis,"Aphidius platensis Brethes, 1913"
development,22.5,Days,TRAIND001809,egg,adult,Aphidius_platensis,"Aphidius platensis Brethes, 1913"
development,22,Days,TRAIND001810,egg,adult,Aphidius_platensis,"Aphidius platensis Brethes, 1913"
development,22.5,Days,TRAIND001811,egg,adult,Aphidius_platensis,"Aphidius platensis Brethes, 1913"
development,"",Days,TRAIND001812,egg,adult,Aphidius_platensis,"Aphidius platensis Brethes, 1913"
development,23,Days,TRAIND001813,egg,adult,Aphidius_platensis,"Aphidius platensis Brethes, 1913"
development,22.5,Days,TRAIND001814,egg,adult,Aphidius_platensis,"Aphidius platensis Brethes, 1913"
development,22,Days,TRAIND001815,egg,adult,Aphidius_platensis,"Aphidius platensis Brethes, 1913"
development,22,Days,TRAIND001816,egg,adult,Aphidius_platensis,"Aphidius platensis Brethes, 1913"
development,22.5,Days,TRAIND001817,egg,adult,Aphidius_platensis,"Aphidius platensis Brethes, 1913"
development,22,Days,TRAIND001818,egg,adult,Aphidius_platensis,"Aphidius platensis Brethes, 1913"
development,21,Days,TRAIND001819,egg,adult,Aphidius_platensis,"Aphidius platensis Brethes, 1913"
development,24,Days,TRAIND001820,egg,adult,Aphidius_platensis,"Aphidius platensis Brethes, 1913"
development,23,Days,TRAIND001821,egg,adult,Aphidius_platensis,"Aphidius platensis Brethes, 1913"
development,23.5,Days,TRAIND001822,egg,adult,Aphidius_platensis,"Aphidius platensis Brethes, 1913"
development,23.5,Days,TRAIND001823,egg,adult,Aphidius_platensis,"Aphidius platensis Brethes, 1913"
development,24,Days,TRAIND001824,egg,adult,Aphidius_platensis,"Aphidius platensis Brethes, 1913"
development,21,Days,TRAIND001825,egg,adult,Aphidius_platensis,"Aphidius platensis Brethes, 1913"
development,23.5,Days,TRAIND001826,egg,adult,Aphidius_platensis,"Aphidius platensis Brethes, 1913"
development,"",Days,TRAIND001827,egg,adult,Aphidius_platensis,"Aphidius platensis Brethes, 1913"
development,22.5,Days,TRAIND001828,egg,adult,Aphidius_platensis,"Aphidius platensis Brethes, 1913"
development,23.5,Days,TRAIND001829,egg,adult,Aphidius_platensis,"Aphidius platensis Brethes, 1913"
development,22,Days,TRAIND001830,egg,adult,Aphidius_platensis,"Aphidius platensis Brethes, 1913"
development,21.5,Days,TRAIND001831,egg,adult,Aphidius_platensis,"Aphidius platensis Brethes, 1913"
development,21.5,Days,TRAIND001832,egg,adult,Aphidius_platensis,"Aphidius platensis Brethes, 1913"
development,22,Days,TRAIND001833,egg,adult,Aphidius_platensis,"Aphidius platensis Brethes, 1913"
development,22.5,Days,TRAIND001834,egg,adult,Aphidius_platensis,"Aphidius platensis Brethes, 1913"
development,22,Days,TRAIND001835,egg,adult,Aphidius_platensis,"Aphidius platensis Brethes, 1913"
development,21.5,Days,TRAIND001836,egg,adult,Aphidius_platensis,"Aphidius platensis Brethes, 1913"
development,23,Days,TRAIND001837,egg,adult,Aphidius_platensis,"Aphidius platensis Brethes, 1913"
development,21.5,Days,TRAIND001838,egg,adult,Aphidius_platensis,"Aphidius platensis Brethes, 1913"
development,20,Days,TRAIND001839,egg,adult,Aphidius_platensis,"Aphidius platensis Brethes, 1913"
development,20.5,Days,TRAIND001840,egg,adult,Aphidius_platensis,"Aphidius platensis Brethes, 1913"
development,"",Days,TRAIND001841,egg,adult,Aphidius_platensis,"Aphidius platensis Brethes, 1913"
development,21,Days,TRAIND001842,egg,adult,Aphidius_platensis,"Aphidius platensis Brethes, 1913"
development,23,Days,TRAIND001843,egg,adult,Aphidius_platensis,"Aphidius platensis Brethes, 1913"
development,24,Days,TRAIND001844,egg,adult,Aphidius_platensis,"Aphidius platensis Brethes, 1913"
development,25.5,Days,TRAIND001845,egg,adult,Aphidius_platensis,"Aphidius platensis Brethes, 1913"
development,23,Days,TRAIND001846,egg,adult,Aphidius_platensis,"Aphidius platensis Brethes, 1913"
development,20,Days,TRAIND001847,egg,adult,Aphidius_platensis,"Aphidius platensis Brethes, 1913"
development,21.5,Days,TRAIND001848,egg,adult,Aphidius_platensis,"Aphidius platensis Brethes, 1913"
development,21.5,Days,TRAIND001849,egg,adult,Aphidius_platensis,"Aphidius platensis Brethes, 1913"
development,23,Days,TRAIND001850,egg,adult,Aphidius_platensis,"Aphidius platensis Brethes, 1913"
development,25,Days,TRAIND001851,egg,adult,Aphidius_platensis,"Aphidius platensis Brethes, 1913"
development,23.5,Days,TRAIND001852,egg,adult,Aphidius_platensis,"Aphidius platensis Brethes, 1913"
development,24.5,Days,TRAIND001853,egg,adult,Aphidius_platensis,"Aphidius platensis Brethes, 1913"
development,21,Days,TRAIND001854,egg,adult,Aphidius_platensis,"Aphidius platensis Brethes, 1913"
development,23,Days,TRAIND001855,egg,adult,Aphidius_platensis,"Aphidius platensis Brethes, 1913"
development,22,Days,TRAIND001856,egg,adult,Aphidius_platensis,"Aphidius platensis Brethes, 1913"
development,20,Days,TRAIND001857,egg,adult,Aphidius_platensis,"Aphidius platensis Brethes, 1913"
development,21,Days,TRAIND001858,egg,adult,Aphidius_platensis,"Aphidius platensis Brethes, 1913"
development,20.5,Days,TRAIND001859,egg,adult,Aphidius_platensis,"Aphidius platensis Brethes, 1913"
development,20,Days,TRAIND001860,egg,adult,Aphidius_platensis,"Aphidius platensis Brethes, 1913"
development,23.5,Days,TRAIND001861,egg,adult,Aphidius_platensis,"Aphidius platensis Brethes, 1913"
development,23,Days,TRAIND001862,egg,adult,Aphidius_platensis,"Aphidius platensis Brethes, 1913"
development,24.5,Days,TRAIND001863,egg,adult,Aphidius_platensis,"Aphidius platensis Brethes, 1913"
development,24,Days,TRAIND001864,egg,adult,Aphidius_platensis,"Aphidius platensis Brethes, 1913"
development,22,Days,TRAIND001865,egg,adult,Aphidius_platensis,"Aphidius platensis Brethes, 1913"
development,22.5,Days,TRAIND001866,egg,adult,Aphidius_platensis,"Aphidius platensis Brethes, 1913"
development,22.5,Days,TRAIND001867,egg,adult,Aphidius_platensis,"Aphidius platensis Brethes, 1913"
development,22.5,Days,TRAIND001868,egg,adult,Aphidius_platensis,"Aphidius platensis Brethes, 1913"
development,22,Days,TRAIND001869,egg,adult,Aphidius_platensis,"Aphidius platensis Brethes, 1913"
development,20.5,Days,TRAIND001870,egg,adult,Aphidius_platensis,"Aphidius platensis Brethes, 1913"
development,19,Days,TRAIND001871,egg,adult,Aphidius_platensis,"Aphidius platensis Brethes, 1913"
development,22,Days,TRAIND001872,egg,adult,Aphidius_platensis,"Aphidius platensis Brethes, 1913"
development,22.5,Days,TRAIND001873,egg,adult,Aphidius_platensis,"Aphidius platensis Brethes, 1913"
development,23,Days,TRAIND001874,egg,adult,Aphidius_platensis,"Aphidius platensis Brethes, 1913"
development,21,Days,TRAIND001875,egg,adult,Aphidius_platensis,"Aphidius platensis Brethes, 1913"
development,23,Days,TRAIND001876,egg,adult,Aphidius_platensis,"Aphidius platensis Brethes, 1913"
development,22,Days,TRAIND001877,egg,adult,Aphidius_platensis,"Aphidius platensis Brethes, 1913"
development,21.5,Days,TRAIND001878,egg,adult,Aphidius_platensis,"Aphidius platensis Brethes, 1913"
development,23,Days,TRAIND001879,egg,adult,Aphidius_platensis,"Aphidius platensis Brethes, 1913"
development,21.5,Days,TRAIND001880,egg,adult,Aphidius_platensis,"Aphidius platensis Brethes, 1913"
development,22,Days,TRAIND001881,egg,adult,Aphidius_platensis,"Aphidius platensis Brethes, 1913"
development,22,Days,TRAIND001882,egg,adult,Aphidius_platensis,"Aphidius platensis Brethes, 1913"
development,21,Days,TRAIND001883,egg,adult,Aphidius_platensis,"Aphidius platensis Brethes, 1913"
development,21.5,Days,TRAIND001884,egg,adult,Aphidius_platensis,"Aphidius platensis Brethes, 1913"
development,26,Days,TRAIND001885,egg,adult,Aphidius_platensis,"Aphidius platensis Brethes, 1913"
development,23.5,Days,TRAIND001886,egg,adult,Aphidius_platensis,"Aphidius platensis Brethes, 1913"
development,23,Days,TRAIND001887,egg,adult,Aphidius_platensis,"Aphidius platensis Brethes, 1913"
development,19.5,Days,TRAIND001888,egg,adult,Aphidius_platensis,"Aphidius platensis Brethes, 1913"
development,20.5,Days,TRAIND001889,egg,adult,Aphidius_platensis,"Aphidius platensis Brethes, 1913"
development,23,Days,TRAIND001890,egg,adult,Aphidius_platensis,"Aphidius platensis Brethes, 1913"
development,22.5,Days,TRAIND001891,egg,adult,Aphidius_platensis,"Aphidius platensis Brethes, 1913"
development,23,Days,TRAIND001892,egg,adult,Aphidius_platensis,"Aphidius platensis Brethes, 1913"
development,22.5,Days,TRAIND001893,egg,adult,Aphidius_platensis,"Aphidius platensis Brethes, 1913"
development,21,Days,TRAIND001894,egg,adult,Aphidius_platensis,"Aphidius platensis Brethes, 1913"
development,23,Days,TRAIND001895,egg,adult,Aphidius_platensis,"Aphidius platensis Brethes, 1913"
development,22,Days,TRAIND001896,egg,adult,Aphidius_platensis,"Aphidius platensis Brethes, 1913"
development,20.5,Days,TRAIND001897,egg,adult,Aphidius_platensis,"Aphidius platensis Brethes, 1913"
development,22,Days,TRAIND001898,egg,adult,Aphidius_platensis,"Aphidius platensis Brethes, 1913"
development,18,Days,TRAIND001899,egg,adult,Aphidius_platensis,"Aphidius platensis Brethes, 1913"
development,20,Days,TRAIND001900,egg,adult,Aphidius_platensis,"Aphidius platensis Brethes, 1913"
development,21.5,Days,TRAIND001901,egg,adult,Aphidius_platensis,"Aphidius platensis Brethes, 1913"
development,20,Days,TRAIND001902,egg,adult,Aphidius_platensis,"Aphidius platensis Brethes, 1913"
development,22.5,Days,TRAIND001903,egg,adult,Aphidius_platensis,"Aphidius platensis Brethes, 1913"
development,21.5,Days,TRAIND001904,egg,adult,Aphidius_platensis,"Aphidius platensis Brethes, 1913"
development,20.5,Days,TRAIND001905,egg,adult,Aphidius_platensis,"Aphidius platensis Brethes, 1913"
development,21,Days,TRAIND001906,egg,adult,Aphidius_platensis,"Aphidius platensis Brethes, 1913"
development,20,Days,TRAIND001907,egg,adult,Aphidius_platensis,"Aphidius platensis Brethes, 1913"
development,20,Days,TRAIND001908,egg,adult,Aphidius_platensis,"Aphidius platensis Brethes, 1913"
development,23.5,Days,TRAIND001909,egg,adult,Aphidius_platensis,"Aphidius platensis Brethes, 1913"
development,21.5,Days,TRAIND001910,egg,adult,Aphidius_platensis,"Aphidius platensis Brethes, 1913"
development,22,Days,TRAIND001911,egg,adult,Aphidius_platensis,"Aphidius platensis Brethes, 1913"
development,20.5,Days,TRAIND001912,egg,adult,Aphidius_platensis,"Aphidius platensis Brethes, 1913"
development,22.5,Days,TRAIND001913,egg,adult,Aphidius_platensis,"Aphidius platensis Brethes, 1913"
development,24,Days,TRAIND001914,egg,adult,Aphidius_platensis,"Aphidius platensis Brethes, 1913"
development,23.5,Days,TRAIND001915,egg,adult,Aphidius_platensis,"Aphidius platensis Brethes, 1913"
development,24,Days,TRAIND001916,egg,adult,Aphidius_platensis,"Aphidius platensis Brethes, 1913"
development,24,Days,TRAIND001917,egg,adult,Aphidius_platensis,"Aphidius platensis Brethes, 1913"
development,22,Days,TRAIND001918,egg,adult,Aphidius_platensis,"Aphidius platensis Brethes, 1913"
development,24.5,Days,TRAIND001919,egg,adult,Aphidius_platensis,"Aphidius platensis Brethes, 1913"
development,23.5,Days,TRAIND001920,egg,adult,Aphidius_platensis,"Aphidius platensis Brethes, 1913"
development,22.5,Days,TRAIND001921,egg,adult,Aphidius_platensis,"Aphidius platensis Brethes, 1913"
development,23.5,Days,TRAIND001922,egg,adult,Aphidius_platensis,"Aphidius platensis Brethes, 1913"
development,24,Days,TRAIND001923,egg,adult,Aphidius_platensis,"Aphidius platensis Brethes, 1913"
development,20,Days,TRAIND001924,egg,adult,Aphidius_platensis,"Aphidius platensis Brethes, 1913"
development,23,Days,TRAIND001925,egg,adult,Aphidius_platensis,"Aphidius platensis Brethes, 1913"
development,20,Days,TRAIND001926,egg,adult,Aphidius_platensis,"Aphidius platensis Brethes, 1913"
development,19,Days,TRAIND001927,egg,adult,Aphidius_platensis,"Aphidius platensis Brethes, 1913"
development,20,Days,TRAIND001928,egg,adult,Aphidius_platensis,"Aphidius platensis Brethes, 1913"
development,20.5,Days,TRAIND001929,egg,adult,Aphidius_platensis,"Aphidius platensis Brethes, 1913"
development,20.5,Days,TRAIND001930,egg,adult,Aphidius_platensis,"Aphidius platensis Brethes, 1913"
development,23,Days,TRAIND001931,egg,adult,Aphidius_platensis,"Aphidius platensis Brethes, 1913"
development,21,Days,TRAIND001932,egg,adult,Aphidius_platensis,"Aphidius platensis Brethes, 1913"
development,21,Days,TRAIND001933,egg,adult,Aphidius_platensis,"Aphidius platensis Brethes, 1913"
development,20.5,Days,TRAIND001934,egg,adult,Aphidius_platensis,"Aphidius platensis Brethes, 1913"
development,21.5,Days,TRAIND001935,egg,adult,Aphidius_platensis,"Aphidius platensis Brethes, 1913"
development,"",Days,TRAIND001936,egg,adult,Aphidius_platensis,"Aphidius platensis Brethes, 1913"
development,22,Days,TRAIND001937,egg,adult,Aphidius_platensis,"Aphidius platensis Brethes, 1913"
development,"",Days,TRAIND001938,egg,adult,Aphidius_platensis,"Aphidius platensis Brethes, 1913"
development,22,Days,TRAIND001939,egg,adult,Aphidius_platensis,"Aphidius platensis Brethes, 1913"
development,21,Days,TRAIND001940,egg,adult,Aphidius_platensis,"Aphidius platensis Brethes, 1913"
development,"",Days,TRAIND001941,egg,adult,Aphidius_platensis,"Aphidius platensis Brethes, 1913"
development,23,Days,TRAIND001942,egg,adult,Aphidius_platensis,"Aphidius platensis Brethes, 1913"
development,21,Days,TRAIND001943,egg,adult,Aphidius_platensis,"Aphidius platensis Brethes, 1913"
development,22,Days,TRAIND001944,egg,adult,Aphidius_platensis,"Aphidius platensis Brethes, 1913"
development,24,Days,TRAIND001945,egg,adult,Aphidius_platensis,"Aphidius platensis Brethes, 1913"
development,22.5,Days,TRAIND001946,egg,adult,Aphidius_platensis,"Aphidius platensis Brethes, 1913"
development,21,Days,TRAIND001947,egg,adult,Aphidius_platensis,"Aphidius platensis Brethes, 1913"
development,23.5,Days,TRAIND001948,egg,adult,Aphidius_platensis,"Aphidius platensis Brethes, 1913"
development,22,Days,TRAIND001949,egg,adult,Aphidius_platensis,"Aphidius platensis Brethes, 1913"
development,22,Days,TRAIND001950,egg,adult,Aphidius_platensis,"Aphidius platensis Brethes, 1913"
development,20,Days,TRAIND001951,egg,adult,Aphidius_platensis,"Aphidius platensis Brethes, 1913"
development,24.5,Days,TRAIND001952,egg,adult,Aphidius_platensis,"Aphidius platensis Brethes, 1913"
development,"",Days,TRAIND001953,egg,adult,Aphidius_platensis,"Aphidius platensis Brethes, 1913"
development,23,Days,TRAIND001954,egg,adult,Aphidius_platensis,"Aphidius platensis Brethes, 1913"
development,"",Days,TRAIND001955,egg,adult,Aphidius_platensis,"Aphidius platensis Brethes, 1913"
development,21,Days,TRAIND001956,egg,adult,Aphidius_platensis,"Aphidius platensis Brethes, 1913"
development,20.5,Days,TRAIND001957,egg,adult,Aphidius_platensis,"Aphidius platensis Brethes, 1913"
development,22.5,Days,TRAIND001958,egg,adult,Aphidius_platensis,"Aphidius platensis Brethes, 1913"
development,21.5,Days,TRAIND001959,egg,adult,Aphidius_platensis,"Aphidius platensis Brethes, 1913"
development,19.5,Days,TRAIND001960,egg,adult,Aphidius_platensis,"Aphidius platensis Brethes, 1913"
development,23,Days,TRAIND001961,egg,adult,Aphidius_platensis,"Aphidius platensis Brethes, 1913"
development,"",Days,TRAIND001962,egg,adult,Aphidius_platensis,"Aphidius platensis Brethes, 1913"
development,21,Days,TRAIND001963,egg,adult,Aphidius_platensis,"Aphidius platensis Brethes, 1913"
development,24,Days,TRAIND001964,egg,adult,Aphidius_platensis,"Aphidius platensis Brethes, 1913"
development,21,Days,TRAIND001965,egg,adult,Aphidius_platensis,"Aphidius platensis Brethes, 1913"
development,24.5,Days,TRAIND001966,egg,adult,Aphidius_platensis,"Aphidius platensis Brethes, 1913"
development,21,Days,TRAIND001967,egg,adult,Aphidius_platensis,"Aphidius platensis Brethes, 1913"
development,23.5,Days,TRAIND001968,egg,adult,Aphidius_platensis,"Aphidius platensis Brethes, 1913"
development,"",Days,TRAIND001969,egg,adult,Aphidius_platensis,"Aphidius platensis Brethes, 1913"
development,21.5,Days,TRAIND001970,egg,adult,Aphidius_platensis,"Aphidius platensis Brethes, 1913"
development,24.5,Days,TRAIND001971,egg,adult,Aphidius_platensis,"Aphidius platensis Brethes, 1913"
development,22.5,Days,TRAIND001972,egg,adult,Aphidius_platensis,"Aphidius platensis Brethes, 1913"
development,23.5,Days,TRAIND001973,egg,adult,Aphidius_platensis,"Aphidius platensis Brethes, 1913"
development,22,Days,TRAIND001974,egg,adult,Aphidius_platensis,"Aphidius platensis Brethes, 1913"
development,22.5,Days,TRAIND001975,egg,adult,Aphidius_platensis,"Aphidius platensis Brethes, 1913"
development,"",Days,TRAIND001976,egg,adult,Aphidius_platensis,"Aphidius platensis Brethes, 1913"
development,21,Days,TRAIND001977,egg,adult,Aphidius_platensis,"Aphidius platensis Brethes, 1913"
development,"",Days,TRAIND001978,egg,adult,Aphidius_platensis,"Aphidius platensis Brethes, 1913"
development,22,Days,TRAIND001979,egg,adult,Aphidius_platensis,"Aphidius platensis Brethes, 1913"
development,21.5,Days,TRAIND001980,egg,adult,Aphidius_platensis,"Aphidius platensis Brethes, 1913"
development,23.5,Days,TRAIND001981,egg,adult,Aphidius_platensis,"Aphidius platensis Brethes, 1913"
development,22,Days,TRAIND001982,egg,adult,Aphidius_platensis,"Aphidius platensis Brethes, 1913"
development,20,Days,TRAIND001983,egg,adult,Aphidius_platensis,"Aphidius platensis Brethes, 1913"
development,21,Days,TRAIND001984,egg,adult,Aphidius_platensis,"Aphidius platensis Brethes, 1913"
development,19.5,Days,TRAIND001985,egg,adult,Aphidius_platensis,"Aphidius platensis Brethes, 1913"
development,18.5,Days,TRAIND001986,egg,adult,Aphidius_platensis,"Aphidius platensis Brethes, 1913"
development,18.5,Days,TRAIND001987,egg,adult,Aphidius_platensis,"Aphidius platensis Brethes, 1913"
development,20.5,Days,TRAIND001988,egg,adult,Aphidius_platensis,"Aphidius platensis Brethes, 1913"
development,23,Days,TRAIND001989,egg,adult,Aphidius_platensis,"Aphidius platensis Brethes, 1913"
development,21.5,Days,TRAIND001990,egg,adult,Aphidius_platensis,"Aphidius platensis Brethes, 1913"
development,20.5,Days,TRAIND001991,egg,adult,Aphidius_platensis,"Aphidius platensis Brethes, 1913"
development,21.5,Days,TRAIND001992,egg,adult,Aphidius_platensis,"Aphidius platensis Brethes, 1913"
development,22.5,Days,TRAIND001993,egg,adult,Aphidius_platensis,"Aphidius platensis Brethes, 1913"
development,21,Days,TRAIND001994,egg,adult,Aphidius_platensis,"Aphidius platensis Brethes, 1913"
development,"",Days,TRAIND001995,egg,adult,Aphidius_platensis,"Aphidius platensis Brethes, 1913"
development,22,Days,TRAIND001996,egg,adult,Aphidius_platensis,"Aphidius platensis Brethes, 1913"
development,21.5,Days,TRAIND001997,egg,adult,Aphidius_platensis,"Aphidius platensis Brethes, 1913"
development,22,Days,TRAIND001998,egg,adult,Aphidius_platensis,"Aphidius platensis Brethes, 1913"
development,24,Days,TRAIND001999,egg,adult,Aphidius_platensis,"Aphidius platensis Brethes, 1913"
development,23,Days,TRAIND002000,egg,adult,Aphidius_platensis,"Aphidius platensis Brethes, 1913"
development,18,Days,TRAIND002001,egg,adult,Aphidius_platensis,"Aphidius platensis Brethes, 1913"
development,19.5,Days,TRAIND002002,egg,adult,Aphidius_platensis,"Aphidius platensis Brethes, 1913"
development,21,Days,TRAIND002003,egg,adult,Aphidius_platensis,"Aphidius platensis Brethes, 1913"
development,22,Days,TRAIND002004,egg,adult,Aphidius_platensis,"Aphidius platensis Brethes, 1913"
development,21,Days,TRAIND002005,egg,adult,Aphidius_platensis,"Aphidius platensis Brethes, 1913"
development,21.5,Days,TRAIND002006,egg,adult,Aphidius_platensis,"Aphidius platensis Brethes, 1913"
development,21.5,Days,TRAIND002007,egg,adult,Aphidius_platensis,"Aphidius platensis Brethes, 1913"
development,20.5,Days,TRAIND002008,egg,adult,Aphidius_platensis,"Aphidius platensis Brethes, 1913"
development,22.5,Days,TRAIND002009,egg,adult,Aphidius_platensis,"Aphidius platensis Brethes, 1913"
development,24,Days,TRAIND002010,egg,adult,Aphidius_platensis,"Aphidius platensis Brethes, 1913"
development,23,Days,TRAIND002011,egg,adult,Aphidius_platensis,"Aphidius platensis Brethes, 1913"
development,19,Days,TRAIND002012,egg,adult,Aphidius_platensis,"Aphidius platensis Brethes, 1913"
development,21.5,Days,TRAIND002013,egg,adult,Aphidius_platensis,"Aphidius platensis Brethes, 1913"
development,23,Days,TRAIND002014,egg,adult,Aphidius_platensis,"Aphidius platensis Brethes, 1913"
development,18.5,Days,TRAIND002015,egg,adult,Aphidius_platensis,"Aphidius platensis Brethes, 1913"
development,20,Days,TRAIND002016,egg,adult,Aphidius_platensis,"Aphidius platensis Brethes, 1913"
development,22.5,Days,TRAIND002017,egg,adult,Aphidius_platensis,"Aphidius platensis Brethes, 1913"
development,22,Days,TRAIND002018,egg,adult,Aphidius_platensis,"Aphidius platensis Brethes, 1913"
development,24,Days,TRAIND002019,egg,adult,Aphidius_platensis,"Aphidius platensis Brethes, 1913"
development,21,Days,TRAIND002020,egg,adult,Aphidius_platensis,"Aphidius platensis Brethes, 1913"
development,21,Days,TRAIND002021,egg,adult,Aphidius_platensis,"Aphidius platensis Brethes, 1913"
development,23,Days,TRAIND002022,egg,adult,Aphidius_platensis,"Aphidius platensis Brethes, 1913"
development,24,Days,TRAIND002023,egg,adult,Aphidius_platensis,"Aphidius platensis Brethes, 1913"
development,21.5,Days,TRAIND002024,egg,adult,Aphidius_platensis,"Aphidius platensis Brethes, 1913"
development,19,Days,TRAIND002025,egg,adult,Aphidius_platensis,"Aphidius platensis Brethes, 1913"
development,21,Days,TRAIND002026,egg,adult,Aphidius_platensis,"Aphidius platensis Brethes, 1913"
development,21,Days,TRAIND002027,egg,adult,Aphidius_platensis,"Aphidius platensis Brethes, 1913"
development,20,Days,TRAIND002028,egg,adult,Aphidius_platensis,"Aphidius platensis Brethes, 1913"
development,21.5,Days,TRAIND002029,egg,adult,Aphidius_platensis,"Aphidius platensis Brethes, 1913"
development,24.5,Days,TRAIND002030,egg,adult,Aphidius_platensis,"Aphidius platensis Brethes, 1913"
development,"",Days,TRAIND002031,egg,adult,Aphidius_platensis,"Aphidius platensis Brethes, 1913"
development,20.5,Days,TRAIND002032,egg,adult,Aphidius_platensis,"Aphidius platensis Brethes, 1913"
development,20,Days,TRAIND002033,egg,adult,Aphidius_platensis,"Aphidius platensis Brethes, 1913"
development,20.5,Days,TRAIND002034,egg,adult,Aphidius_platensis,"Aphidius platensis Brethes, 1913"
development,22,Days,TRAIND002035,egg,adult,Aphidius_platensis,"Aphidius platensis Brethes, 1913"
development,21,Days,TRAIND002036,egg,adult,Aphidius_platensis,"Aphidius platensis Brethes, 1913"
development,21,Days,TRAIND002037,egg,adult,Aphidius_platensis,"Aphidius platensis Brethes, 1913"
development,21.5,Days,TRAIND002038,egg,adult,Aphidius_platensis,"Aphidius platensis Brethes, 1913"
development,20,Days,TRAIND002039,egg,adult,Aphidius_platensis,"Aphidius platensis Brethes, 1913"
development,23.5,Days,TRAIND002040,egg,adult,Aphidius_platensis,"Aphidius platensis Brethes, 1913"
development,25.5,Days,TRAIND002041,egg,adult,Aphidius_platensis,"Aphidius platensis Brethes, 1913"
development,24,Days,TRAIND002042,egg,adult,Aphidius_platensis,"Aphidius platensis Brethes, 1913"
development,25.5,Days,TRAIND002043,egg,adult,Aphidius_platensis,"Aphidius platensis Brethes, 1913"
development,19,Days,TRAIND002044,egg,adult,Aphidius_platensis,"Aphidius platensis Brethes, 1913"
development,22,Days,TRAIND002045,egg,adult,Aphidius_platensis,"Aphidius platensis Brethes, 1913"
development,21,Days,TRAIND002046,egg,adult,Aphidius_platensis,"Aphidius platensis Brethes, 1913"
development,21,Days,TRAIND002047,egg,adult,Aphidius_platensis,"Aphidius platensis Brethes, 1913"
development,23.5,Days,TRAIND002048,egg,adult,Aphidius_platensis,"Aphidius platensis Brethes, 1913"
development,22,Days,TRAIND002049,egg,adult,Aphidius_platensis,"Aphidius platensis Brethes, 1913"
development,21,Days,TRAIND002050,egg,adult,Aphidius_platensis,"Aphidius platensis Brethes, 1913"
development,22,Days,TRAIND002051,egg,adult,Aphidius_platensis,"Aphidius platensis Brethes, 1913"
development,22,Days,TRAIND002052,egg,adult,Aphidius_platensis,"Aphidius platensis Brethes, 1913"
development,"",Days,TRAIND002053,egg,adult,Aphidius_platensis,"Aphidius platensis Brethes, 1913"
development,20.5,Days,TRAIND002054,egg,adult,Aphidius_platensis,"Aphidius platensis Brethes, 1913"
development,23,Days,TRAIND002055,egg,adult,Aphidius_platensis,"Aphidius platensis Brethes, 1913"
development,"",Days,TRAIND002056,egg,adult,Aphidius_platensis,"Aphidius platensis Brethes, 1913"
development,21.5,Days,TRAIND002057,egg,adult,Aphidius_platensis,"Aphidius platensis Brethes, 1913"
development,20,Days,TRAIND002058,egg,adult,Aphidius_platensis,"Aphidius platensis Brethes, 1913"
development,20.5,Days,TRAIND002059,egg,adult,Aphidius_platensis,"Aphidius platensis Brethes, 1913"
development,22,Days,TRAIND002060,egg,adult,Aphidius_platensis,"Aphidius platensis Brethes, 1913"
development,22.5,Days,TRAIND002061,egg,adult,Aphidius_platensis,"Aphidius platensis Brethes, 1913"
development,22,Days,TRAIND002062,egg,adult,Aphidius_platensis,"Aphidius platensis Brethes, 1913"
development,24,Days,TRAIND002063,egg,adult,Aphidius_platensis,"Aphidius platensis Brethes, 1913"
development,21,Days,TRAIND002064,egg,adult,Aphidius_platensis,"Aphidius platensis Brethes, 1913"
development,21.5,Days,TRAIND002065,egg,adult,Aphidius_platensis,"Aphidius platensis Brethes, 1913"
development,22,Days,TRAIND002066,egg,adult,Aphidius_platensis,"Aphidius platensis Brethes, 1913"
development,21,Days,TRAIND002067,egg,adult,Aphidius_platensis,"Aphidius platensis Brethes, 1913"
development,23,Days,TRAIND002068,egg,adult,Aphidius_platensis,"Aphidius platensis Brethes, 1913"
development,22.5,Days,TRAIND002069,egg,adult,Aphidius_platensis,"Aphidius platensis Brethes, 1913"
development,23,Days,TRAIND002070,egg,adult,Aphidius_platensis,"Aphidius platensis Brethes, 1913"
development,24,Days,TRAIND002071,egg,adult,Aphidius_platensis,"Aphidius platensis Brethes, 1913"
development,22,Days,TRAIND002072,egg,adult,Aphidius_platensis,"Aphidius platensis Brethes, 1913"
development,23,Days,TRAIND002073,egg,adult,Aphidius_platensis,"Aphidius platensis Brethes, 1913"
development,21.5,Days,TRAIND002074,egg,adult,Aphidius_platensis,"Aphidius platensis Brethes, 1913"
development,24,Days,TRAIND002075,egg,adult,Aphidius_platensis,"Aphidius platensis Brethes, 1913"
development,22,Days,TRAIND002076,egg,adult,Aphidius_platensis,"Aphidius platensis Brethes, 1913"
development,22,Days,TRAIND002077,egg,adult,Aphidius_platensis,"Aphidius platensis Brethes, 1913"
development,22.5,Days,TRAIND002078,egg,adult,Aphidius_platensis,"Aphidius platensis Brethes, 1913"
development,24.5,Days,TRAIND002079,egg,adult,Aphidius_platensis,"Aphidius platensis Brethes, 1913"
development,22,Days,TRAIND002080,egg,adult,Aphidius_platensis,"Aphidius platensis Brethes, 1913"
development,23,Days,TRAIND002081,egg,adult,Aphidius_platensis,"Aphidius platensis Brethes, 1913"
development,21.5,Days,TRAIND002082,egg,adult,Aphidius_platensis,"Aphidius platensis Brethes, 1913"
development,24,Days,TRAIND002083,egg,adult,Aphidius_platensis,"Aphidius platensis Brethes, 1913"
development,21,Days,TRAIND002084,egg,adult,Aphidius_platensis,"Aphidius platensis Brethes, 1913"
development,23.5,Days,TRAIND002085,egg,adult,Aphidius_platensis,"Aphidius platensis Brethes, 1913"
development,"",Days,TRAIND002086,egg,adult,Aphidius_platensis,"Aphidius platensis Brethes, 1913"
development,23,Days,TRAIND002087,egg,adult,Aphidius_platensis,"Aphidius platensis Brethes, 1913"
development,26,Days,TRAIND002088,egg,adult,Aphidius_platensis,"Aphidius platensis Brethes, 1913"
development,22.5,Days,TRAIND002089,egg,adult,Aphidius_platensis,"Aphidius platensis Brethes, 1913"
development,25,Days,TRAIND002090,egg,adult,Aphidius_platensis,"Aphidius platensis Brethes, 1913"
development,21,Days,TRAIND002091,egg,adult,Aphidius_platensis,"Aphidius platensis Brethes, 1913"
development,22.5,Days,TRAIND002092,egg,adult,Aphidius_platensis,"Aphidius platensis Brethes, 1913"
development,21.5,Days,TRAIND002093,egg,adult,Aphidius_platensis,"Aphidius platensis Brethes, 1913"
development,23,Days,TRAIND002094,egg,adult,Aphidius_platensis,"Aphidius platensis Brethes, 1913"
development,24,Days,TRAIND002095,egg,adult,Aphidius_platensis,"Aphidius platensis Brethes, 1913"
development,21.5,Days,TRAIND002096,egg,adult,Aphidius_platensis,"Aphidius platensis Brethes, 1913"
development,22.5,Days,TRAIND002097,egg,adult,Aphidius_platensis,"Aphidius platensis Brethes, 1913"
development,22,Days,TRAIND002098,egg,adult,Aphidius_platensis,"Aphidius platensis Brethes, 1913"
development,23,Days,TRAIND002099,egg,adult,Aphidius_platensis,"Aphidius platensis Brethes, 1913"
development,25,Days,TRAIND002100,egg,adult,Aphidius_platensis,"Aphidius platensis Brethes, 1913"
development,23.5,Days,TRAIND002101,egg,adult,Aphidius_platensis,"Aphidius platensis Brethes, 1913"
development,22,Days,TRAIND002102,egg,adult,Aphidius_platensis,"Aphidius platensis Brethes, 1913"
development,21,Days,TRAIND002103,egg,adult,Aphidius_platensis,"Aphidius platensis Brethes, 1913"
development,21,Days,TRAIND002104,egg,adult,Aphidius_platensis,"Aphidius platensis Brethes, 1913"
development,23,Days,TRAIND002105,egg,adult,Aphidius_platensis,"Aphidius platensis Brethes, 1913"
development,23,Days,TRAIND002106,egg,adult,Aphidius_platensis,"Aphidius platensis Brethes, 1913"
development,21.5,Days,TRAIND002107,egg,adult,Aphidius_platensis,"Aphidius platensis Brethes, 1913"
development,"",Days,TRAIND002108,egg,adult,Aphidius_platensis,"Aphidius platensis Brethes, 1913"
development,22,Days,TRAIND002109,egg,adult,Aphidius_platensis,"Aphidius platensis Brethes, 1913"
development,21,Days,TRAIND002110,egg,adult,Aphidius_platensis,"Aphidius platensis Brethes, 1913"
development,21.5,Days,TRAIND002111,egg,adult,Aphidius_platensis,"Aphidius platensis Brethes, 1913"
development,23.5,Days,TRAIND002112,egg,adult,Aphidius_platensis,"Aphidius platensis Brethes, 1913"
development,23,Days,TRAIND002113,egg,adult,Aphidius_platensis,"Aphidius platensis Brethes, 1913"
development,22.5,Days,TRAIND002114,egg,adult,Aphidius_platensis,"Aphidius platensis Brethes, 1913"
development,23,Days,TRAIND002115,egg,adult,Aphidius_platensis,"Aphidius platensis Brethes, 1913"
development,22,Days,TRAIND002116,egg,adult,Aphidius_platensis,"Aphidius platensis Brethes, 1913"
development,22,Days,TRAIND002117,egg,adult,Aphidius_platensis,"Aphidius platensis Brethes, 1913"
development,22,Days,TRAIND002118,egg,adult,Aphidius_platensis,"Aphidius platensis Brethes, 1913"
development,22,Days,TRAIND002119,egg,adult,Aphidius_platensis,"Aphidius platensis Brethes, 1913"
development,23,Days,TRAIND002120,egg,adult,Aphidius_platensis,"Aphidius platensis Brethes, 1913"
development,23,Days,TRAIND002121,egg,adult,Aphidius_platensis,"Aphidius platensis Brethes, 1913"
development,21,Days,TRAIND002122,egg,adult,Aphidius_platensis,"Aphidius platensis Brethes, 1913"
development,20,Days,TRAIND002123,egg,adult,Aphidius_platensis,"Aphidius platensis Brethes, 1913"
development,23.5,Days,TRAIND002124,egg,adult,Aphidius_platensis,"Aphidius platensis Brethes, 1913"
development,23,Days,TRAIND002125,egg,adult,Aphidius_platensis,"Aphidius platensis Brethes, 1913"
development,20,Days,TRAIND002126,egg,adult,Aphidius_platensis,"Aphidius platensis Brethes, 1913"
development,23,Days,TRAIND002127,egg,adult,Aphidius_platensis,"Aphidius platensis Brethes, 1913"
development,24,Days,TRAIND002128,egg,adult,Aphidius_platensis,"Aphidius platensis Brethes, 1913"
development,22.5,Days,TRAIND002129,egg,adult,Aphidius_platensis,"Aphidius platensis Brethes, 1913"
development,23.5,Days,TRAIND002130,egg,adult,Aphidius_platensis,"Aphidius platensis Brethes, 1913"
development,21,Days,TRAIND002131,egg,adult,Aphidius_platensis,"Aphidius platensis Brethes, 1913"
development,23.5,Days,TRAIND002132,egg,adult,Aphidius_platensis,"Aphidius platensis Brethes, 1913"
development,22,Days,TRAIND002133,egg,adult,Aphidius_platensis,"Aphidius platensis Brethes, 1913"
development,22,Days,TRAIND002134,egg,adult,Aphidius_platensis,"Aphidius platensis Brethes, 1913"
development,23.5,Days,TRAIND002135,egg,adult,Aphidius_platensis,"Aphidius platensis Brethes, 1913"
development,23,Days,TRAIND002136,egg,adult,Aphidius_platensis,"Aphidius platensis Brethes, 1913"
development,22.5,Days,TRAIND002137,egg,adult,Aphidius_platensis,"Aphidius platensis Brethes, 1913"
development,25,Days,TRAIND002138,egg,adult,Aphidius_platensis,"Aphidius platensis Brethes, 1913"
development,24,Days,TRAIND002139,egg,adult,Aphidius_platensis,"Aphidius platensis Brethes, 1913"
development,20,Days,TRAIND002140,egg,adult,Aphidius_platensis,"Aphidius platensis Brethes, 1913"
development,21,Days,TRAIND002141,egg,adult,Aphidius_platensis,"Aphidius platensis Brethes, 1913"
development,21,Days,TRAIND002142,egg,adult,Aphidius_platensis,"Aphidius platensis Brethes, 1913"
development,23.5,Days,TRAIND002143,egg,adult,Aphidius_platensis,"Aphidius platensis Brethes, 1913"
development,21,Days,TRAIND002144,egg,adult,Aphidius_platensis,"Aphidius platensis Brethes, 1913"
development,22.5,Days,TRAIND002145,egg,adult,Aphidius_platensis,"Aphidius platensis Brethes, 1913"
development,23,Days,TRAIND002146,egg,adult,Aphidius_platensis,"Aphidius platensis Brethes, 1913"
development,21.5,Days,TRAIND002147,egg,adult,Aphidius_platensis,"Aphidius platensis Brethes, 1913"
development,20,Days,TRAIND002148,egg,adult,Aphidius_platensis,"Aphidius platensis Brethes, 1913"
development,22.5,Days,TRAIND002149,egg,adult,Aphidius_platensis,"Aphidius platensis Brethes, 1913"
development,21,Days,TRAIND002150,egg,adult,Aphidius_platensis,"Aphidius platensis Brethes, 1913"
development,23.5,Days,TRAIND002151,egg,adult,Aphidius_platensis,"Aphidius platensis Brethes, 1913"
development,24.5,Days,TRAIND002152,egg,adult,Aphidius_platensis,"Aphidius platensis Brethes, 1913"
development,"",Days,TRAIND002153,egg,adult,Aphidius_platensis,"Aphidius platensis Brethes, 1913"
development,19.5,Days,TRAIND002154,egg,adult,Aphidius_platensis,"Aphidius platensis Brethes, 1913"
development,22,Days,TRAIND002155,egg,adult,Aphidius_platensis,"Aphidius platensis Brethes, 1913"
development,21.5,Days,TRAIND002156,egg,adult,Aphidius_platensis,"Aphidius platensis Brethes, 1913"
development,21,Days,TRAIND002157,egg,adult,Aphidius_platensis,"Aphidius platensis Brethes, 1913"
development,22,Days,TRAIND002158,egg,adult,Aphidius_platensis,"Aphidius platensis Brethes, 1913"
development,21,Days,TRAIND002159,egg,adult,Aphidius_platensis,"Aphidius platensis Brethes, 1913"
development,24.5,Days,TRAIND002160,egg,adult,Aphidius_platensis,"Aphidius platensis Brethes, 1913"
development,23,Days,TRAIND002161,egg,adult,Aphidius_platensis,"Aphidius platensis Brethes, 1913"
development,23,Days,TRAIND002162,egg,adult,Aphidius_platensis,"Aphidius platensis Brethes, 1913"
development,20,Days,TRAIND002163,egg,adult,Aphidius_platensis,"Aphidius platensis Brethes, 1913"
development,21,Days,TRAIND002164,egg,adult,Aphidius_platensis,"Aphidius platensis Brethes, 1913"
development,23.5,Days,TRAIND002165,egg,adult,Aphidius_platensis,"Aphidius platensis Brethes, 1913"
development,21,Days,TRAIND002166,egg,adult,Aphidius_platensis,"Aphidius platensis Brethes, 1913"
development,20.5,Days,TRAIND002167,egg,adult,Aphidius_platensis,"Aphidius platensis Brethes, 1913"
development,21,Days,TRAIND002168,egg,adult,Aphidius_platensis,"Aphidius platensis Brethes, 1913"
development,23.5,Days,TRAIND002169,egg,adult,Aphidius_platensis,"Aphidius platensis Brethes, 1913"
development,22,Days,TRAIND002170,egg,adult,Aphidius_platensis,"Aphidius platensis Brethes, 1913"
development,23,Days,TRAIND002171,egg,adult,Aphidius_platensis,"Aphidius platensis Brethes, 1913"
development,22.5,Days,TRAIND002172,egg,adult,Aphidius_platensis,"Aphidius platensis Brethes, 1913"
development,22,Days,TRAIND002173,egg,adult,Aphidius_platensis,"Aphidius platensis Brethes, 1913"
development,24,Days,TRAIND002174,egg,adult,Aphidius_platensis,"Aphidius platensis Brethes, 1913"
development,23.5,Days,TRAIND002175,egg,adult,Aphidius_platensis,"Aphidius platensis Brethes, 1913"
development,23.5,Days,TRAIND002176,egg,adult,Aphidius_platensis,"Aphidius platensis Brethes, 1913"
development,"",Days,TRAIND002177,egg,adult,Aphidius_platensis,"Aphidius platensis Brethes, 1913"
development,22,Days,TRAIND002178,egg,adult,Aphidius_platensis,"Aphidius platensis Brethes, 1913"
development,21,Days,TRAIND002179,egg,adult,Aphidius_platensis,"Aphidius platensis Brethes, 1913"
development,21,Days,TRAIND002180,egg,adult,Aphidius_platensis,"Aphidius platensis Brethes, 1913"
development,20.5,Days,TRAIND002181,egg,adult,Aphidius_platensis,"Aphidius platensis Brethes, 1913"
development,21,Days,TRAIND002182,egg,adult,Aphidius_platensis,"Aphidius platensis Brethes, 1913"
development,23,Days,TRAIND002183,egg,adult,Aphidius_platensis,"Aphidius platensis Brethes, 1913"
development,22.5,Days,TRAIND002184,egg,adult,Aphidius_platensis,"Aphidius platensis Brethes, 1913"
development,24.5,Days,TRAIND002185,egg,adult,Aphidius_platensis,"Aphidius platensis Brethes, 1913"
development,23.5,Days,TRAIND002186,egg,adult,Aphidius_platensis,"Aphidius platensis Brethes, 1913"
development,20,Days,TRAIND002187,egg,adult,Aphidius_platensis,"Aphidius platensis Brethes, 1913"
development,24,Days,TRAIND002188,egg,adult,Aphidius_platensis,"Aphidius platensis Brethes, 1913"
development,20.5,Days,TRAIND002189,egg,adult,Aphidius_platensis,"Aphidius platensis Brethes, 1913"
development,21,Days,TRAIND002190,egg,adult,Aphidius_platensis,"Aphidius platensis Brethes, 1913"
development,24,Days,TRAIND002191,egg,adult,Aphidius_platensis,"Aphidius platensis Brethes, 1913"
development,22,Days,TRAIND002192,egg,adult,Aphidius_platensis,"Aphidius platensis Brethes, 1913"
development,22,Days,TRAIND002193,egg,adult,Aphidius_platensis,"Aphidius platensis Brethes, 1913"
development,20.5,Days,TRAIND002194,egg,adult,Aphidius_platensis,"Aphidius platensis Brethes, 1913"
development,22,Days,TRAIND002195,egg,adult,Aphidius_platensis,"Aphidius platensis Brethes, 1913"
development,19,Days,TRAIND002196,egg,adult,Aphidius_platensis,"Aphidius platensis Brethes, 1913"
development,23,Days,TRAIND002197,egg,adult,Aphidius_platensis,"Aphidius platensis Brethes, 1913"
development,22.5,Days,TRAIND002198,egg,adult,Aphidius_platensis,"Aphidius platensis Brethes, 1913"
development,21,Days,TRAIND002199,egg,adult,Aphidius_platensis,"Aphidius platensis Brethes, 1913"
development,24,Days,TRAIND002200,egg,adult,Aphidius_platensis,"Aphidius platensis Brethes, 1913"
development,20.5,Days,TRAIND002201,egg,adult,Aphidius_platensis,"Aphidius platensis Brethes, 1913"
development,21,Days,TRAIND002202,egg,adult,Aphidius_platensis,"Aphidius platensis Brethes, 1913"
development,23.5,Days,TRAIND002203,egg,adult,Aphidius_platensis,"Aphidius platensis Brethes, 1913"
development,21.5,Days,TRAIND002204,egg,adult,Aphidius_platensis,"Aphidius platensis Brethes, 1913"
development,20,Days,TRAIND002205,egg,adult,Aphidius_platensis,"Aphidius platensis Brethes, 1913"
development,21.5,Days,TRAIND002206,egg,adult,Aphidius_platensis,"Aphidius platensis Brethes, 1913"
development,23,Days,TRAIND002207,egg,adult,Aphidius_platensis,"Aphidius platensis Brethes, 1913"
development,20,Days,TRAIND002208,egg,adult,Aphidius_platensis,"Aphidius platensis Brethes, 1913"
development,24,Days,TRAIND002209,egg,adult,Aphidius_platensis,"Aphidius platensis Brethes, 1913"
development,23.5,Days,TRAIND002210,egg,adult,Aphidius_platensis,"Aphidius platensis Brethes, 1913"
development,22,Days,TRAIND002211,egg,adult,Aphidius_platensis,"Aphidius platensis Brethes, 1913"
development,24,Days,TRAIND002212,egg,adult,Aphidius_platensis,"Aphidius platensis Brethes, 1913"
development,24.5,Days,TRAIND002213,egg,adult,Aphidius_platensis,"Aphidius platensis Brethes, 1913"
development,23,Days,TRAIND002214,egg,adult,Aphidius_platensis,"Aphidius platensis Brethes, 1913"
development,21.5,Days,TRAIND002215,egg,adult,Aphidius_platensis,"Aphidius platensis Brethes, 1913"
development,22,Days,TRAIND002216,egg,adult,Aphidius_platensis,"Aphidius platensis Brethes, 1913"
development,23,Days,TRAIND002217,egg,adult,Aphidius_platensis,"Aphidius platensis Brethes, 1913"
development,21,Days,TRAIND002218,egg,adult,Aphidius_platensis,"Aphidius platensis Brethes, 1913"
development,24,Days,TRAIND002219,egg,adult,Aphidius_platensis,"Aphidius platensis Brethes, 1913"
development,21.5,Days,TRAIND002220,egg,adult,Aphidius_platensis,"Aphidius platensis Brethes, 1913"
development,22,Days,TRAIND002221,egg,adult,Aphidius_platensis,"Aphidius platensis Brethes, 1913"
development,25.5,Days,TRAIND002222,egg,adult,Aphidius_platensis,"Aphidius platensis Brethes, 1913"
development,25,Days,TRAIND002223,egg,adult,Aphidius_platensis,"Aphidius platensis Brethes, 1913"
development,"",Days,TRAIND002224,egg,adult,Aphidius_platensis,"Aphidius platensis Brethes, 1913"
development,21,Days,TRAIND002225,egg,adult,Aphidius_platensis,"Aphidius platensis Brethes, 1913"
development,23,Days,TRAIND002226,egg,adult,Aphidius_platensis,"Aphidius platensis Brethes, 1913"
development,22,Days,TRAIND002227,egg,adult,Aphidius_platensis,"Aphidius platensis Brethes, 1913"
development,21.5,Days,TRAIND002228,egg,adult,Aphidius_platensis,"Aphidius platensis Brethes, 1913"
development,22,Days,TRAIND002229,egg,adult,Aphidius_platensis,"Aphidius platensis Brethes, 1913"
development,21,Days,TRAIND002230,egg,adult,Aphidius_platensis,"Aphidius platensis Brethes, 1913"
development,24,Days,TRAIND002231,egg,adult,Aphidius_platensis,"Aphidius platensis Brethes, 1913"
development,24,Days,TRAIND002232,egg,adult,Aphidius_platensis,"Aphidius platensis Brethes, 1913"
development,20.5,Days,TRAIND002233,egg,adult,Aphidius_platensis,"Aphidius platensis Brethes, 1913"
development,20,Days,TRAIND002234,egg,adult,Aphidius_platensis,"Aphidius platensis Brethes, 1913"
development,21,Days,TRAIND002235,egg,adult,Aphidius_platensis,"Aphidius platensis Brethes, 1913"
development,20.5,Days,TRAIND002236,egg,adult,Aphidius_platensis,"Aphidius platensis Brethes, 1913"
development,22.5,Days,TRAIND002237,egg,adult,Aphidius_platensis,"Aphidius platensis Brethes, 1913"
development,22,Days,TRAIND002238,egg,adult,Aphidius_platensis,"Aphidius platensis Brethes, 1913"
development,22,Days,TRAIND002239,egg,adult,Aphidius_platensis,"Aphidius platensis Brethes, 1913"
development,21.5,Days,TRAIND002240,egg,adult,Aphidius_platensis,"Aphidius platensis Brethes, 1913"
development,23,Days,TRAIND002241,egg,adult,Aphidius_platensis,"Aphidius platensis Brethes, 1913"
development,25,Days,TRAIND002242,egg,adult,Aphidius_platensis,"Aphidius platensis Brethes, 1913"
development,21,Days,TRAIND002243,egg,adult,Aphidius_platensis,"Aphidius platensis Brethes, 1913"
development,23,Days,TRAIND002244,egg,adult,Aphidius_platensis,"Aphidius platensis Brethes, 1913"
development,24,Days,TRAIND002245,egg,adult,Aphidius_platensis,"Aphidius platensis Brethes, 1913"
development,23.5,Days,TRAIND002246,egg,adult,Aphidius_platensis,"Aphidius platensis Brethes, 1913"
development,22,Days,TRAIND002247,egg,adult,Aphidius_platensis,"Aphidius platensis Brethes, 1913"
development,24,Days,TRAIND002248,egg,adult,Aphidius_platensis,"Aphidius platensis Brethes, 1913"
development,24,Days,TRAIND002249,egg,adult,Aphidius_platensis,"Aphidius platensis Brethes, 1913"
development,24.5,Days,TRAIND002250,egg,adult,Aphidius_platensis,"Aphidius platensis Brethes, 1913"
development,24,Days,TRAIND002251,egg,adult,Aphidius_platensis,"Aphidius platensis Brethes, 1913"
development,22,Days,TRAIND002252,egg,adult,Aphidius_platensis,"Aphidius platensis Brethes, 1913"
development,21,Days,TRAIND002253,egg,adult,Aphidius_platensis,"Aphidius platensis Brethes, 1913"
development,23,Days,TRAIND002254,egg,adult,Aphidius_platensis,"Aphidius platensis Brethes, 1913"
development,22,Days,TRAIND002255,egg,adult,Aphidius_platensis,"Aphidius platensis Brethes, 1913"
development,23,Days,TRAIND002256,egg,adult,Aphidius_platensis,"Aphidius platensis Brethes, 1913"
development,24,Days,TRAIND002257,egg,adult,Aphidius_platensis,"Aphidius platensis Brethes, 1913"
development,22,Days,TRAIND002258,egg,adult,Aphidius_platensis,"Aphidius platensis Brethes, 1913"
development,22,Days,TRAIND002259,egg,adult,Aphidius_platensis,"Aphidius platensis Brethes, 1913"
development,23.5,Days,TRAIND002260,egg,adult,Aphidius_platensis,"Aphidius platensis Brethes, 1913"
development,21,Days,TRAIND002261,egg,adult,Aphidius_platensis,"Aphidius platensis Brethes, 1913"
development,23,Days,TRAIND002262,egg,adult,Aphidius_platensis,"Aphidius platensis Brethes, 1913"
development,25,Days,TRAIND002263,egg,adult,Aphidius_platensis,"Aphidius platensis Brethes, 1913"
development,23.5,Days,TRAIND002264,egg,adult,Aphidius_platensis,"Aphidius platensis Brethes, 1913"
development,23,Days,TRAIND002265,egg,adult,Aphidius_platensis,"Aphidius platensis Brethes, 1913"
development,23,Days,TRAIND002266,egg,adult,Aphidius_platensis,"Aphidius platensis Brethes, 1913"
development,23,Days,TRAIND002267,egg,adult,Aphidius_platensis,"Aphidius platensis Brethes, 1913"
development,22.5,Days,TRAIND002268,egg,adult,Aphidius_platensis,"Aphidius platensis Brethes, 1913"
development,24,Days,TRAIND002269,egg,adult,Aphidius_platensis,"Aphidius platensis Brethes, 1913"
development,24.5,Days,TRAIND002270,egg,adult,Aphidius_platensis,"Aphidius platensis Brethes, 1913"
development,26,Days,TRAIND002271,egg,adult,Aphidius_platensis,"Aphidius platensis Brethes, 1913"
development,24,Days,TRAIND002272,egg,adult,Aphidius_platensis,"Aphidius platensis Brethes, 1913"
development,23,Days,TRAIND002273,egg,adult,Aphidius_platensis,"Aphidius platensis Brethes, 1913"
development,23,Days,TRAIND002274,egg,adult,Aphidius_platensis,"Aphidius platensis Brethes, 1913"
development,20,Days,TRAIND002275,egg,adult,Aphidius_platensis,"Aphidius platensis Brethes, 1913"
development,22.5,Days,TRAIND002276,egg,adult,Aphidius_platensis,"Aphidius platensis Brethes, 1913"
development,24,Days,TRAIND002277,egg,adult,Aphidius_platensis,"Aphidius platensis Brethes, 1913"
development,"",Days,TRAIND002278,egg,adult,Aphidius_platensis,"Aphidius platensis Brethes, 1913"
development,23,Days,TRAIND002279,egg,adult,Aphidius_platensis,"Aphidius platensis Brethes, 1913"
development,24.5,Days,TRAIND002280,egg,adult,Aphidius_platensis,"Aphidius platensis Brethes, 1913"
development,23,Days,TRAIND002281,egg,adult,Aphidius_platensis,"Aphidius platensis Brethes, 1913"
development,23.5,Days,TRAIND002282,egg,adult,Aphidius_platensis,"Aphidius platensis Brethes, 1913"
development,24,Days,TRAIND002283,egg,adult,Aphidius_platensis,"Aphidius platensis Brethes, 1913"
development,22,Days,TRAIND002284,egg,adult,Aphidius_platensis,"Aphidius platensis Brethes, 1913"
development,23,Days,TRAIND002285,egg,adult,Aphidius_platensis,"Aphidius platensis Brethes, 1913"
development,26,Days,TRAIND002286,egg,adult,Aphidius_platensis,"Aphidius platensis Brethes, 1913"
development,24.5,Days,TRAIND002287,egg,adult,Aphidius_platensis,"Aphidius platensis Brethes, 1913"
development,23.5,Days,TRAIND002288,egg,adult,Aphidius_platensis,"Aphidius platensis Brethes, 1913"
development,21,Days,TRAIND002289,egg,adult,Aphidius_platensis,"Aphidius platensis Brethes, 1913"
development,20.5,Days,TRAIND002290,egg,adult,Aphidius_platensis,"Aphidius platensis Brethes, 1913"
development,20.5,Days,TRAIND002291,egg,adult,Aphidius_platensis,"Aphidius platensis Brethes, 1913"
development,22,Days,TRAIND002292,egg,adult,Aphidius_platensis,"Aphidius platensis Brethes, 1913"
development,22,Days,TRAIND002293,egg,adult,Aphidius_platensis,"Aphidius platensis Brethes, 1913"
development,24.5,Days,TRAIND002294,egg,adult,Aphidius_platensis,"Aphidius platensis Brethes, 1913"
development,23.5,Days,TRAIND002295,egg,adult,Aphidius_platensis,"Aphidius platensis Brethes, 1913"
development,20.5,Days,TRAIND002296,egg,adult,Aphidius_platensis,"Aphidius platensis Brethes, 1913"
development,23,Days,TRAIND002297,egg,adult,Aphidius_platensis,"Aphidius platensis Brethes, 1913"
development,25,Days,TRAIND002298,egg,adult,Aphidius_platensis,"Aphidius platensis Brethes, 1913"
development,23,Days,TRAIND002299,egg,adult,Aphidius_platensis,"Aphidius platensis Brethes, 1913"
development,24,Days,TRAIND002300,egg,adult,Aphidius_platensis,"Aphidius platensis Brethes, 1913"
development,25,Days,TRAIND002301,egg,adult,Aphidius_platensis,"Aphidius platensis Brethes, 1913"
development,23.5,Days,TRAIND002302,egg,adult,Aphidius_platensis,"Aphidius platensis Brethes, 1913"
development,24,Days,TRAIND002303,egg,adult,Aphidius_platensis,"Aphidius platensis Brethes, 1913"
development,25,Days,TRAIND002304,egg,adult,Aphidius_platensis,"Aphidius platensis Brethes, 1913"
development,23,Days,TRAIND002305,egg,adult,Aphidius_platensis,"Aphidius platensis Brethes, 1913"
development,24,Days,TRAIND002306,egg,adult,Aphidius_platensis,"Aphidius platensis Brethes, 1913"
development,23,Days,TRAIND002307,egg,adult,Aphidius_platensis,"Aphidius platensis Brethes, 1913"
development,"",Days,TRAIND002308,egg,adult,Aphidius_platensis,"Aphidius platensis Brethes, 1913"
development,21,Days,TRAIND002309,egg,adult,Aphidius_platensis,"Aphidius platensis Brethes, 1913"
development,22,Days,TRAIND002310,egg,adult,Aphidius_platensis,"Aphidius platensis Brethes, 1913"
development,21,Days,TRAIND002311,egg,adult,Aphidius_platensis,"Aphidius platensis Brethes, 1913"
development,21,Days,TRAIND002312,egg,adult,Aphidius_platensis,"Aphidius platensis Brethes, 1913"
development,23,Days,TRAIND002313,egg,adult,Aphidius_platensis,"Aphidius platensis Brethes, 1913"
development,24.5,Days,TRAIND002314,egg,adult,Aphidius_platensis,"Aphidius platensis Brethes, 1913"
development,24,Days,TRAIND002315,egg,adult,Aphidius_platensis,"Aphidius platensis Brethes, 1913"
development,23,Days,TRAIND002316,egg,adult,Aphidius_platensis,"Aphidius platensis Brethes, 1913"
development,20,Days,TRAIND002317,egg,adult,Aphidius_platensis,"Aphidius platensis Brethes, 1913"
development,22,Days,TRAIND002318,egg,adult,Aphidius_platensis,"Aphidius platensis Brethes, 1913"
development,25,Days,TRAIND002319,egg,adult,Aphidius_platensis,"Aphidius platensis Brethes, 1913"
development,23,Days,TRAIND002320,egg,adult,Aphidius_platensis,"Aphidius platensis Brethes, 1913"
development,25,Days,TRAIND002321,egg,adult,Aphidius_platensis,"Aphidius platensis Brethes, 1913"
development,23,Days,TRAIND002322,egg,adult,Aphidius_platensis,"Aphidius platensis Brethes, 1913"
development,21,Days,TRAIND002323,egg,adult,Aphidius_platensis,"Aphidius platensis Brethes, 1913"
development,"",Days,TRAIND002324,egg,adult,Aphidius_platensis,"Aphidius platensis Brethes, 1913"
development,"",Days,TRAIND002325,egg,adult,Aphidius_platensis,"Aphidius platensis Brethes, 1913"
development,21,Days,TRAIND002326,egg,adult,Aphidius_platensis,"Aphidius platensis Brethes, 1913"
development,22,Days,TRAIND002327,egg,adult,Aphidius_platensis,"Aphidius platensis Brethes, 1913"
development,24.5,Days,TRAIND002328,egg,adult,Aphidius_platensis,"Aphidius platensis Brethes, 1913"
development,23.5,Days,TRAIND002329,egg,adult,Aphidius_platensis,"Aphidius platensis Brethes, 1913"
development,23,Days,TRAIND002330,egg,adult,Aphidius_platensis,"Aphidius platensis Brethes, 1913"
development,21,Days,TRAIND002331,egg,adult,Aphidius_platensis,"Aphidius platensis Brethes, 1913"
development,23,Days,TRAIND002332,egg,adult,Aphidius_platensis,"Aphidius platensis Brethes, 1913"
development,24.5,Days,TRAIND002333,egg,adult,Aphidius_platensis,"Aphidius platensis Brethes, 1913"
development,22.5,Days,TRAIND002334,egg,adult,Aphidius_platensis,"Aphidius platensis Brethes, 1913"
development,24,Days,TRAIND002335,egg,adult,Aphidius_platensis,"Aphidius platensis Brethes, 1913"
development,22,Days,TRAIND002336,egg,adult,Aphidius_platensis,"Aphidius platensis Brethes, 1913"
development,21.5,Days,TRAIND002337,egg,adult,Aphidius_platensis,"Aphidius platensis Brethes, 1913"
development,22,Days,TRAIND002338,egg,adult,Aphidius_platensis,"Aphidius platensis Brethes, 1913"
development,21,Days,TRAIND002339,egg,adult,Aphidius_platensis,"Aphidius platensis Brethes, 1913"
development,23.5,Days,TRAIND002340,egg,adult,Aphidius_platensis,"Aphidius platensis Brethes, 1913"
development,21,Days,TRAIND002341,egg,adult,Aphidius_platensis,"Aphidius platensis Brethes, 1913"
development,21.5,Days,TRAIND002342,egg,adult,Aphidius_platensis,"Aphidius platensis Brethes, 1913"
development,22,Days,TRAIND002343,egg,adult,Aphidius_platensis,"Aphidius platensis Brethes, 1913"
development,24.5,Days,TRAIND002344,egg,adult,Aphidius_platensis,"Aphidius platensis Brethes, 1913"
development,"",Days,TRAIND002345,egg,adult,Aphidius_platensis,"Aphidius platensis Brethes, 1913"
development,25.5,Days,TRAIND002346,egg,adult,Aphidius_platensis,"Aphidius platensis Brethes, 1913"
development,23,Days,TRAIND002347,egg,adult,Aphidius_platensis,"Aphidius platensis Brethes, 1913"
development,25.5,Days,TRAIND002348,egg,adult,Aphidius_platensis,"Aphidius platensis Brethes, 1913"
development,21.5,Days,TRAIND002349,egg,adult,Aphidius_platensis,"Aphidius platensis Brethes, 1913"
development,22,Days,TRAIND002350,egg,adult,Aphidius_platensis,"Aphidius platensis Brethes, 1913"
development,21,Days,TRAIND002351,egg,adult,Aphidius_platensis,"Aphidius platensis Brethes, 1913"
development,24.5,Days,TRAIND002352,egg,adult,Aphidius_platensis,"Aphidius platensis Brethes, 1913"
development,"",Days,TRAIND002353,egg,adult,Aphidius_platensis,"Aphidius platensis Brethes, 1913"
development,24.5,Days,TRAIND002354,egg,adult,Aphidius_platensis,"Aphidius platensis Brethes, 1913"
development,24,Days,TRAIND002355,egg,adult,Aphidius_platensis,"Aphidius platensis Brethes, 1913"
development,22,Days,TRAIND002356,egg,adult,Aphidius_platensis,"Aphidius platensis Brethes, 1913"
development,23.5,Days,TRAIND002357,egg,adult,Aphidius_platensis,"Aphidius platensis Brethes, 1913"
development,22,Days,TRAIND002358,egg,adult,Aphidius_platensis,"Aphidius platensis Brethes, 1913"
development,"",Days,TRAIND002359,egg,adult,Aphidius_platensis,"Aphidius platensis Brethes, 1913"
development,22,Days,TRAIND002360,egg,adult,Aphidius_platensis,"Aphidius platensis Brethes, 1913"
development,21.5,Days,TRAIND002361,egg,adult,Aphidius_platensis,"Aphidius platensis Brethes, 1913"
development,23.5,Days,TRAIND002362,egg,adult,Aphidius_platensis,"Aphidius platensis Brethes, 1913"
development,22,Days,TRAIND002363,egg,adult,Aphidius_platensis,"Aphidius platensis Brethes, 1913"
development,23,Days,TRAIND002364,egg,adult,Aphidius_platensis,"Aphidius platensis Brethes, 1913"
development,27,Days,TRAIND002365,egg,adult,Aphidius_platensis,"Aphidius platensis Brethes, 1913"
development,24,Days,TRAIND002366,egg,adult,Aphidius_platensis,"Aphidius platensis Brethes, 1913"
development,22.5,Days,TRAIND002367,egg,adult,Aphidius_platensis,"Aphidius platensis Brethes, 1913"
development,22.5,Days,TRAIND002368,egg,adult,Aphidius_platensis,"Aphidius platensis Brethes, 1913"
development,22.5,Days,TRAIND002369,egg,adult,Aphidius_platensis,"Aphidius platensis Brethes, 1913"
development,22,Days,TRAIND002370,egg,adult,Aphidius_platensis,"Aphidius platensis Brethes, 1913"
development,22.5,Days,TRAIND002371,egg,adult,Aphidius_platensis,"Aphidius platensis Brethes, 1913"
development,22.5,Days,TRAIND002372,egg,adult,Aphidius_platensis,"Aphidius platensis Brethes, 1913"
development,24,Days,TRAIND002373,egg,adult,Aphidius_platensis,"Aphidius platensis Brethes, 1913"
development,24,Days,TRAIND002374,egg,adult,Aphidius_platensis,"Aphidius platensis Brethes, 1913"
development,23.5,Days,TRAIND002375,egg,adult,Aphidius_platensis,"Aphidius platensis Brethes, 1913"
development,21,Days,TRAIND002376,egg,adult,Aphidius_platensis,"Aphidius platensis Brethes, 1913"
development,21,Days,TRAIND002377,egg,adult,Aphidius_platensis,"Aphidius platensis Brethes, 1913"
development,"",Days,TRAIND002378,egg,adult,Aphidius_platensis,"Aphidius platensis Brethes, 1913"
development,22,Days,TRAIND002379,egg,adult,Aphidius_platensis,"Aphidius platensis Brethes, 1913"
development,22,Days,TRAIND002380,egg,adult,Aphidius_platensis,"Aphidius platensis Brethes, 1913"
development,21.5,Days,TRAIND002381,egg,adult,Aphidius_platensis,"Aphidius platensis Brethes, 1913"
development,21,Days,TRAIND002382,egg,adult,Aphidius_platensis,"Aphidius platensis Brethes, 1913"
development,20,Days,TRAIND002383,egg,adult,Aphidius_platensis,"Aphidius platensis Brethes, 1913"
development,22,Days,TRAIND002384,egg,adult,Aphidius_platensis,"Aphidius platensis Brethes, 1913"
development,21.5,Days,TRAIND002385,egg,adult,Aphidius_platensis,"Aphidius platensis Brethes, 1913"
development,22,Days,TRAIND002386,egg,adult,Aphidius_platensis,"Aphidius platensis Brethes, 1913"
development,25.5,Days,TRAIND002387,egg,adult,Aphidius_platensis,"Aphidius platensis Brethes, 1913"
development,22,Days,TRAIND002388,egg,adult,Aphidius_platensis,"Aphidius platensis Brethes, 1913"
development,21.5,Days,TRAIND002389,egg,adult,Aphidius_platensis,"Aphidius platensis Brethes, 1913"
development,21.5,Days,TRAIND002390,egg,adult,Aphidius_platensis,"Aphidius platensis Brethes, 1913"
development,21,Days,TRAIND002391,egg,adult,Aphidius_platensis,"Aphidius platensis Brethes, 1913"
development,24.5,Days,TRAIND002392,egg,adult,Aphidius_platensis,"Aphidius platensis Brethes, 1913"
development,23,Days,TRAIND002393,egg,adult,Aphidius_platensis,"Aphidius platensis Brethes, 1913"
development,23,Days,TRAIND002394,egg,adult,Aphidius_platensis,"Aphidius platensis Brethes, 1913"
development,24.5,Days,TRAIND002395,egg,adult,Aphidius_platensis,"Aphidius platensis Brethes, 1913"
development,23.5,Days,TRAIND002396,egg,adult,Aphidius_platensis,"Aphidius platensis Brethes, 1913"
development,24.5,Days,TRAIND002397,egg,adult,Aphidius_platensis,"Aphidius platensis Brethes, 1913"
development,23.5,Days,TRAIND002398,egg,adult,Aphidius_platensis,"Aphidius platensis Brethes, 1913"
development,21,Days,TRAIND002399,egg,adult,Aphidius_platensis,"Aphidius platensis Brethes, 1913"
development,20.5,Days,TRAIND002400,egg,adult,Aphidius_platensis,"Aphidius platensis Brethes, 1913"
development,20.5,Days,TRAIND002401,egg,adult,Aphidius_platensis,"Aphidius platensis Brethes, 1913"
development,21,Days,TRAIND002402,egg,adult,Aphidius_platensis,"Aphidius platensis Brethes, 1913"
development,23.5,Days,TRAIND002403,egg,adult,Aphidius_platensis,"Aphidius platensis Brethes, 1913"
development,21,Days,TRAIND002404,egg,adult,Aphidius_platensis,"Aphidius platensis Brethes, 1913"
development,23,Days,TRAIND002405,egg,adult,Aphidius_platensis,"Aphidius platensis Brethes, 1913"
development,22.5,Days,TRAIND002406,egg,adult,Aphidius_platensis,"Aphidius platensis Brethes, 1913"
development,21,Days,TRAIND002407,egg,adult,Aphidius_platensis,"Aphidius platensis Brethes, 1913"
development,21,Days,TRAIND002408,egg,adult,Aphidius_platensis,"Aphidius platensis Brethes, 1913"
development,23.5,Days,TRAIND002409,egg,adult,Aphidius_platensis,"Aphidius platensis Brethes, 1913"
development,24.5,Days,TRAIND002410,egg,adult,Aphidius_platensis,"Aphidius platensis Brethes, 1913"
development,21,Days,TRAIND002411,egg,adult,Aphidius_platensis,"Aphidius platensis Brethes, 1913"
development,20,Days,TRAIND002412,egg,adult,Aphidius_platensis,"Aphidius platensis Brethes, 1913"
development,21,Days,TRAIND002413,egg,adult,Aphidius_platensis,"Aphidius platensis Brethes, 1913"
development,21.5,Days,TRAIND002414,egg,adult,Aphidius_platensis,"Aphidius platensis Brethes, 1913"
development,20,Days,TRAIND002415,egg,adult,Aphidius_platensis,"Aphidius platensis Brethes, 1913"
development,19,Days,TRAIND002416,egg,adult,Aphidius_platensis,"Aphidius platensis Brethes, 1913"
development,21.5,Days,TRAIND002417,egg,adult,Aphidius_platensis,"Aphidius platensis Brethes, 1913"
development,23,Days,TRAIND002418,egg,adult,Aphidius_platensis,"Aphidius platensis Brethes, 1913"
development,21,Days,TRAIND002419,egg,adult,Aphidius_platensis,"Aphidius platensis Brethes, 1913"
development,22,Days,TRAIND002420,egg,adult,Aphidius_platensis,"Aphidius platensis Brethes, 1913"
development,23.5,Days,TRAIND002421,egg,adult,Aphidius_platensis,"Aphidius platensis Brethes, 1913"
development,21,Days,TRAIND002422,egg,adult,Aphidius_platensis,"Aphidius platensis Brethes, 1913"
development,20,Days,TRAIND002423,egg,adult,Aphidius_platensis,"Aphidius platensis Brethes, 1913"
development,22,Days,TRAIND002424,egg,adult,Aphidius_platensis,"Aphidius platensis Brethes, 1913"
development,21.5,Days,TRAIND002425,egg,adult,Aphidius_platensis,"Aphidius platensis Brethes, 1913"
development,23,Days,TRAIND002426,egg,adult,Aphidius_platensis,"Aphidius platensis Brethes, 1913"
development,24,Days,TRAIND002427,egg,adult,Aphidius_platensis,"Aphidius platensis Brethes, 1913"
development,22,Days,TRAIND002428,egg,adult,Aphidius_platensis,"Aphidius platensis Brethes, 1913"
development,21.5,Days,TRAIND002429,egg,adult,Aphidius_platensis,"Aphidius platensis Brethes, 1913"
development,24,Days,TRAIND002430,egg,adult,Aphidius_platensis,"Aphidius platensis Brethes, 1913"
development,22.5,Days,TRAIND002431,egg,adult,Aphidius_platensis,"Aphidius platensis Brethes, 1913"
development,22.5,Days,TRAIND002432,egg,adult,Aphidius_platensis,"Aphidius platensis Brethes, 1913"
development,22,Days,TRAIND002433,egg,adult,Aphidius_platensis,"Aphidius platensis Brethes, 1913"
development,22.5,Days,TRAIND002434,egg,adult,Aphidius_platensis,"Aphidius platensis Brethes, 1913"
development,21,Days,TRAIND002435,egg,adult,Aphidius_platensis,"Aphidius platensis Brethes, 1913"
development,20.5,Days,TRAIND002436,egg,adult,Aphidius_platensis,"Aphidius platensis Brethes, 1913"
development,22,Days,TRAIND002437,egg,adult,Aphidius_platensis,"Aphidius platensis Brethes, 1913"
development,24.5,Days,TRAIND002438,egg,adult,Aphidius_platensis,"Aphidius platensis Brethes, 1913"
development,23.5,Days,TRAIND002439,egg,adult,Aphidius_platensis,"Aphidius platensis Brethes, 1913"
development,24.5,Days,TRAIND002440,egg,adult,Aphidius_platensis,"Aphidius platensis Brethes, 1913"
development,22,Days,TRAIND002441,egg,adult,Aphidius_platensis,"Aphidius platensis Brethes, 1913"
development,20.5,Days,TRAIND002442,egg,adult,Aphidius_platensis,"Aphidius platensis Brethes, 1913"
development,19,Days,TRAIND002443,egg,adult,Aphidius_platensis,"Aphidius platensis Brethes, 1913"
development,21.5,Days,TRAIND002444,egg,adult,Aphidius_platensis,"Aphidius platensis Brethes, 1913"
development,20,Days,TRAIND002445,egg,adult,Aphidius_platensis,"Aphidius platensis Brethes, 1913"
development,22,Days,TRAIND002446,egg,adult,Aphidius_platensis,"Aphidius platensis Brethes, 1913"
development,22,Days,TRAIND002447,egg,adult,Aphidius_platensis,"Aphidius platensis Brethes, 1913"
development,21,Days,TRAIND002448,egg,adult,Aphidius_platensis,"Aphidius platensis Brethes, 1913"
development,19.5,Days,TRAIND002449,egg,adult,Aphidius_platensis,"Aphidius platensis Brethes, 1913"
development,21,Days,TRAIND002450,egg,adult,Aphidius_platensis,"Aphidius platensis Brethes, 1913"
development,20.5,Days,TRAIND002451,egg,adult,Aphidius_platensis,"Aphidius platensis Brethes, 1913"
development,22,Days,TRAIND002452,egg,adult,Aphidius_platensis,"Aphidius platensis Brethes, 1913"
development,24,Days,TRAIND002453,egg,adult,Aphidius_platensis,"Aphidius platensis Brethes, 1913"
development,19,Days,TRAIND002454,egg,adult,Aphidius_platensis,"Aphidius platensis Brethes, 1913"
development,21,Days,TRAIND002455,egg,adult,Aphidius_platensis,"Aphidius platensis Brethes, 1913"
development,20,Days,TRAIND002456,egg,adult,Aphidius_platensis,"Aphidius platensis Brethes, 1913"
development,"",Days,TRAIND002457,egg,adult,Aphidius_platensis,"Aphidius platensis Brethes, 1913"
development,23.5,Days,TRAIND002458,egg,adult,Aphidius_platensis,"Aphidius platensis Brethes, 1913"
development,22,Days,TRAIND002459,egg,adult,Aphidius_platensis,"Aphidius platensis Brethes, 1913"
development,21,Days,TRAIND002460,egg,adult,Aphidius_platensis,"Aphidius platensis Brethes, 1913"
development,"",Days,TRAIND002461,egg,adult,Aphidius_platensis,"Aphidius platensis Brethes, 1913"
development,22,Days,TRAIND002462,egg,adult,Aphidius_platensis,"Aphidius platensis Brethes, 1913"
development,20,Days,TRAIND002463,egg,adult,Aphidius_platensis,"Aphidius platensis Brethes, 1913"
development,22,Days,TRAIND002464,egg,adult,Aphidius_platensis,"Aphidius platensis Brethes, 1913"
development,23,Days,TRAIND002465,egg,adult,Aphidius_platensis,"Aphidius platensis Brethes, 1913"
development,23.5,Days,TRAIND002466,egg,adult,Aphidius_platensis,"Aphidius platensis Brethes, 1913"
development,23.5,Days,TRAIND002467,egg,adult,Aphidius_platensis,"Aphidius platensis Brethes, 1913"
development,22,Days,TRAIND002468,egg,adult,Aphidius_platensis,"Aphidius platensis Brethes, 1913"
development,21.5,Days,TRAIND002469,egg,adult,Aphidius_platensis,"Aphidius platensis Brethes, 1913"
development,19,Days,TRAIND002470,egg,adult,Aphidius_platensis,"Aphidius platensis Brethes, 1913"
development,22,Days,TRAIND002471,egg,adult,Aphidius_platensis,"Aphidius platensis Brethes, 1913"
development,25,Days,TRAIND002472,egg,adult,Aphidius_platensis,"Aphidius platensis Brethes, 1913"
development,23,Days,TRAIND002473,egg,adult,Aphidius_platensis,"Aphidius platensis Brethes, 1913"
development,21,Days,TRAIND002474,egg,adult,Aphidius_platensis,"Aphidius platensis Brethes, 1913"
development,22.5,Days,TRAIND002475,egg,adult,Aphidius_platensis,"Aphidius platensis Brethes, 1913"
development,22,Days,TRAIND002476,egg,adult,Aphidius_platensis,"Aphidius platensis Brethes, 1913"
development,21,Days,TRAIND002477,egg,adult,Aphidius_platensis,"Aphidius platensis Brethes, 1913"
development,24,Days,TRAIND002478,egg,adult,Aphidius_platensis,"Aphidius platensis Brethes, 1913"
development,23.5,Days,TRAIND002479,egg,adult,Aphidius_platensis,"Aphidius platensis Brethes, 1913"
development,18.5,Days,TRAIND002480,egg,adult,Aphidius_platensis,"Aphidius platensis Brethes, 1913"
development,20,Days,TRAIND002481,egg,adult,Aphidius_platensis,"Aphidius platensis Brethes, 1913"
development,21.5,Days,TRAIND002482,egg,adult,Aphidius_platensis,"Aphidius platensis Brethes, 1913"
development,21,Days,TRAIND002483,egg,adult,Aphidius_platensis,"Aphidius platensis Brethes, 1913"
development,23.5,Days,TRAIND002484,egg,adult,Aphidius_platensis,"Aphidius platensis Brethes, 1913"
development,"",Days,TRAIND002485,egg,adult,Aphidius_platensis,"Aphidius platensis Brethes, 1913"
development,21,Days,TRAIND002486,egg,adult,Aphidius_platensis,"Aphidius platensis Brethes, 1913"
development,25.5,Days,TRAIND002487,egg,adult,Aphidius_platensis,"Aphidius platensis Brethes, 1913"
development,20.5,Days,TRAIND002488,egg,adult,Aphidius_platensis,"Aphidius platensis Brethes, 1913"
development,21.5,Days,TRAIND002489,egg,adult,Aphidius_platensis,"Aphidius platensis Brethes, 1913"
development,23,Days,TRAIND002490,egg,adult,Aphidius_platensis,"Aphidius platensis Brethes, 1913"
development,22,Days,TRAIND002491,egg,adult,Aphidius_platensis,"Aphidius platensis Brethes, 1913"
development,22.5,Days,TRAIND002492,egg,adult,Aphidius_platensis,"Aphidius platensis Brethes, 1913"
development,21,Days,TRAIND002493,egg,adult,Aphidius_platensis,"Aphidius platensis Brethes, 1913"
development,20,Days,TRAIND002494,egg,adult,Aphidius_platensis,"Aphidius platensis Brethes, 1913"
development,21,Days,TRAIND002495,egg,adult,Aphidius_platensis,"Aphidius platensis Brethes, 1913"
development,22,Days,TRAIND002496,egg,adult,Aphidius_platensis,"Aphidius platensis Brethes, 1913"
development,20,Days,TRAIND002497,egg,adult,Aphidius_platensis,"Aphidius platensis Brethes, 1913"
development,21,Days,TRAIND002498,egg,adult,Aphidius_platensis,"Aphidius platensis Brethes, 1913"
development,21.5,Days,TRAIND002499,egg,adult,Aphidius_platensis,"Aphidius platensis Brethes, 1913"
development,21,Days,TRAIND002500,egg,adult,Aphidius_platensis,"Aphidius platensis Brethes, 1913"
development,22.5,Days,TRAIND002501,egg,adult,Aphidius_platensis,"Aphidius platensis Brethes, 1913"
development,22.5,Days,TRAIND002502,egg,adult,Aphidius_platensis,"Aphidius platensis Brethes, 1913"
development,21.5,Days,TRAIND002503,egg,adult,Aphidius_platensis,"Aphidius platensis Brethes, 1913"
development,21.5,Days,TRAIND002504,egg,adult,Aphidius_platensis,"Aphidius platensis Brethes, 1913"
development,20,Days,TRAIND002505,egg,adult,Aphidius_platensis,"Aphidius platensis Brethes, 1913"
development,21,Days,TRAIND002506,egg,adult,Aphidius_platensis,"Aphidius platensis Brethes, 1913"
development,21,Days,TRAIND002507,egg,adult,Aphidius_platensis,"Aphidius platensis Brethes, 1913"
development,20,Days,TRAIND002508,egg,adult,Aphidius_platensis,"Aphidius platensis Brethes, 1913"
development,22.5,Days,TRAIND002509,egg,adult,Aphidius_platensis,"Aphidius platensis Brethes, 1913"
development,22.5,Days,TRAIND002510,egg,adult,Aphidius_platensis,"Aphidius platensis Brethes, 1913"
development,22,Days,TRAIND002511,egg,adult,Aphidius_platensis,"Aphidius platensis Brethes, 1913"
development,22,Days,TRAIND002512,egg,adult,Aphidius_platensis,"Aphidius platensis Brethes, 1913"
development,22,Days,TRAIND002513,egg,adult,Aphidius_platensis,"Aphidius platensis Brethes, 1913"
development,21,Days,TRAIND002514,egg,adult,Aphidius_platensis,"Aphidius platensis Brethes, 1913"
development,24,Days,TRAIND002515,egg,adult,Aphidius_platensis,"Aphidius platensis Brethes, 1913"
development,22.5,Days,TRAIND002516,egg,adult,Aphidius_platensis,"Aphidius platensis Brethes, 1913"
development,21,Days,TRAIND002517,egg,adult,Aphidius_platensis,"Aphidius platensis Brethes, 1913"
development,19,Days,TRAIND002518,egg,adult,Aphidius_platensis,"Aphidius platensis Brethes, 1913"
development,21.5,Days,TRAIND002519,egg,adult,Aphidius_platensis,"Aphidius platensis Brethes, 1913"
development,21,Days,TRAIND002520,egg,adult,Aphidius_platensis,"Aphidius platensis Brethes, 1913"
development,21,Days,TRAIND002521,egg,adult,Aphidius_platensis,"Aphidius platensis Brethes, 1913"
development,22,Days,TRAIND002522,egg,adult,Aphidius_platensis,"Aphidius platensis Brethes, 1913"
development,"",Days,TRAIND002523,egg,adult,Aphidius_platensis,"Aphidius platensis Brethes, 1913"
development,19.5,Days,TRAIND002524,egg,adult,Aphidius_platensis,"Aphidius platensis Brethes, 1913"
development,20,Days,TRAIND002525,egg,adult,Aphidius_platensis,"Aphidius platensis Brethes, 1913"
development,22.5,Days,TRAIND002526,egg,adult,Aphidius_platensis,"Aphidius platensis Brethes, 1913"
development,20,Days,TRAIND002527,egg,adult,Aphidius_platensis,"Aphidius platensis Brethes, 1913"
development,22,Days,TRAIND002528,egg,adult,Aphidius_platensis,"Aphidius platensis Brethes, 1913"
development,21,Days,TRAIND002529,egg,adult,Aphidius_platensis,"Aphidius platensis Brethes, 1913"
development,21.5,Days,TRAIND002530,egg,adult,Aphidius_platensis,"Aphidius platensis Brethes, 1913"
development,23.5,Days,TRAIND002531,egg,adult,Aphidius_platensis,"Aphidius platensis Brethes, 1913"
development,20.5,Days,TRAIND002532,egg,adult,Aphidius_platensis,"Aphidius platensis Brethes, 1913"
development,23.5,Days,TRAIND002533,egg,adult,Aphidius_platensis,"Aphidius platensis Brethes, 1913"
development,24.5,Days,TRAIND002534,egg,adult,Aphidius_platensis,"Aphidius platensis Brethes, 1913"
development,23,Days,TRAIND002535,egg,adult,Aphidius_platensis,"Aphidius platensis Brethes, 1913"
development,23.5,Days,TRAIND002536,egg,adult,Aphidius_platensis,"Aphidius platensis Brethes, 1913"
development,25,Days,TRAIND002537,egg,adult,Aphidius_platensis,"Aphidius platensis Brethes, 1913"
development,23.5,Days,TRAIND002538,egg,adult,Aphidius_platensis,"Aphidius platensis Brethes, 1913"
development,22,Days,TRAIND002539,egg,adult,Aphidius_platensis,"Aphidius platensis Brethes, 1913"
development,20,Days,TRAIND002540,egg,adult,Aphidius_platensis,"Aphidius platensis Brethes, 1913"
development,22,Days,TRAIND002541,egg,adult,Aphidius_platensis,"Aphidius platensis Brethes, 1913"
development,24,Days,TRAIND002542,egg,adult,Aphidius_platensis,"Aphidius platensis Brethes, 1913"
development,22.5,Days,TRAIND002543,egg,adult,Aphidius_platensis,"Aphidius platensis Brethes, 1913"
development,21.5,Days,TRAIND002544,egg,adult,Aphidius_platensis,"Aphidius platensis Brethes, 1913"
development,22.5,Days,TRAIND002545,egg,adult,Aphidius_platensis,"Aphidius platensis Brethes, 1913"
development,"",Days,TRAIND002546,egg,adult,Aphidius_platensis,"Aphidius platensis Brethes, 1913"
development,19.5,Days,TRAIND002547,egg,adult,Aphidius_platensis,"Aphidius platensis Brethes, 1913"
development,21,Days,TRAIND002548,egg,adult,Aphidius_platensis,"Aphidius platensis Brethes, 1913"
development,22,Days,TRAIND002549,egg,adult,Aphidius_platensis,"Aphidius platensis Brethes, 1913"
development,21,Days,TRAIND002550,egg,adult,Aphidius_platensis,"Aphidius platensis Brethes, 1913"
development,20,Days,TRAIND002551,egg,adult,Aphidius_platensis,"Aphidius platensis Brethes, 1913"
development,23,Days,TRAIND002552,egg,adult,Aphidius_platensis,"Aphidius platensis Brethes, 1913"
development,26,Days,TRAIND002553,egg,adult,Aphidius_platensis,"Aphidius platensis Brethes, 1913"
development,21,Days,TRAIND002554,egg,adult,Aphidius_platensis,"Aphidius platensis Brethes, 1913"
development,13,Days,TRAIND002555,egg,adult,Aphidius_platensis,"Aphidius platensis Brethes, 1913"
development,13.5,Days,TRAIND002556,egg,adult,Aphidius_platensis,"Aphidius platensis Brethes, 1913"
development,"",Days,TRAIND002557,egg,adult,Aphidius_platensis,"Aphidius platensis Brethes, 1913"
development,15,Days,TRAIND002558,egg,adult,Aphidius_platensis,"Aphidius platensis Brethes, 1913"
development,14,Days,TRAIND002559,egg,adult,Aphidius_platensis,"Aphidius platensis Brethes, 1913"
development,13.5,Days,TRAIND002560,egg,adult,Aphidius_platensis,"Aphidius platensis Brethes, 1913"
development,13.5,Days,TRAIND002561,egg,adult,Aphidius_platensis,"Aphidius platensis Brethes, 1913"
development,13,Days,TRAIND002562,egg,adult,Aphidius_platensis,"Aphidius platensis Brethes, 1913"
development,14,Days,TRAIND002563,egg,adult,Aphidius_platensis,"Aphidius platensis Brethes, 1913"
development,14,Days,TRAIND002564,egg,adult,Aphidius_platensis,"Aphidius platensis Brethes, 1913"
development,14,Days,TRAIND002565,egg,adult,Aphidius_platensis,"Aphidius platensis Brethes, 1913"
development,14,Days,TRAIND002566,egg,adult,Aphidius_platensis,"Aphidius platensis Brethes, 1913"
development,13,Days,TRAIND002567,egg,adult,Aphidius_platensis,"Aphidius platensis Brethes, 1913"
development,13.5,Days,TRAIND002568,egg,adult,Aphidius_platensis,"Aphidius platensis Brethes, 1913"
development,14,Days,TRAIND002569,egg,adult,Aphidius_platensis,"Aphidius platensis Brethes, 1913"
development,"",Days,TRAIND002570,egg,adult,Aphidius_platensis,"Aphidius platensis Brethes, 1913"
development,14,Days,TRAIND002571,egg,adult,Aphidius_platensis,"Aphidius platensis Brethes, 1913"
development,13,Days,TRAIND002572,egg,adult,Aphidius_platensis,"Aphidius platensis Brethes, 1913"
development,13,Days,TRAIND002573,egg,adult,Aphidius_platensis,"Aphidius platensis Brethes, 1913"
development,13,Days,TRAIND002574,egg,adult,Aphidius_platensis,"Aphidius platensis Brethes, 1913"
development,13.5,Days,TRAIND002575,egg,adult,Aphidius_platensis,"Aphidius platensis Brethes, 1913"
development,13,Days,TRAIND002576,egg,adult,Aphidius_platensis,"Aphidius platensis Brethes, 1913"
development,13.5,Days,TRAIND002577,egg,adult,Aphidius_platensis,"Aphidius platensis Brethes, 1913"
development,14.5,Days,TRAIND002578,egg,adult,Aphidius_platensis,"Aphidius platensis Brethes, 1913"
development,12,Days,TRAIND002579,egg,adult,Aphidius_platensis,"Aphidius platensis Brethes, 1913"
development,13,Days,TRAIND002580,egg,adult,Aphidius_platensis,"Aphidius platensis Brethes, 1913"
development,"",Days,TRAIND002581,egg,adult,Aphidius_platensis,"Aphidius platensis Brethes, 1913"
development,12,Days,TRAIND002582,egg,adult,Aphidius_platensis,"Aphidius platensis Brethes, 1913"
development,11.5,Days,TRAIND002583,egg,adult,Aphidius_platensis,"Aphidius platensis Brethes, 1913"
development,11,Days,TRAIND002584,egg,adult,Aphidius_platensis,"Aphidius platensis Brethes, 1913"
development,11.5,Days,TRAIND002585,egg,adult,Aphidius_platensis,"Aphidius platensis Brethes, 1913"
development,13,Days,TRAIND002586,egg,adult,Aphidius_platensis,"Aphidius platensis Brethes, 1913"
development,12,Days,TRAIND002587,egg,adult,Aphidius_platensis,"Aphidius platensis Brethes, 1913"
development,13.5,Days,TRAIND002588,egg,adult,Aphidius_platensis,"Aphidius platensis Brethes, 1913"
development,12.5,Days,TRAIND002589,egg,adult,Aphidius_platensis,"Aphidius platensis Brethes, 1913"
development,"",Days,TRAIND002590,egg,adult,Aphidius_platensis,"Aphidius platensis Brethes, 1913"
development,12,Days,TRAIND002591,egg,adult,Aphidius_platensis,"Aphidius platensis Brethes, 1913"
development,"",Days,TRAIND002592,egg,adult,Aphidius_platensis,"Aphidius platensis Brethes, 1913"
development,12,Days,TRAIND002593,egg,adult,Aphidius_platensis,"Aphidius platensis Brethes, 1913"
development,12.5,Days,TRAIND002594,egg,adult,Aphidius_platensis,"Aphidius platensis Brethes, 1913"
development,"",Days,TRAIND002595,egg,adult,Aphidius_platensis,"Aphidius platensis Brethes, 1913"
development,14.5,Days,TRAIND002596,egg,adult,Aphidius_platensis,"Aphidius platensis Brethes, 1913"
development,13,Days,TRAIND002597,egg,adult,Aphidius_platensis,"Aphidius platensis Brethes, 1913"
development,12,Days,TRAIND002598,egg,adult,Aphidius_platensis,"Aphidius platensis Brethes, 1913"
development,13,Days,TRAIND002599,egg,adult,Aphidius_platensis,"Aphidius platensis Brethes, 1913"
development,13,Days,TRAIND002600,egg,adult,Aphidius_platensis,"Aphidius platensis Brethes, 1913"
development,14,Days,TRAIND002601,egg,adult,Aphidius_platensis,"Aphidius platensis Brethes, 1913"
development,13.5,Days,TRAIND002602,egg,adult,Aphidius_platensis,"Aphidius platensis Brethes, 1913"
development,"",Days,TRAIND002603,egg,adult,Aphidius_platensis,"Aphidius platensis Brethes, 1913"
development,"",Days,TRAIND002604,egg,adult,Aphidius_platensis,"Aphidius platensis Brethes, 1913"
development,13.5,Days,TRAIND002605,egg,adult,Aphidius_platensis,"Aphidius platensis Brethes, 1913"
development,12.5,Days,TRAIND002606,egg,adult,Aphidius_platensis,"Aphidius platensis Brethes, 1913"
development,12,Days,TRAIND002607,egg,adult,Aphidius_platensis,"Aphidius platensis Brethes, 1913"
development,"",Days,TRAIND002608,egg,adult,Aphidius_platensis,"Aphidius platensis Brethes, 1913"
development,12,Days,TRAIND002609,egg,adult,Aphidius_platensis,"Aphidius platensis Brethes, 1913"
development,12,Days,TRAIND002610,egg,adult,Aphidius_platensis,"Aphidius platensis Brethes, 1913"
development,12,Days,TRAIND002611,egg,adult,Aphidius_platensis,"Aphidius platensis Brethes, 1913"
development,12,Days,TRAIND002612,egg,adult,Aphidius_platensis,"Aphidius platensis Brethes, 1913"
development,14,Days,TRAIND002613,egg,adult,Aphidius_platensis,"Aphidius platensis Brethes, 1913"
development,14,Days,TRAIND002614,egg,adult,Aphidius_platensis,"Aphidius platensis Brethes, 1913"
development,12.5,Days,TRAIND002615,egg,adult,Aphidius_platensis,"Aphidius platensis Brethes, 1913"
development,12.5,Days,TRAIND002616,egg,adult,Aphidius_platensis,"Aphidius platensis Brethes, 1913"
development,12,Days,TRAIND002617,egg,adult,Aphidius_platensis,"Aphidius platensis Brethes, 1913"
development,13,Days,TRAIND002618,egg,adult,Aphidius_platensis,"Aphidius platensis Brethes, 1913"
development,14,Days,TRAIND002619,egg,adult,Aphidius_platensis,"Aphidius platensis Brethes, 1913"
development,14,Days,TRAIND002620,egg,adult,Aphidius_platensis,"Aphidius platensis Brethes, 1913"
development,14.5,Days,TRAIND002621,egg,adult,Aphidius_platensis,"Aphidius platensis Brethes, 1913"
development,13,Days,TRAIND002622,egg,adult,Aphidius_platensis,"Aphidius platensis Brethes, 1913"
development,14.5,Days,TRAIND002623,egg,adult,Aphidius_platensis,"Aphidius platensis Brethes, 1913"
development,15,Days,TRAIND002624,egg,adult,Aphidius_platensis,"Aphidius platensis Brethes, 1913"
development,14,Days,TRAIND002625,egg,adult,Aphidius_platensis,"Aphidius platensis Brethes, 1913"
development,15,Days,TRAIND002626,egg,adult,Aphidius_platensis,"Aphidius platensis Brethes, 1913"
development,15,Days,TRAIND002627,egg,adult,Aphidius_platensis,"Aphidius platensis Brethes, 1913"
development,14.5,Days,TRAIND002628,egg,adult,Aphidius_platensis,"Aphidius platensis Brethes, 1913"
development,"",Days,TRAIND002629,egg,adult,Aphidius_platensis,"Aphidius platensis Brethes, 1913"
development,13,Days,TRAIND002630,egg,adult,Aphidius_platensis,"Aphidius platensis Brethes, 1913"
development,14.5,Days,TRAIND002631,egg,adult,Aphidius_platensis,"Aphidius platensis Brethes, 1913"
development,13,Days,TRAIND002632,egg,adult,Aphidius_platensis,"Aphidius platensis Brethes, 1913"
development,15.5,Days,TRAIND002633,egg,adult,Aphidius_platensis,"Aphidius platensis Brethes, 1913"
development,13,Days,TRAIND002634,egg,adult,Aphidius_platensis,"Aphidius platensis Brethes, 1913"
development,13,Days,TRAIND002635,egg,adult,Aphidius_platensis,"Aphidius platensis Brethes, 1913"
development,13,Days,TRAIND002636,egg,adult,Aphidius_platensis,"Aphidius platensis Brethes, 1913"
development,13,Days,TRAIND002637,egg,adult,Aphidius_platensis,"Aphidius platensis Brethes, 1913"
development,12,Days,TRAIND002638,egg,adult,Aphidius_platensis,"Aphidius platensis Brethes, 1913"
development,13.5,Days,TRAIND002639,egg,adult,Aphidius_platensis,"Aphidius platensis Brethes, 1913"
development,14,Days,TRAIND002640,egg,adult,Aphidius_platensis,"Aphidius platensis Brethes, 1913"
development,12.5,Days,TRAIND002641,egg,adult,Aphidius_platensis,"Aphidius platensis Brethes, 1913"
development,13.5,Days,TRAIND002642,egg,adult,Aphidius_platensis,"Aphidius platensis Brethes, 1913"
development,13,Days,TRAIND002643,egg,adult,Aphidius_platensis,"Aphidius platensis Brethes, 1913"
development,13,Days,TRAIND002644,egg,adult,Aphidius_platensis,"Aphidius platensis Brethes, 1913"
development,14,Days,TRAIND002645,egg,adult,Aphidius_platensis,"Aphidius platensis Brethes, 1913"
development,12.5,Days,TRAIND002646,egg,adult,Aphidius_platensis,"Aphidius platensis Brethes, 1913"
development,13,Days,TRAIND002647,egg,adult,Aphidius_platensis,"Aphidius platensis Brethes, 1913"
development,13.5,Days,TRAIND002648,egg,adult,Aphidius_platensis,"Aphidius platensis Brethes, 1913"
development,"",Days,TRAIND002649,egg,adult,Aphidius_platensis,"Aphidius platensis Brethes, 1913"
development,13,Days,TRAIND002650,egg,adult,Aphidius_platensis,"Aphidius platensis Brethes, 1913"
development,13,Days,TRAIND002651,egg,adult,Aphidius_platensis,"Aphidius platensis Brethes, 1913"
development,13.5,Days,TRAIND002652,egg,adult,Aphidius_platensis,"Aphidius platensis Brethes, 1913"
development,"",Days,TRAIND002653,egg,adult,Aphidius_platensis,"Aphidius platensis Brethes, 1913"
development,14,Days,TRAIND002654,egg,adult,Aphidius_platensis,"Aphidius platensis Brethes, 1913"
development,13,Days,TRAIND002655,egg,adult,Aphidius_platensis,"Aphidius platensis Brethes, 1913"
development,13.5,Days,TRAIND002656,egg,adult,Aphidius_platensis,"Aphidius platensis Brethes, 1913"
development,14,Days,TRAIND002657,egg,adult,Aphidius_platensis,"Aphidius platensis Brethes, 1913"
development,13,Days,TRAIND002658,egg,adult,Aphidius_platensis,"Aphidius platensis Brethes, 1913"
development,14.5,Days,TRAIND002659,egg,adult,Aphidius_platensis,"Aphidius platensis Brethes, 1913"
development,14.5,Days,TRAIND002660,egg,adult,Aphidius_platensis,"Aphidius platensis Brethes, 1913"
development,14,Days,TRAIND002661,egg,adult,Aphidius_platensis,"Aphidius platensis Brethes, 1913"
development,15,Days,TRAIND002662,egg,adult,Aphidius_platensis,"Aphidius platensis Brethes, 1913"
development,15,Days,TRAIND002663,egg,adult,Aphidius_platensis,"Aphidius platensis Brethes, 1913"
development,14.5,Days,TRAIND002664,egg,adult,Aphidius_platensis,"Aphidius platensis Brethes, 1913"
development,12,Days,TRAIND002665,egg,adult,Aphidius_platensis,"Aphidius platensis Brethes, 1913"
development,13,Days,TRAIND002666,egg,adult,Aphidius_platensis,"Aphidius platensis Brethes, 1913"
development,13,Days,TRAIND002667,egg,adult,Aphidius_platensis,"Aphidius platensis Brethes, 1913"
development,13.5,Days,TRAIND002668,egg,adult,Aphidius_platensis,"Aphidius platensis Brethes, 1913"
development,13,Days,TRAIND002669,egg,adult,Aphidius_platensis,"Aphidius platensis Brethes, 1913"
development,13,Days,TRAIND002670,egg,adult,Aphidius_platensis,"Aphidius platensis Brethes, 1913"
development,13,Days,TRAIND002671,egg,adult,Aphidius_platensis,"Aphidius platensis Brethes, 1913"
development,13,Days,TRAIND002672,egg,adult,Aphidius_platensis,"Aphidius platensis Brethes, 1913"
development,"",Days,TRAIND002673,egg,adult,Aphidius_platensis,"Aphidius platensis Brethes, 1913"
development,13,Days,TRAIND002674,egg,adult,Aphidius_platensis,"Aphidius platensis Brethes, 1913"
development,13.5,Days,TRAIND002675,egg,adult,Aphidius_platensis,"Aphidius platensis Brethes, 1913"
development,15.5,Days,TRAIND002676,egg,adult,Aphidius_platensis,"Aphidius platensis Brethes, 1913"
development,12.5,Days,TRAIND002677,egg,adult,Aphidius_platensis,"Aphidius platensis Brethes, 1913"
development,12.5,Days,TRAIND002678,egg,adult,Aphidius_platensis,"Aphidius platensis Brethes, 1913"
development,13,Days,TRAIND002679,egg,adult,Aphidius_platensis,"Aphidius platensis Brethes, 1913"
development,13.5,Days,TRAIND002680,egg,adult,Aphidius_platensis,"Aphidius platensis Brethes, 1913"
development,13,Days,TRAIND002681,egg,adult,Aphidius_platensis,"Aphidius platensis Brethes, 1913"
development,13,Days,TRAIND002682,egg,adult,Aphidius_platensis,"Aphidius platensis Brethes, 1913"
development,12,Days,TRAIND002683,egg,adult,Aphidius_platensis,"Aphidius platensis Brethes, 1913"
development,12.5,Days,TRAIND002684,egg,adult,Aphidius_platensis,"Aphidius platensis Brethes, 1913"
development,14.5,Days,TRAIND002685,egg,adult,Aphidius_platensis,"Aphidius platensis Brethes, 1913"
development,"",Days,TRAIND002686,egg,adult,Aphidius_platensis,"Aphidius platensis Brethes, 1913"
development,14,Days,TRAIND002687,egg,adult,Aphidius_platensis,"Aphidius platensis Brethes, 1913"
development,13,Days,TRAIND002688,egg,adult,Aphidius_platensis,"Aphidius platensis Brethes, 1913"
development,13,Days,TRAIND002689,egg,adult,Aphidius_platensis,"Aphidius platensis Brethes, 1913"
development,14,Days,TRAIND002690,egg,adult,Aphidius_platensis,"Aphidius platensis Brethes, 1913"
development,"",Days,TRAIND002691,egg,adult,Aphidius_platensis,"Aphidius platensis Brethes, 1913"
development,14,Days,TRAIND002692,egg,adult,Aphidius_platensis,"Aphidius platensis Brethes, 1913"
development,14,Days,TRAIND002693,egg,adult,Aphidius_platensis,"Aphidius platensis Brethes, 1913"
development,14,Days,TRAIND002694,egg,adult,Aphidius_platensis,"Aphidius platensis Brethes, 1913"
development,15.5,Days,TRAIND002695,egg,adult,Aphidius_platensis,"Aphidius platensis Brethes, 1913"
development,14,Days,TRAIND002696,egg,adult,Aphidius_platensis,"Aphidius platensis Brethes, 1913"
development,13.5,Days,TRAIND002697,egg,adult,Aphidius_platensis,"Aphidius platensis Brethes, 1913"
development,13,Days,TRAIND002698,egg,adult,Aphidius_platensis,"Aphidius platensis Brethes, 1913"
development,13,Days,TRAIND002699,egg,adult,Aphidius_platensis,"Aphidius platensis Brethes, 1913"
development,15.5,Days,TRAIND002700,egg,adult,Aphidius_platensis,"Aphidius platensis Brethes, 1913"
development,12,Days,TRAIND002701,egg,adult,Aphidius_platensis,"Aphidius platensis Brethes, 1913"
development,13,Days,TRAIND002702,egg,adult,Aphidius_platensis,"Aphidius platensis Brethes, 1913"
development,14,Days,TRAIND002703,egg,adult,Aphidius_platensis,"Aphidius platensis Brethes, 1913"
development,14,Days,TRAIND002704,egg,adult,Aphidius_platensis,"Aphidius platensis Brethes, 1913"
development,14,Days,TRAIND002705,egg,adult,Aphidius_platensis,"Aphidius platensis Brethes, 1913"
development,15,Days,TRAIND002706,egg,adult,Aphidius_platensis,"Aphidius platensis Brethes, 1913"
development,15,Days,TRAIND002707,egg,adult,Aphidius_platensis,"Aphidius platensis Brethes, 1913"
development,15.5,Days,TRAIND002708,egg,adult,Aphidius_platensis,"Aphidius platensis Brethes, 1913"
development,13,Days,TRAIND002709,egg,adult,Aphidius_platensis,"Aphidius platensis Brethes, 1913"
development,12,Days,TRAIND002710,egg,adult,Aphidius_platensis,"Aphidius platensis Brethes, 1913"
development,"",Days,TRAIND002711,egg,adult,Aphidius_platensis,"Aphidius platensis Brethes, 1913"
development,12,Days,TRAIND002712,egg,adult,Aphidius_platensis,"Aphidius platensis Brethes, 1913"
development,14.5,Days,TRAIND002713,egg,adult,Aphidius_platensis,"Aphidius platensis Brethes, 1913"
development,13,Days,TRAIND002714,egg,adult,Aphidius_platensis,"Aphidius platensis Brethes, 1913"
development,13.5,Days,TRAIND002715,egg,adult,Aphidius_platensis,"Aphidius platensis Brethes, 1913"
development,12.5,Days,TRAIND002716,egg,adult,Aphidius_platensis,"Aphidius platensis Brethes, 1913"
development,14,Days,TRAIND002717,egg,adult,Aphidius_platensis,"Aphidius platensis Brethes, 1913"
development,13,Days,TRAIND002718,egg,adult,Aphidius_platensis,"Aphidius platensis Brethes, 1913"
development,12,Days,TRAIND002719,egg,adult,Aphidius_platensis,"Aphidius platensis Brethes, 1913"
development,15,Days,TRAIND002720,egg,adult,Aphidius_platensis,"Aphidius platensis Brethes, 1913"
development,14.5,Days,TRAIND002721,egg,adult,Aphidius_platensis,"Aphidius platensis Brethes, 1913"
development,15,Days,TRAIND002722,egg,adult,Aphidius_platensis,"Aphidius platensis Brethes, 1913"
development,15,Days,TRAIND002723,egg,adult,Aphidius_platensis,"Aphidius platensis Brethes, 1913"
development,13,Days,TRAIND002724,egg,adult,Aphidius_platensis,"Aphidius platensis Brethes, 1913"
development,13,Days,TRAIND002725,egg,adult,Aphidius_platensis,"Aphidius platensis Brethes, 1913"
development,14.5,Days,TRAIND002726,egg,adult,Aphidius_platensis,"Aphidius platensis Brethes, 1913"
development,13,Days,TRAIND002727,egg,adult,Aphidius_platensis,"Aphidius platensis Brethes, 1913"
development,12.5,Days,TRAIND002728,egg,adult,Aphidius_platensis,"Aphidius platensis Brethes, 1913"
development,15,Days,TRAIND002729,egg,adult,Aphidius_platensis,"Aphidius platensis Brethes, 1913"
development,13,Days,TRAIND002730,egg,adult,Aphidius_platensis,"Aphidius platensis Brethes, 1913"
development,14.5,Days,TRAIND002731,egg,adult,Aphidius_platensis,"Aphidius platensis Brethes, 1913"
development,14,Days,TRAIND002732,egg,adult,Aphidius_platensis,"Aphidius platensis Brethes, 1913"
development,15,Days,TRAIND002733,egg,adult,Aphidius_platensis,"Aphidius platensis Brethes, 1913"
development,15,Days,TRAIND002734,egg,adult,Aphidius_platensis,"Aphidius platensis Brethes, 1913"
development,12.5,Days,TRAIND002735,egg,adult,Aphidius_platensis,"Aphidius platensis Brethes, 1913"
development,12.5,Days,TRAIND002736,egg,adult,Aphidius_platensis,"Aphidius platensis Brethes, 1913"
development,"",Days,TRAIND002737,egg,adult,Aphidius_platensis,"Aphidius platensis Brethes, 1913"
development,12.5,Days,TRAIND002738,egg,adult,Aphidius_platensis,"Aphidius platensis Brethes, 1913"
development,12.5,Days,TRAIND002739,egg,adult,Aphidius_platensis,"Aphidius platensis Brethes, 1913"
development,13.5,Days,TRAIND002740,egg,adult,Aphidius_platensis,"Aphidius platensis Brethes, 1913"
development,"",Days,TRAIND002741,egg,adult,Aphidius_platensis,"Aphidius platensis Brethes, 1913"
development,13.5,Days,TRAIND002742,egg,adult,Aphidius_platensis,"Aphidius platensis Brethes, 1913"
development,13.5,Days,TRAIND002743,egg,adult,Aphidius_platensis,"Aphidius platensis Brethes, 1913"
development,"",Days,TRAIND002744,egg,adult,Aphidius_platensis,"Aphidius platensis Brethes, 1913"
development,12,Days,TRAIND002745,egg,adult,Aphidius_platensis,"Aphidius platensis Brethes, 1913"
development,13.5,Days,TRAIND002746,egg,adult,Aphidius_platensis,"Aphidius platensis Brethes, 1913"
development,12.5,Days,TRAIND002747,egg,adult,Aphidius_platensis,"Aphidius platensis Brethes, 1913"
development,13,Days,TRAIND002748,egg,adult,Aphidius_platensis,"Aphidius platensis Brethes, 1913"
development,13.5,Days,TRAIND002749,egg,adult,Aphidius_platensis,"Aphidius platensis Brethes, 1913"
development,12,Days,TRAIND002750,egg,adult,Aphidius_platensis,"Aphidius platensis Brethes, 1913"
development,13,Days,TRAIND002751,egg,adult,Aphidius_platensis,"Aphidius platensis Brethes, 1913"
development,"",Days,TRAIND002752,egg,adult,Aphidius_platensis,"Aphidius platensis Brethes, 1913"
development,"",Days,TRAIND002753,egg,adult,Aphidius_platensis,"Aphidius platensis Brethes, 1913"
development,12,Days,TRAIND002754,egg,adult,Aphidius_platensis,"Aphidius platensis Brethes, 1913"
development,12,Days,TRAIND002755,egg,adult,Aphidius_platensis,"Aphidius platensis Brethes, 1913"
development,12.5,Days,TRAIND002756,egg,adult,Aphidius_platensis,"Aphidius platensis Brethes, 1913"
development,14,Days,TRAIND002757,egg,adult,Aphidius_platensis,"Aphidius platensis Brethes, 1913"
development,14.5,Days,TRAIND002758,egg,adult,Aphidius_platensis,"Aphidius platensis Brethes, 1913"
development,14,Days,TRAIND002759,egg,adult,Aphidius_platensis,"Aphidius platensis Brethes, 1913"
development,14.5,Days,TRAIND002760,egg,adult,Aphidius_platensis,"Aphidius platensis Brethes, 1913"
development,14,Days,TRAIND002761,egg,adult,Aphidius_platensis,"Aphidius platensis Brethes, 1913"
development,16.5,Days,TRAIND002762,egg,adult,Aphidius_platensis,"Aphidius platensis Brethes, 1913"
development,"",Days,TRAIND002763,egg,adult,Aphidius_platensis,"Aphidius platensis Brethes, 1913"
development,12.5,Days,TRAIND002764,egg,adult,Aphidius_platensis,"Aphidius platensis Brethes, 1913"
development,12,Days,TRAIND002765,egg,adult,Aphidius_platensis,"Aphidius platensis Brethes, 1913"
development,12.5,Days,TRAIND002766,egg,adult,Aphidius_platensis,"Aphidius platensis Brethes, 1913"
development,13,Days,TRAIND002767,egg,adult,Aphidius_platensis,"Aphidius platensis Brethes, 1913"
development,14.5,Days,TRAIND002768,egg,adult,Aphidius_platensis,"Aphidius platensis Brethes, 1913"
development,"",Days,TRAIND002769,egg,adult,Aphidius_platensis,"Aphidius platensis Brethes, 1913"
development,14,Days,TRAIND002770,egg,adult,Aphidius_platensis,"Aphidius platensis Brethes, 1913"
development,14,Days,TRAIND002771,egg,adult,Aphidius_platensis,"Aphidius platensis Brethes, 1913"
development,11,Days,TRAIND002772,egg,adult,Aphidius_platensis,"Aphidius platensis Brethes, 1913"
development,11,Days,TRAIND002773,egg,adult,Aphidius_platensis,"Aphidius platensis Brethes, 1913"
development,13,Days,TRAIND002774,egg,adult,Aphidius_platensis,"Aphidius platensis Brethes, 1913"
development,13.5,Days,TRAIND002775,egg,adult,Aphidius_platensis,"Aphidius platensis Brethes, 1913"
development,13.5,Days,TRAIND002776,egg,adult,Aphidius_platensis,"Aphidius platensis Brethes, 1913"
development,"",Days,TRAIND002777,egg,adult,Aphidius_platensis,"Aphidius platensis Brethes, 1913"
development,"",Days,TRAIND002778,egg,adult,Aphidius_platensis,"Aphidius platensis Brethes, 1913"
development,14.5,Days,TRAIND002779,egg,adult,Aphidius_platensis,"Aphidius platensis Brethes, 1913"
development,13.5,Days,TRAIND002780,egg,adult,Aphidius_platensis,"Aphidius platensis Brethes, 1913"
development,13.5,Days,TRAIND002781,egg,adult,Aphidius_platensis,"Aphidius platensis Brethes, 1913"
development,12,Days,TRAIND002782,egg,adult,Aphidius_platensis,"Aphidius platensis Brethes, 1913"
development,12,Days,TRAIND002783,egg,adult,Aphidius_platensis,"Aphidius platensis Brethes, 1913"
development,13,Days,TRAIND002784,egg,adult,Aphidius_platensis,"Aphidius platensis Brethes, 1913"
development,12.5,Days,TRAIND002785,egg,adult,Aphidius_platensis,"Aphidius platensis Brethes, 1913"
development,12,Days,TRAIND002786,egg,adult,Aphidius_platensis,"Aphidius platensis Brethes, 1913"
development,15,Days,TRAIND002787,egg,adult,Aphidius_platensis,"Aphidius platensis Brethes, 1913"
development,13,Days,TRAIND002788,egg,adult,Aphidius_platensis,"Aphidius platensis Brethes, 1913"
development,12.5,Days,TRAIND002789,egg,adult,Aphidius_platensis,"Aphidius platensis Brethes, 1913"
development,"",Days,TRAIND002790,egg,adult,Aphidius_platensis,"Aphidius platensis Brethes, 1913"
development,12,Days,TRAIND002791,egg,adult,Aphidius_platensis,"Aphidius platensis Brethes, 1913"
development,13.5,Days,TRAIND002792,egg,adult,Aphidius_platensis,"Aphidius platensis Brethes, 1913"
development,13.5,Days,TRAIND002793,egg,adult,Aphidius_platensis,"Aphidius platensis Brethes, 1913"
development,13.5,Days,TRAIND002794,egg,adult,Aphidius_platensis,"Aphidius platensis Brethes, 1913"
development,13,Days,TRAIND002795,egg,adult,Aphidius_platensis,"Aphidius platensis Brethes, 1913"
development,12.5,Days,TRAIND002796,egg,adult,Aphidius_platensis,"Aphidius platensis Brethes, 1913"
development,13.5,Days,TRAIND002797,egg,adult,Aphidius_platensis,"Aphidius platensis Brethes, 1913"
development,14,Days,TRAIND002798,egg,adult,Aphidius_platensis,"Aphidius platensis Brethes, 1913"
development,13,Days,TRAIND002799,egg,adult,Aphidius_platensis,"Aphidius platensis Brethes, 1913"
development,13,Days,TRAIND002800,egg,adult,Aphidius_platensis,"Aphidius platensis Brethes, 1913"
development,"",Days,TRAIND002801,egg,adult,Aphidius_platensis,"Aphidius platensis Brethes, 1913"
development,14,Days,TRAIND002802,egg,adult,Aphidius_platensis,"Aphidius platensis Brethes, 1913"
development,15,Days,TRAIND002803,egg,adult,Aphidius_platensis,"Aphidius platensis Brethes, 1913"
development,14,Days,TRAIND002804,egg,adult,Aphidius_platensis,"Aphidius platensis Brethes, 1913"
development,"",Days,TRAIND002805,egg,adult,Aphidius_platensis,"Aphidius platensis Brethes, 1913"
development,13.5,Days,TRAIND002806,egg,adult,Aphidius_platensis,"Aphidius platensis Brethes, 1913"
development,12,Days,TRAIND002807,egg,adult,Aphidius_platensis,"Aphidius platensis Brethes, 1913"
development,13.5,Days,TRAIND002808,egg,adult,Aphidius_platensis,"Aphidius platensis Brethes, 1913"
development,12.5,Days,TRAIND002809,egg,adult,Aphidius_platensis,"Aphidius platensis Brethes, 1913"
development,14,Days,TRAIND002810,egg,adult,Aphidius_platensis,"Aphidius platensis Brethes, 1913"
development,13,Days,TRAIND002811,egg,adult,Aphidius_platensis,"Aphidius platensis Brethes, 1913"
development,14,Days,TRAIND002812,egg,adult,Aphidius_platensis,"Aphidius platensis Brethes, 1913"
development,12,Days,TRAIND002813,egg,adult,Aphidius_platensis,"Aphidius platensis Brethes, 1913"
development,14,Days,TRAIND002814,egg,adult,Aphidius_platensis,"Aphidius platensis Brethes, 1913"
development,14,Days,TRAIND002815,egg,adult,Aphidius_platensis,"Aphidius platensis Brethes, 1913"
development,"",Days,TRAIND002816,egg,adult,Aphidius_platensis,"Aphidius platensis Brethes, 1913"
development,12,Days,TRAIND002817,egg,adult,Aphidius_platensis,"Aphidius platensis Brethes, 1913"
development,"",Days,TRAIND002818,egg,adult,Aphidius_platensis,"Aphidius platensis Brethes, 1913"
development,13,Days,TRAIND002819,egg,adult,Aphidius_platensis,"Aphidius platensis Brethes, 1913"
development,13.5,Days,TRAIND002820,egg,adult,Aphidius_platensis,"Aphidius platensis Brethes, 1913"
development,13.5,Days,TRAIND002821,egg,adult,Aphidius_platensis,"Aphidius platensis Brethes, 1913"
development,13.5,Days,TRAIND002822,egg,adult,Aphidius_platensis,"Aphidius platensis Brethes, 1913"
development,"",Days,TRAIND002823,egg,adult,Aphidius_platensis,"Aphidius platensis Brethes, 1913"
development,12,Days,TRAIND002824,egg,adult,Aphidius_platensis,"Aphidius platensis Brethes, 1913"
development,15,Days,TRAIND002825,egg,adult,Aphidius_platensis,"Aphidius platensis Brethes, 1913"
development,12,Days,TRAIND002826,egg,adult,Aphidius_platensis,"Aphidius platensis Brethes, 1913"
development,12,Days,TRAIND002827,egg,adult,Aphidius_platensis,"Aphidius platensis Brethes, 1913"
development,13,Days,TRAIND002828,egg,adult,Aphidius_platensis,"Aphidius platensis Brethes, 1913"
development,12,Days,TRAIND002829,egg,adult,Aphidius_platensis,"Aphidius platensis Brethes, 1913"
development,"",Days,TRAIND002830,egg,adult,Aphidius_platensis,"Aphidius platensis Brethes, 1913"
development,12,Days,TRAIND002831,egg,adult,Aphidius_platensis,"Aphidius platensis Brethes, 1913"
development,"",Days,TRAIND002832,egg,adult,Aphidius_platensis,"Aphidius platensis Brethes, 1913"
development,13,Days,TRAIND002833,egg,adult,Aphidius_platensis,"Aphidius platensis Brethes, 1913"
development,13.5,Days,TRAIND002834,egg,adult,Aphidius_platensis,"Aphidius platensis Brethes, 1913"
development,11,Days,TRAIND002835,egg,adult,Aphidius_platensis,"Aphidius platensis Brethes, 1913"
development,"",Days,TRAIND002836,egg,adult,Aphidius_platensis,"Aphidius platensis Brethes, 1913"
development,11.5,Days,TRAIND002837,egg,adult,Aphidius_platensis,"Aphidius platensis Brethes, 1913"
development,12.5,Days,TRAIND002838,egg,adult,Aphidius_platensis,"Aphidius platensis Brethes, 1913"
development,12,Days,TRAIND002839,egg,adult,Aphidius_platensis,"Aphidius platensis Brethes, 1913"
development,12,Days,TRAIND002840,egg,adult,Aphidius_platensis,"Aphidius platensis Brethes, 1913"
development,12.5,Days,TRAIND002841,egg,adult,Aphidius_platensis,"Aphidius platensis Brethes, 1913"
development,"",Days,TRAIND002842,egg,adult,Aphidius_platensis,"Aphidius platensis Brethes, 1913"
development,"",Days,TRAIND002843,egg,adult,Aphidius_platensis,"Aphidius platensis Brethes, 1913"
development,13,Days,TRAIND002844,egg,adult,Aphidius_platensis,"Aphidius platensis Brethes, 1913"
development,13.5,Days,TRAIND002845,egg,adult,Aphidius_platensis,"Aphidius platensis Brethes, 1913"
development,14,Days,TRAIND002846,egg,adult,Aphidius_platensis,"Aphidius platensis Brethes, 1913"
development,13,Days,TRAIND002847,egg,adult,Aphidius_platensis,"Aphidius platensis Brethes, 1913"
development,14.5,Days,TRAIND002848,egg,adult,Aphidius_platensis,"Aphidius platensis Brethes, 1913"
development,14.5,Days,TRAIND002849,egg,adult,Aphidius_platensis,"Aphidius platensis Brethes, 1913"
development,13.5,Days,TRAIND002850,egg,adult,Aphidius_platensis,"Aphidius platensis Brethes, 1913"
development,13.5,Days,TRAIND002851,egg,adult,Aphidius_platensis,"Aphidius platensis Brethes, 1913"
development,13,Days,TRAIND002852,egg,adult,Aphidius_platensis,"Aphidius platensis Brethes, 1913"
development,12,Days,TRAIND002853,egg,adult,Aphidius_platensis,"Aphidius platensis Brethes, 1913"
development,13,Days,TRAIND002854,egg,adult,Aphidius_platensis,"Aphidius platensis Brethes, 1913"
development,12.5,Days,TRAIND002855,egg,adult,Aphidius_platensis,"Aphidius platensis Brethes, 1913"
development,12.5,Days,TRAIND002856,egg,adult,Aphidius_platensis,"Aphidius platensis Brethes, 1913"
development,14.5,Days,TRAIND002857,egg,adult,Aphidius_platensis,"Aphidius platensis Brethes, 1913"
development,13,Days,TRAIND002858,egg,adult,Aphidius_platensis,"Aphidius platensis Brethes, 1913"
development,13.5,Days,TRAIND002859,egg,adult,Aphidius_platensis,"Aphidius platensis Brethes, 1913"
development,14,Days,TRAIND002860,egg,adult,Aphidius_platensis,"Aphidius platensis Brethes, 1913"
development,12,Days,TRAIND002861,egg,adult,Aphidius_platensis,"Aphidius platensis Brethes, 1913"
development,12,Days,TRAIND002862,egg,adult,Aphidius_platensis,"Aphidius platensis Brethes, 1913"
development,13.5,Days,TRAIND002863,egg,adult,Aphidius_platensis,"Aphidius platensis Brethes, 1913"
development,12.5,Days,TRAIND002864,egg,adult,Aphidius_platensis,"Aphidius platensis Brethes, 1913"
development,13,Days,TRAIND002865,egg,adult,Aphidius_platensis,"Aphidius platensis Brethes, 1913"
development,13,Days,TRAIND002866,egg,adult,Aphidius_platensis,"Aphidius platensis Brethes, 1913"
development,13.5,Days,TRAIND002867,egg,adult,Aphidius_platensis,"Aphidius platensis Brethes, 1913"
development,13.5,Days,TRAIND002868,egg,adult,Aphidius_platensis,"Aphidius platensis Brethes, 1913"
development,12,Days,TRAIND002869,egg,adult,Aphidius_platensis,"Aphidius platensis Brethes, 1913"
development,12,Days,TRAIND002870,egg,adult,Aphidius_platensis,"Aphidius platensis Brethes, 1913"
development,12.5,Days,TRAIND002871,egg,adult,Aphidius_platensis,"Aphidius platensis Brethes, 1913"
development,13.5,Days,TRAIND002872,egg,adult,Aphidius_platensis,"Aphidius platensis Brethes, 1913"
development,13,Days,TRAIND002873,egg,adult,Aphidius_platensis,"Aphidius platensis Brethes, 1913"
development,13.5,Days,TRAIND002874,egg,adult,Aphidius_platensis,"Aphidius platensis Brethes, 1913"
development,13,Days,TRAIND002875,egg,adult,Aphidius_platensis,"Aphidius platensis Brethes, 1913"
development,12.5,Days,TRAIND002876,egg,adult,Aphidius_platensis,"Aphidius platensis Brethes, 1913"
development,13.5,Days,TRAIND002877,egg,adult,Aphidius_platensis,"Aphidius platensis Brethes, 1913"
development,13,Days,TRAIND002878,egg,adult,Aphidius_platensis,"Aphidius platensis Brethes, 1913"
development,13.5,Days,TRAIND002879,egg,adult,Aphidius_platensis,"Aphidius platensis Brethes, 1913"
development,12,Days,TRAIND002880,egg,adult,Aphidius_platensis,"Aphidius platensis Brethes, 1913"
development,13.5,Days,TRAIND002881,egg,adult,Aphidius_platensis,"Aphidius platensis Brethes, 1913"
development,13,Days,TRAIND002882,egg,adult,Aphidius_platensis,"Aphidius platensis Brethes, 1913"
development,13.5,Days,TRAIND002883,egg,adult,Aphidius_platensis,"Aphidius platensis Brethes, 1913"
development,13,Days,TRAIND002884,egg,adult,Aphidius_platensis,"Aphidius platensis Brethes, 1913"
development,12,Days,TRAIND002885,egg,adult,Aphidius_platensis,"Aphidius platensis Brethes, 1913"
development,13,Days,TRAIND002886,egg,adult,Aphidius_platensis,"Aphidius platensis Brethes, 1913"
development,13,Days,TRAIND002887,egg,adult,Aphidius_platensis,"Aphidius platensis Brethes, 1913"
development,14,Days,TRAIND002888,egg,adult,Aphidius_platensis,"Aphidius platensis Brethes, 1913"
development,13,Days,TRAIND002889,egg,adult,Aphidius_platensis,"Aphidius platensis Brethes, 1913"
development,12.5,Days,TRAIND002890,egg,adult,Aphidius_platensis,"Aphidius platensis Brethes, 1913"
development,13.5,Days,TRAIND002891,egg,adult,Aphidius_platensis,"Aphidius platensis Brethes, 1913"
development,"",Days,TRAIND002892,egg,adult,Aphidius_platensis,"Aphidius platensis Brethes, 1913"
development,13.5,Days,TRAIND002893,egg,adult,Aphidius_platensis,"Aphidius platensis Brethes, 1913"
development,12,Days,TRAIND002894,egg,adult,Aphidius_platensis,"Aphidius platensis Brethes, 1913"
development,13,Days,TRAIND002895,egg,adult,Aphidius_platensis,"Aphidius platensis Brethes, 1913"
development,13,Days,TRAIND002896,egg,adult,Aphidius_platensis,"Aphidius platensis Brethes, 1913"
development,13,Days,TRAIND002897,egg,adult,Aphidius_platensis,"Aphidius platensis Brethes, 1913"
development,13,Days,TRAIND002898,egg,adult,Aphidius_platensis,"Aphidius platensis Brethes, 1913"
development,13,Days,TRAIND002899,egg,adult,Aphidius_platensis,"Aphidius platensis Brethes, 1913"
development,13.5,Days,TRAIND002900,egg,adult,Aphidius_platensis,"Aphidius platensis Brethes, 1913"
development,13,Days,TRAIND002901,egg,adult,Aphidius_platensis,"Aphidius platensis Brethes, 1913"
development,13,Days,TRAIND002902,egg,adult,Aphidius_platensis,"Aphidius platensis Brethes, 1913"
development,13,Days,TRAIND002903,egg,adult,Aphidius_platensis,"Aphidius platensis Brethes, 1913"
development,13.5,Days,TRAIND002904,egg,adult,Aphidius_platensis,"Aphidius platensis Brethes, 1913"
development,14.5,Days,TRAIND002905,egg,adult,Aphidius_platensis,"Aphidius platensis Brethes, 1913"
development,13,Days,TRAIND002906,egg,adult,Aphidius_platensis,"Aphidius platensis Brethes, 1913"
development,"",Days,TRAIND002907,egg,adult,Aphidius_platensis,"Aphidius platensis Brethes, 1913"
development,13.5,Days,TRAIND002908,egg,adult,Aphidius_platensis,"Aphidius platensis Brethes, 1913"
development,"",Days,TRAIND002909,egg,adult,Aphidius_platensis,"Aphidius platensis Brethes, 1913"
development,13,Days,TRAIND002910,egg,adult,Aphidius_platensis,"Aphidius platensis Brethes, 1913"
development,"",Days,TRAIND002911,egg,adult,Aphidius_platensis,"Aphidius platensis Brethes, 1913"
development,13,Days,TRAIND002912,egg,adult,Aphidius_platensis,"Aphidius platensis Brethes, 1913"
development,13,Days,TRAIND002913,egg,adult,Aphidius_platensis,"Aphidius platensis Brethes, 1913"
development,"",Days,TRAIND002914,egg,adult,Aphidius_platensis,"Aphidius platensis Brethes, 1913"
development,13,Days,TRAIND002915,egg,adult,Aphidius_platensis,"Aphidius platensis Brethes, 1913"
development,13,Days,TRAIND002916,egg,adult,Aphidius_platensis,"Aphidius platensis Brethes, 1913"
development,13.5,Days,TRAIND002917,egg,adult,Aphidius_platensis,"Aphidius platensis Brethes, 1913"
development,13,Days,TRAIND002918,egg,adult,Aphidius_platensis,"Aphidius platensis Brethes, 1913"
development,"",Days,TRAIND002919,egg,adult,Aphidius_platensis,"Aphidius platensis Brethes, 1913"
development,14.5,Days,TRAIND002920,egg,adult,Aphidius_platensis,"Aphidius platensis Brethes, 1913"
development,13,Days,TRAIND002921,egg,adult,Aphidius_platensis,"Aphidius platensis Brethes, 1913"
development,13,Days,TRAIND002922,egg,adult,Aphidius_platensis,"Aphidius platensis Brethes, 1913"
development,13,Days,TRAIND002923,egg,adult,Aphidius_platensis,"Aphidius platensis Brethes, 1913"
development,12,Days,TRAIND002924,egg,adult,Aphidius_platensis,"Aphidius platensis Brethes, 1913"
development,13.5,Days,TRAIND002925,egg,adult,Aphidius_platensis,"Aphidius platensis Brethes, 1913"
development,13,Days,TRAIND002926,egg,adult,Aphidius_platensis,"Aphidius platensis Brethes, 1913"
development,13,Days,TRAIND002927,egg,adult,Aphidius_platensis,"Aphidius platensis Brethes, 1913"
development,13,Days,TRAIND002928,egg,adult,Aphidius_platensis,"Aphidius platensis Brethes, 1913"
development,12.5,Days,TRAIND002929,egg,adult,Aphidius_platensis,"Aphidius platensis Brethes, 1913"
development,13,Days,TRAIND002930,egg,adult,Aphidius_platensis,"Aphidius platensis Brethes, 1913"
development,13,Days,TRAIND002931,egg,adult,Aphidius_platensis,"Aphidius platensis Brethes, 1913"
development,13.5,Days,TRAIND002932,egg,adult,Aphidius_platensis,"Aphidius platensis Brethes, 1913"
development,13,Days,TRAIND002933,egg,adult,Aphidius_platensis,"Aphidius platensis Brethes, 1913"
development,13.5,Days,TRAIND002934,egg,adult,Aphidius_platensis,"Aphidius platensis Brethes, 1913"
development,15,Days,TRAIND002935,egg,adult,Aphidius_platensis,"Aphidius platensis Brethes, 1913"
development,14,Days,TRAIND002936,egg,adult,Aphidius_platensis,"Aphidius platensis Brethes, 1913"
development,14,Days,TRAIND002937,egg,adult,Aphidius_platensis,"Aphidius platensis Brethes, 1913"
development,13.5,Days,TRAIND002938,egg,adult,Aphidius_platensis,"Aphidius platensis Brethes, 1913"
development,13.5,Days,TRAIND002939,egg,adult,Aphidius_platensis,"Aphidius platensis Brethes, 1913"
development,14,Days,TRAIND002940,egg,adult,Aphidius_platensis,"Aphidius platensis Brethes, 1913"
development,13.5,Days,TRAIND002941,egg,adult,Aphidius_platensis,"Aphidius platensis Brethes, 1913"
development,13.5,Days,TRAIND002942,egg,adult,Aphidius_platensis,"Aphidius platensis Brethes, 1913"
development,13.5,Days,TRAIND002943,egg,adult,Aphidius_platensis,"Aphidius platensis Brethes, 1913"
development,12,Days,TRAIND002944,egg,adult,Aphidius_platensis,"Aphidius platensis Brethes, 1913"
development,15,Days,TRAIND002945,egg,adult,Aphidius_platensis,"Aphidius platensis Brethes, 1913"
development,13,Days,TRAIND002946,egg,adult,Aphidius_platensis,"Aphidius platensis Brethes, 1913"
development,12,Days,TRAIND002947,egg,adult,Aphidius_platensis,"Aphidius platensis Brethes, 1913"
development,12,Days,TRAIND002948,egg,adult,Aphidius_platensis,"Aphidius platensis Brethes, 1913"
development,"",Days,TRAIND002949,egg,adult,Aphidius_platensis,"Aphidius platensis Brethes, 1913"
development,13,Days,TRAIND002950,egg,adult,Aphidius_platensis,"Aphidius platensis Brethes, 1913"
development,15.5,Days,TRAIND002951,egg,adult,Aphidius_platensis,"Aphidius platensis Brethes, 1913"
development,13.5,Days,TRAIND002952,egg,adult,Aphidius_platensis,"Aphidius platensis Brethes, 1913"
development,15.5,Days,TRAIND002953,egg,adult,Aphidius_platensis,"Aphidius platensis Brethes, 1913"
development,14,Days,TRAIND002954,egg,adult,Aphidius_platensis,"Aphidius platensis Brethes, 1913"
development,12.5,Days,TRAIND002955,egg,adult,Aphidius_platensis,"Aphidius platensis Brethes, 1913"
development,14,Days,TRAIND002956,egg,adult,Aphidius_platensis,"Aphidius platensis Brethes, 1913"
development,13.5,Days,TRAIND002957,egg,adult,Aphidius_platensis,"Aphidius platensis Brethes, 1913"
development,14,Days,TRAIND002958,egg,adult,Aphidius_platensis,"Aphidius platensis Brethes, 1913"
development,12,Days,TRAIND002959,egg,adult,Aphidius_platensis,"Aphidius platensis Brethes, 1913"
development,14,Days,TRAIND002960,egg,adult,Aphidius_platensis,"Aphidius platensis Brethes, 1913"
development,12.5,Days,TRAIND002961,egg,adult,Aphidius_platensis,"Aphidius platensis Brethes, 1913"
development,13.5,Days,TRAIND002962,egg,adult,Aphidius_platensis,"Aphidius platensis Brethes, 1913"
development,13,Days,TRAIND002963,egg,adult,Aphidius_platensis,"Aphidius platensis Brethes, 1913"
development,12,Days,TRAIND002964,egg,adult,Aphidius_platensis,"Aphidius platensis Brethes, 1913"
development,13,Days,TRAIND002965,egg,adult,Aphidius_platensis,"Aphidius platensis Brethes, 1913"
development,14,Days,TRAIND002966,egg,adult,Aphidius_platensis,"Aphidius platensis Brethes, 1913"
development,14.5,Days,TRAIND002967,egg,adult,Aphidius_platensis,"Aphidius platensis Brethes, 1913"
development,13.5,Days,TRAIND002968,egg,adult,Aphidius_platensis,"Aphidius platensis Brethes, 1913"
development,14,Days,TRAIND002969,egg,adult,Aphidius_platensis,"Aphidius platensis Brethes, 1913"
development,14,Days,TRAIND002970,egg,adult,Aphidius_platensis,"Aphidius platensis Brethes, 1913"
development,13.5,Days,TRAIND002971,egg,adult,Aphidius_platensis,"Aphidius platensis Brethes, 1913"
development,13.5,Days,TRAIND002972,egg,adult,Aphidius_platensis,"Aphidius platensis Brethes, 1913"
development,"",Days,TRAIND002973,egg,adult,Aphidius_platensis,"Aphidius platensis Brethes, 1913"
development,"",Days,TRAIND002974,egg,adult,Aphidius_platensis,"Aphidius platensis Brethes, 1913"
development,13,Days,TRAIND002975,egg,adult,Aphidius_platensis,"Aphidius platensis Brethes, 1913"
development,14,Days,TRAIND002976,egg,adult,Aphidius_platensis,"Aphidius platensis Brethes, 1913"
development,15.5,Days,TRAIND002977,egg,adult,Aphidius_platensis,"Aphidius platensis Brethes, 1913"
development,15.5,Days,TRAIND002978,egg,adult,Aphidius_platensis,"Aphidius platensis Brethes, 1913"
development,12,Days,TRAIND002979,egg,adult,Aphidius_platensis,"Aphidius platensis Brethes, 1913"
development,13.5,Days,TRAIND002980,egg,adult,Aphidius_platensis,"Aphidius platensis Brethes, 1913"
development,12,Days,TRAIND002981,egg,adult,Aphidius_platensis,"Aphidius platensis Brethes, 1913"
development,13,Days,TRAIND002982,egg,adult,Aphidius_platensis,"Aphidius platensis Brethes, 1913"
development,13.5,Days,TRAIND002983,egg,adult,Aphidius_platensis,"Aphidius platensis Brethes, 1913"
development,"",Days,TRAIND002984,egg,adult,Aphidius_platensis,"Aphidius platensis Brethes, 1913"
development,12,Days,TRAIND002985,egg,adult,Aphidius_platensis,"Aphidius platensis Brethes, 1913"
development,13.5,Days,TRAIND002986,egg,adult,Aphidius_platensis,"Aphidius platensis Brethes, 1913"
development,13.5,Days,TRAIND002987,egg,adult,Aphidius_platensis,"Aphidius platensis Brethes, 1913"
development,13.5,Days,TRAIND002988,egg,adult,Aphidius_platensis,"Aphidius platensis Brethes, 1913"
development,12.5,Days,TRAIND002989,egg,adult,Aphidius_platensis,"Aphidius platensis Brethes, 1913"
development,"",Days,TRAIND002990,egg,adult,Aphidius_platensis,"Aphidius platensis Brethes, 1913"
development,13.5,Days,TRAIND002991,egg,adult,Aphidius_platensis,"Aphidius platensis Brethes, 1913"
development,12,Days,TRAIND002992,egg,adult,Aphidius_platensis,"Aphidius platensis Brethes, 1913"
development,"",Days,TRAIND002993,egg,adult,Aphidius_platensis,"Aphidius platensis Brethes, 1913"
development,14,Days,TRAIND002994,egg,adult,Aphidius_platensis,"Aphidius platensis Brethes, 1913"
development,13.5,Days,TRAIND002995,egg,adult,Aphidius_platensis,"Aphidius platensis Brethes, 1913"
development,13,Days,TRAIND002996,egg,adult,Aphidius_platensis,"Aphidius platensis Brethes, 1913"
development,13.5,Days,TRAIND002997,egg,adult,Aphidius_platensis,"Aphidius platensis Brethes, 1913"
development,14,Days,TRAIND002998,egg,adult,Aphidius_platensis,"Aphidius platensis Brethes, 1913"
development,12,Days,TRAIND002999,egg,adult,Aphidius_platensis,"Aphidius platensis Brethes, 1913"
development,12,Days,TRAIND003000,egg,adult,Aphidius_platensis,"Aphidius platensis Brethes, 1913"
development,13.5,Days,TRAIND003001,egg,adult,Aphidius_platensis,"Aphidius platensis Brethes, 1913"
development,13.5,Days,TRAIND003002,egg,adult,Aphidius_platensis,"Aphidius platensis Brethes, 1913"
development,13,Days,TRAIND003003,egg,adult,Aphidius_platensis,"Aphidius platensis Brethes, 1913"
development,13,Days,TRAIND003004,egg,adult,Aphidius_platensis,"Aphidius platensis Brethes, 1913"
development,12.5,Days,TRAIND003005,egg,adult,Aphidius_platensis,"Aphidius platensis Brethes, 1913"
development,13.5,Days,TRAIND003006,egg,adult,Aphidius_platensis,"Aphidius platensis Brethes, 1913"
development,13.5,Days,TRAIND003007,egg,adult,Aphidius_platensis,"Aphidius platensis Brethes, 1913"
development,14,Days,TRAIND003008,egg,adult,Aphidius_platensis,"Aphidius platensis Brethes, 1913"
development,"",Days,TRAIND003009,egg,adult,Aphidius_platensis,"Aphidius platensis Brethes, 1913"
development,13.5,Days,TRAIND003010,egg,adult,Aphidius_platensis,"Aphidius platensis Brethes, 1913"
development,13.5,Days,TRAIND003011,egg,adult,Aphidius_platensis,"Aphidius platensis Brethes, 1913"
development,13.5,Days,TRAIND003012,egg,adult,Aphidius_platensis,"Aphidius platensis Brethes, 1913"
development,13.5,Days,TRAIND003013,egg,adult,Aphidius_platensis,"Aphidius platensis Brethes, 1913"
development,13.5,Days,TRAIND003014,egg,adult,Aphidius_platensis,"Aphidius platensis Brethes, 1913"
development,15,Days,TRAIND003015,egg,adult,Aphidius_platensis,"Aphidius platensis Brethes, 1913"
development,12.5,Days,TRAIND003016,egg,adult,Aphidius_platensis,"Aphidius platensis Brethes, 1913"
development,12,Days,TRAIND003017,egg,adult,Aphidius_platensis,"Aphidius platensis Brethes, 1913"
development,12.5,Days,TRAIND003018,egg,adult,Aphidius_platensis,"Aphidius platensis Brethes, 1913"
development,13,Days,TRAIND003019,egg,adult,Aphidius_platensis,"Aphidius platensis Brethes, 1913"
development,13,Days,TRAIND003020,egg,adult,Aphidius_platensis,"Aphidius platensis Brethes, 1913"
development,13.5,Days,TRAIND003021,egg,adult,Aphidius_platensis,"Aphidius platensis Brethes, 1913"
development,12,Days,TRAIND003022,egg,adult,Aphidius_platensis,"Aphidius platensis Brethes, 1913"
development,14.5,Days,TRAIND003023,egg,adult,Aphidius_platensis,"Aphidius platensis Brethes, 1913"
development,12,Days,TRAIND003024,egg,adult,Aphidius_platensis,"Aphidius platensis Brethes, 1913"
development,13.5,Days,TRAIND003025,egg,adult,Aphidius_platensis,"Aphidius platensis Brethes, 1913"
development,13.5,Days,TRAIND003026,egg,adult,Aphidius_platensis,"Aphidius platensis Brethes, 1913"
development,12.5,Days,TRAIND003027,egg,adult,Aphidius_platensis,"Aphidius platensis Brethes, 1913"
development,13.5,Days,TRAIND003028,egg,adult,Aphidius_platensis,"Aphidius platensis Brethes, 1913"
development,13,Days,TRAIND003029,egg,adult,Aphidius_platensis,"Aphidius platensis Brethes, 1913"
development,14,Days,TRAIND003030,egg,adult,Aphidius_platensis,"Aphidius platensis Brethes, 1913"
development,13.5,Days,TRAIND003031,egg,adult,Aphidius_platensis,"Aphidius platensis Brethes, 1913"
development,13.5,Days,TRAIND003032,egg,adult,Aphidius_platensis,"Aphidius platensis Brethes, 1913"
development,12.5,Days,TRAIND003033,egg,adult,Aphidius_platensis,"Aphidius platensis Brethes, 1913"
development,11,Days,TRAIND003034,egg,adult,Aphidius_platensis,"Aphidius platensis Brethes, 1913"
development,12,Days,TRAIND003035,egg,adult,Aphidius_platensis,"Aphidius platensis Brethes, 1913"
development,13,Days,TRAIND003036,egg,adult,Aphidius_platensis,"Aphidius platensis Brethes, 1913"
development,12,Days,TRAIND003037,egg,adult,Aphidius_platensis,"Aphidius platensis Brethes, 1913"
development,12.5,Days,TRAIND003038,egg,adult,Aphidius_platensis,"Aphidius platensis Brethes, 1913"
development,12.5,Days,TRAIND003039,egg,adult,Aphidius_platensis,"Aphidius platensis Brethes, 1913"
development,12,Days,TRAIND003040,egg,adult,Aphidius_platensis,"Aphidius platensis Brethes, 1913"
development,12.5,Days,TRAIND003041,egg,adult,Aphidius_platensis,"Aphidius platensis Brethes, 1913"
development,13.5,Days,TRAIND003042,egg,adult,Aphidius_platensis,"Aphidius platensis Brethes, 1913"
development,13,Days,TRAIND003043,egg,adult,Aphidius_platensis,"Aphidius platensis Brethes, 1913"
development,15,Days,TRAIND003044,egg,adult,Aphidius_platensis,"Aphidius platensis Brethes, 1913"
development,12.5,Days,TRAIND003045,egg,adult,Aphidius_platensis,"Aphidius platensis Brethes, 1913"
development,13,Days,TRAIND003046,egg,adult,Aphidius_platensis,"Aphidius platensis Brethes, 1913"
development,12.5,Days,TRAIND003047,egg,adult,Aphidius_platensis,"Aphidius platensis Brethes, 1913"
development,12.5,Days,TRAIND003048,egg,adult,Aphidius_platensis,"Aphidius platensis Brethes, 1913"
development,12,Days,TRAIND003049,egg,adult,Aphidius_platensis,"Aphidius platensis Brethes, 1913"
development,13,Days,TRAIND003050,egg,adult,Aphidius_platensis,"Aphidius platensis Brethes, 1913"
development,14,Days,TRAIND003051,egg,adult,Aphidius_platensis,"Aphidius platensis Brethes, 1913"
development,12,Days,TRAIND003052,egg,adult,Aphidius_platensis,"Aphidius platensis Brethes, 1913"
development,13,Days,TRAIND003053,egg,adult,Aphidius_platensis,"Aphidius platensis Brethes, 1913"
development,13,Days,TRAIND003054,egg,adult,Aphidius_platensis,"Aphidius platensis Brethes, 1913"
development,12,Days,TRAIND003055,egg,adult,Aphidius_platensis,"Aphidius platensis Brethes, 1913"
development,14,Days,TRAIND003056,egg,adult,Aphidius_platensis,"Aphidius platensis Brethes, 1913"
development,12,Days,TRAIND003057,egg,adult,Aphidius_platensis,"Aphidius platensis Brethes, 1913"
development,14,Days,TRAIND003058,egg,adult,Aphidius_platensis,"Aphidius platensis Brethes, 1913"
development,"",Days,TRAIND003059,egg,adult,Aphidius_platensis,"Aphidius platensis Brethes, 1913"
development,14,Days,TRAIND003060,egg,adult,Aphidius_platensis,"Aphidius platensis Brethes, 1913"
development,14,Days,TRAIND003061,egg,adult,Aphidius_platensis,"Aphidius platensis Brethes, 1913"
development,12.5,Days,TRAIND003062,egg,adult,Aphidius_platensis,"Aphidius platensis Brethes, 1913"
development,13.5,Days,TRAIND003063,egg,adult,Aphidius_platensis,"Aphidius platensis Brethes, 1913"
development,13,Days,TRAIND003064,egg,adult,Aphidius_platensis,"Aphidius platensis Brethes, 1913"
development,13.5,Days,TRAIND003065,egg,adult,Aphidius_platensis,"Aphidius platensis Brethes, 1913"
development,14.5,Days,TRAIND003066,egg,adult,Aphidius_platensis,"Aphidius platensis Brethes, 1913"
development,13.5,Days,TRAIND003067,egg,adult,Aphidius_platensis,"Aphidius platensis Brethes, 1913"
development,12.5,Days,TRAIND003068,egg,adult,Aphidius_platensis,"Aphidius platensis Brethes, 1913"
development,12.5,Days,TRAIND003069,egg,adult,Aphidius_platensis,"Aphidius platensis Brethes, 1913"
development,12.5,Days,TRAIND003070,egg,adult,Aphidius_platensis,"Aphidius platensis Brethes, 1913"
development,13,Days,TRAIND003071,egg,adult,Aphidius_platensis,"Aphidius platensis Brethes, 1913"
development,11,Days,TRAIND003072,egg,adult,Aphidius_platensis,"Aphidius platensis Brethes, 1913"
development,12,Days,TRAIND003073,egg,adult,Aphidius_platensis,"Aphidius platensis Brethes, 1913"
development,12.5,Days,TRAIND003074,egg,adult,Aphidius_platensis,"Aphidius platensis Brethes, 1913"
development,13.5,Days,TRAIND003075,egg,adult,Aphidius_platensis,"Aphidius platensis Brethes, 1913"
development,12.5,Days,TRAIND003076,egg,adult,Aphidius_platensis,"Aphidius platensis Brethes, 1913"
development,11,Days,TRAIND003077,egg,adult,Aphidius_platensis,"Aphidius platensis Brethes, 1913"
development,12.5,Days,TRAIND003078,egg,adult,Aphidius_platensis,"Aphidius platensis Brethes, 1913"
development,"",Days,TRAIND003079,egg,adult,Aphidius_platensis,"Aphidius platensis Brethes, 1913"
development,13,Days,TRAIND003080,egg,adult,Aphidius_platensis,"Aphidius platensis Brethes, 1913"
development,14.5,Days,TRAIND003081,egg,adult,Aphidius_platensis,"Aphidius platensis Brethes, 1913"
development,14,Days,TRAIND003082,egg,adult,Aphidius_platensis,"Aphidius platensis Brethes, 1913"
development,13,Days,TRAIND003083,egg,adult,Aphidius_platensis,"Aphidius platensis Brethes, 1913"
development,12,Days,TRAIND003084,egg,adult,Aphidius_platensis,"Aphidius platensis Brethes, 1913"
development,13,Days,TRAIND003085,egg,adult,Aphidius_platensis,"Aphidius platensis Brethes, 1913"
development,12,Days,TRAIND003086,egg,adult,Aphidius_platensis,"Aphidius platensis Brethes, 1913"
development,12,Days,TRAIND003087,egg,adult,Aphidius_platensis,"Aphidius platensis Brethes, 1913"
development,12,Days,TRAIND003088,egg,adult,Aphidius_platensis,"Aphidius platensis Brethes, 1913"
development,11.5,Days,TRAIND003089,egg,adult,Aphidius_platensis,"Aphidius platensis Brethes, 1913"
development,14,Days,TRAIND003090,egg,adult,Aphidius_platensis,"Aphidius platensis Brethes, 1913"
development,12,Days,TRAIND003091,egg,adult,Aphidius_platensis,"Aphidius platensis Brethes, 1913"
development,13.5,Days,TRAIND003092,egg,adult,Aphidius_platensis,"Aphidius platensis Brethes, 1913"
development,13,Days,TRAIND003093,egg,adult,Aphidius_platensis,"Aphidius platensis Brethes, 1913"
development,"",Days,TRAIND003094,egg,adult,Aphidius_platensis,"Aphidius platensis Brethes, 1913"
development,13.5,Days,TRAIND003095,egg,adult,Aphidius_platensis,"Aphidius platensis Brethes, 1913"
development,12,Days,TRAIND003096,egg,adult,Aphidius_platensis,"Aphidius platensis Brethes, 1913"
development,15,Days,TRAIND003097,egg,adult,Aphidius_platensis,"Aphidius platensis Brethes, 1913"
development,14.5,Days,TRAIND003098,egg,adult,Aphidius_platensis,"Aphidius platensis Brethes, 1913"
development,12.5,Days,TRAIND003099,egg,adult,Aphidius_platensis,"Aphidius platensis Brethes, 1913"
development,12.5,Days,TRAIND003100,egg,adult,Aphidius_platensis,"Aphidius platensis Brethes, 1913"
development,13.5,Days,TRAIND003101,egg,adult,Aphidius_platensis,"Aphidius platensis Brethes, 1913"
development,14.5,Days,TRAIND003102,egg,adult,Aphidius_platensis,"Aphidius platensis Brethes, 1913"
development,13,Days,TRAIND003103,egg,adult,Aphidius_platensis,"Aphidius platensis Brethes, 1913"
development,15,Days,TRAIND003104,egg,adult,Aphidius_platensis,"Aphidius platensis Brethes, 1913"
development,13,Days,TRAIND003105,egg,adult,Aphidius_platensis,"Aphidius platensis Brethes, 1913"
development,13.5,Days,TRAIND003106,egg,adult,Aphidius_platensis,"Aphidius platensis Brethes, 1913"
development,15,Days,TRAIND003107,egg,adult,Aphidius_platensis,"Aphidius platensis Brethes, 1913"
development,13,Days,TRAIND003108,egg,adult,Aphidius_platensis,"Aphidius platensis Brethes, 1913"
development,13.5,Days,TRAIND003109,egg,adult,Aphidius_platensis,"Aphidius platensis Brethes, 1913"
development,14,Days,TRAIND003110,egg,adult,Aphidius_platensis,"Aphidius platensis Brethes, 1913"
development,"",Days,TRAIND003111,egg,adult,Aphidius_platensis,"Aphidius platensis Brethes, 1913"
development,14,Days,TRAIND003112,egg,adult,Aphidius_platensis,"Aphidius platensis Brethes, 1913"
development,14,Days,TRAIND003113,egg,adult,Aphidius_platensis,"Aphidius platensis Brethes, 1913"
development,12.5,Days,TRAIND003114,egg,adult,Aphidius_platensis,"Aphidius platensis Brethes, 1913"
development,16,Days,TRAIND003115,egg,adult,Aphidius_platensis,"Aphidius platensis Brethes, 1913"
development,13.5,Days,TRAIND003116,egg,adult,Aphidius_platensis,"Aphidius platensis Brethes, 1913"
development,13,Days,TRAIND003117,egg,adult,Aphidius_platensis,"Aphidius platensis Brethes, 1913"
development,13,Days,TRAIND003118,egg,adult,Aphidius_platensis,"Aphidius platensis Brethes, 1913"
development,13.5,Days,TRAIND003119,egg,adult,Aphidius_platensis,"Aphidius platensis Brethes, 1913"
development,13.5,Days,TRAIND003120,egg,adult,Aphidius_platensis,"Aphidius platensis Brethes, 1913"
development,14,Days,TRAIND003121,egg,adult,Aphidius_platensis,"Aphidius platensis Brethes, 1913"
development,15,Days,TRAIND003122,egg,adult,Aphidius_platensis,"Aphidius platensis Brethes, 1913"
development,14,Days,TRAIND003123,egg,adult,Aphidius_platensis,"Aphidius platensis Brethes, 1913"
development,15.5,Days,TRAIND003124,egg,adult,Aphidius_platensis,"Aphidius platensis Brethes, 1913"
development,14,Days,TRAIND003125,egg,adult,Aphidius_platensis,"Aphidius platensis Brethes, 1913"
development,"",Days,TRAIND003126,egg,adult,Aphidius_platensis,"Aphidius platensis Brethes, 1913"
development,14,Days,TRAIND003127,egg,adult,Aphidius_platensis,"Aphidius platensis Brethes, 1913"
development,12,Days,TRAIND003128,egg,adult,Aphidius_platensis,"Aphidius platensis Brethes, 1913"
development,12.5,Days,TRAIND003129,egg,adult,Aphidius_platensis,"Aphidius platensis Brethes, 1913"
development,13.5,Days,TRAIND003130,egg,adult,Aphidius_platensis,"Aphidius platensis Brethes, 1913"
development,12,Days,TRAIND003131,egg,adult,Aphidius_platensis,"Aphidius platensis Brethes, 1913"
development,11.5,Days,TRAIND003132,egg,adult,Aphidius_platensis,"Aphidius platensis Brethes, 1913"
development,12.5,Days,TRAIND003133,egg,adult,Aphidius_platensis,"Aphidius platensis Brethes, 1913"
development,13.5,Days,TRAIND003134,egg,adult,Aphidius_platensis,"Aphidius platensis Brethes, 1913"
development,12,Days,TRAIND003135,egg,adult,Aphidius_platensis,"Aphidius platensis Brethes, 1913"
development,13.5,Days,TRAIND003136,egg,adult,Aphidius_platensis,"Aphidius platensis Brethes, 1913"
development,12.5,Days,TRAIND003137,egg,adult,Aphidius_platensis,"Aphidius platensis Brethes, 1913"
development,13,Days,TRAIND003138,egg,adult,Aphidius_platensis,"Aphidius platensis Brethes, 1913"
development,12,Days,TRAIND003139,egg,adult,Aphidius_platensis,"Aphidius platensis Brethes, 1913"
development,12.5,Days,TRAIND003140,egg,adult,Aphidius_platensis,"Aphidius platensis Brethes, 1913"
development,15,Days,TRAIND003141,egg,adult,Aphidius_platensis,"Aphidius platensis Brethes, 1913"
development,13,Days,TRAIND003142,egg,adult,Aphidius_platensis,"Aphidius platensis Brethes, 1913"
development,12,Days,TRAIND003143,egg,adult,Aphidius_platensis,"Aphidius platensis Brethes, 1913"
development,12.5,Days,TRAIND003144,egg,adult,Aphidius_platensis,"Aphidius platensis Brethes, 1913"
development,12,Days,TRAIND003145,egg,adult,Aphidius_platensis,"Aphidius platensis Brethes, 1913"
development,13.5,Days,TRAIND003146,egg,adult,Aphidius_platensis,"Aphidius platensis Brethes, 1913"
development,12,Days,TRAIND003147,egg,adult,Aphidius_platensis,"Aphidius platensis Brethes, 1913"
development,13.5,Days,TRAIND003148,egg,adult,Aphidius_platensis,"Aphidius platensis Brethes, 1913"
development,12,Days,TRAIND003149,egg,adult,Aphidius_platensis,"Aphidius platensis Brethes, 1913"
development,13,Days,TRAIND003150,egg,adult,Aphidius_platensis,"Aphidius platensis Brethes, 1913"
development,13,Days,TRAIND003151,egg,adult,Aphidius_platensis,"Aphidius platensis Brethes, 1913"
development,12,Days,TRAIND003152,egg,adult,Aphidius_platensis,"Aphidius platensis Brethes, 1913"
development,13.5,Days,TRAIND003153,egg,adult,Aphidius_platensis,"Aphidius platensis Brethes, 1913"
development,13,Days,TRAIND003154,egg,adult,Aphidius_platensis,"Aphidius platensis Brethes, 1913"
development,12,Days,TRAIND003155,egg,adult,Aphidius_platensis,"Aphidius platensis Brethes, 1913"
development,12,Days,TRAIND003156,egg,adult,Aphidius_platensis,"Aphidius platensis Brethes, 1913"
development,12.5,Days,TRAIND003157,egg,adult,Aphidius_platensis,"Aphidius platensis Brethes, 1913"
development,13,Days,TRAIND003158,egg,adult,Aphidius_platensis,"Aphidius platensis Brethes, 1913"
development,12.5,Days,TRAIND003159,egg,adult,Aphidius_platensis,"Aphidius platensis Brethes, 1913"
development,12,Days,TRAIND003160,egg,adult,Aphidius_platensis,"Aphidius platensis Brethes, 1913"
development,12.5,Days,TRAIND003161,egg,adult,Aphidius_platensis,"Aphidius platensis Brethes, 1913"
development,13.5,Days,TRAIND003162,egg,adult,Aphidius_platensis,"Aphidius platensis Brethes, 1913"
development,13,Days,TRAIND003163,egg,adult,Aphidius_platensis,"Aphidius platensis Brethes, 1913"
development,12,Days,TRAIND003164,egg,adult,Aphidius_platensis,"Aphidius platensis Brethes, 1913"
development,13.5,Days,TRAIND003165,egg,adult,Aphidius_platensis,"Aphidius platensis Brethes, 1913"
development,13.5,Days,TRAIND003166,egg,adult,Aphidius_platensis,"Aphidius platensis Brethes, 1913"
development,14,Days,TRAIND003167,egg,adult,Aphidius_platensis,"Aphidius platensis Brethes, 1913"
development,14.5,Days,TRAIND003168,egg,adult,Aphidius_platensis,"Aphidius platensis Brethes, 1913"
development,13,Days,TRAIND003169,egg,adult,Aphidius_platensis,"Aphidius platensis Brethes, 1913"
development,12.5,Days,TRAIND003170,egg,adult,Aphidius_platensis,"Aphidius platensis Brethes, 1913"
development,14.5,Days,TRAIND003171,egg,adult,Aphidius_platensis,"Aphidius platensis Brethes, 1913"
development,13,Days,TRAIND003172,egg,adult,Aphidius_platensis,"Aphidius platensis Brethes, 1913"
development,14.5,Days,TRAIND003173,egg,adult,Aphidius_platensis,"Aphidius platensis Brethes, 1913"
development,12,Days,TRAIND003174,egg,adult,Aphidius_platensis,"Aphidius platensis Brethes, 1913"
development,12.5,Days,TRAIND003175,egg,adult,Aphidius_platensis,"Aphidius platensis Brethes, 1913"
development,14,Days,TRAIND003176,egg,adult,Aphidius_platensis,"Aphidius platensis Brethes, 1913"
development,13,Days,TRAIND003177,egg,adult,Aphidius_platensis,"Aphidius platensis Brethes, 1913"
development,"",Days,TRAIND003178,egg,adult,Aphidius_platensis,"Aphidius platensis Brethes, 1913"
development,13.5,Days,TRAIND003179,egg,adult,Aphidius_platensis,"Aphidius platensis Brethes, 1913"
development,12,Days,TRAIND003180,egg,adult,Aphidius_platensis,"Aphidius platensis Brethes, 1913"
development,13,Days,TRAIND003181,egg,adult,Aphidius_platensis,"Aphidius platensis Brethes, 1913"
development,13,Days,TRAIND003182,egg,adult,Aphidius_platensis,"Aphidius platensis Brethes, 1913"
development,14.5,Days,TRAIND003183,egg,adult,Aphidius_platensis,"Aphidius platensis Brethes, 1913"
development,12,Days,TRAIND003184,egg,adult,Aphidius_platensis,"Aphidius platensis Brethes, 1913"
development,13,Days,TRAIND003185,egg,adult,Aphidius_platensis,"Aphidius platensis Brethes, 1913"
development,13,Days,TRAIND003186,egg,adult,Aphidius_platensis,"Aphidius platensis Brethes, 1913"
development,14,Days,TRAIND003187,egg,adult,Aphidius_platensis,"Aphidius platensis Brethes, 1913"
development,13.5,Days,TRAIND003188,egg,adult,Aphidius_platensis,"Aphidius platensis Brethes, 1913"
development,13.5,Days,TRAIND003189,egg,adult,Aphidius_platensis,"Aphidius platensis Brethes, 1913"
development,13.5,Days,TRAIND003190,egg,adult,Aphidius_platensis,"Aphidius platensis Brethes, 1913"
development,14,Days,TRAIND003191,egg,adult,Aphidius_platensis,"Aphidius platensis Brethes, 1913"
development,15.5,Days,TRAIND003192,egg,adult,Aphidius_platensis,"Aphidius platensis Brethes, 1913"
development,12.5,Days,TRAIND003193,egg,adult,Aphidius_platensis,"Aphidius platensis Brethes, 1913"
development,13.5,Days,TRAIND003194,egg,adult,Aphidius_platensis,"Aphidius platensis Brethes, 1913"
development,13,Days,TRAIND003195,egg,adult,Aphidius_platensis,"Aphidius platensis Brethes, 1913"
development,14,Days,TRAIND003196,egg,adult,Aphidius_platensis,"Aphidius platensis Brethes, 1913"
development,14.5,Days,TRAIND003197,egg,adult,Aphidius_platensis,"Aphidius platensis Brethes, 1913"
development,13.5,Days,TRAIND003198,egg,adult,Aphidius_platensis,"Aphidius platensis Brethes, 1913"
development,14,Days,TRAIND003199,egg,adult,Aphidius_platensis,"Aphidius platensis Brethes, 1913"
development,13.5,Days,TRAIND003200,egg,adult,Aphidius_platensis,"Aphidius platensis Brethes, 1913"
development,12.5,Days,TRAIND003201,egg,adult,Aphidius_platensis,"Aphidius platensis Brethes, 1913"
development,13.5,Days,TRAIND003202,egg,adult,Aphidius_platensis,"Aphidius platensis Brethes, 1913"
development,13,Days,TRAIND003203,egg,adult,Aphidius_platensis,"Aphidius platensis Brethes, 1913"
development,15.5,Days,TRAIND003204,egg,adult,Aphidius_platensis,"Aphidius platensis Brethes, 1913"
development,15,Days,TRAIND003205,egg,adult,Aphidius_platensis,"Aphidius platensis Brethes, 1913"
development,14,Days,TRAIND003206,egg,adult,Aphidius_platensis,"Aphidius platensis Brethes, 1913"
development,15,Days,TRAIND003207,egg,adult,Aphidius_platensis,"Aphidius platensis Brethes, 1913"
development,14,Days,TRAIND003208,egg,adult,Aphidius_platensis,"Aphidius platensis Brethes, 1913"
development,14.5,Days,TRAIND003209,egg,adult,Aphidius_platensis,"Aphidius platensis Brethes, 1913"
development,12,Days,TRAIND003210,egg,adult,Aphidius_platensis,"Aphidius platensis Brethes, 1913"
development,15.5,Days,TRAIND003211,egg,adult,Aphidius_platensis,"Aphidius platensis Brethes, 1913"
development,12,Days,TRAIND003212,egg,adult,Aphidius_platensis,"Aphidius platensis Brethes, 1913"
development,13,Days,TRAIND003213,egg,adult,Aphidius_platensis,"Aphidius platensis Brethes, 1913"
development,12,Days,TRAIND003214,egg,adult,Aphidius_platensis,"Aphidius platensis Brethes, 1913"
development,13,Days,TRAIND003215,egg,adult,Aphidius_platensis,"Aphidius platensis Brethes, 1913"
development,14,Days,TRAIND003216,egg,adult,Aphidius_platensis,"Aphidius platensis Brethes, 1913"
development,12.5,Days,TRAIND003217,egg,adult,Aphidius_platensis,"Aphidius platensis Brethes, 1913"
development,"",Days,TRAIND003218,egg,adult,Aphidius_platensis,"Aphidius platensis Brethes, 1913"
development,13.5,Days,TRAIND003219,egg,adult,Aphidius_platensis,"Aphidius platensis Brethes, 1913"
development,14.5,Days,TRAIND003220,egg,adult,Aphidius_platensis,"Aphidius platensis Brethes, 1913"
development,12.5,Days,TRAIND003221,egg,adult,Aphidius_platensis,"Aphidius platensis Brethes, 1913"
development,14,Days,TRAIND003222,egg,adult,Aphidius_platensis,"Aphidius platensis Brethes, 1913"
development,12,Days,TRAIND003223,egg,adult,Aphidius_platensis,"Aphidius platensis Brethes, 1913"
development,15,Days,TRAIND003224,egg,adult,Aphidius_platensis,"Aphidius platensis Brethes, 1913"
development,14,Days,TRAIND003225,egg,adult,Aphidius_platensis,"Aphidius platensis Brethes, 1913"
development,11,Days,TRAIND003226,egg,adult,Aphidius_platensis,"Aphidius platensis Brethes, 1913"
development,12.5,Days,TRAIND003227,egg,adult,Aphidius_platensis,"Aphidius platensis Brethes, 1913"
development,13,Days,TRAIND003228,egg,adult,Aphidius_platensis,"Aphidius platensis Brethes, 1913"
development,13,Days,TRAIND003229,egg,adult,Aphidius_platensis,"Aphidius platensis Brethes, 1913"
development,13.5,Days,TRAIND003230,egg,adult,Aphidius_platensis,"Aphidius platensis Brethes, 1913"
development,11.5,Days,TRAIND003231,egg,adult,Aphidius_platensis,"Aphidius platensis Brethes, 1913"
development,12.5,Days,TRAIND003232,egg,adult,Aphidius_platensis,"Aphidius platensis Brethes, 1913"
development,12.5,Days,TRAIND003233,egg,adult,Aphidius_platensis,"Aphidius platensis Brethes, 1913"
development,15,Days,TRAIND003234,egg,adult,Aphidius_platensis,"Aphidius platensis Brethes, 1913"
development,"",Days,TRAIND003235,egg,adult,Aphidius_platensis,"Aphidius platensis Brethes, 1913"
development,14,Days,TRAIND003236,egg,adult,Aphidius_platensis,"Aphidius platensis Brethes, 1913"
development,12.5,Days,TRAIND003237,egg,adult,Aphidius_platensis,"Aphidius platensis Brethes, 1913"
development,13.5,Days,TRAIND003238,egg,adult,Aphidius_platensis,"Aphidius platensis Brethes, 1913"
development,12,Days,TRAIND003239,egg,adult,Aphidius_platensis,"Aphidius platensis Brethes, 1913"
development,12.5,Days,TRAIND003240,egg,adult,Aphidius_platensis,"Aphidius platensis Brethes, 1913"
development,12.5,Days,TRAIND003241,egg,adult,Aphidius_platensis,"Aphidius platensis Brethes, 1913"
development,12,Days,TRAIND003242,egg,adult,Aphidius_platensis,"Aphidius platensis Brethes, 1913"
development,12.5,Days,TRAIND003243,egg,adult,Aphidius_platensis,"Aphidius platensis Brethes, 1913"
development,12.5,Days,TRAIND003244,egg,adult,Aphidius_platensis,"Aphidius platensis Brethes, 1913"
development,13,Days,TRAIND003245,egg,adult,Aphidius_platensis,"Aphidius platensis Brethes, 1913"
development,13,Days,TRAIND003246,egg,adult,Aphidius_platensis,"Aphidius platensis Brethes, 1913"
development,13,Days,TRAIND003247,egg,adult,Aphidius_platensis,"Aphidius platensis Brethes, 1913"
development,"",Days,TRAIND003248,egg,adult,Aphidius_platensis,"Aphidius platensis Brethes, 1913"
development,12.5,Days,TRAIND003249,egg,adult,Aphidius_platensis,"Aphidius platensis Brethes, 1913"
development,"",Days,TRAIND003250,egg,adult,Aphidius_platensis,"Aphidius platensis Brethes, 1913"
development,12,Days,TRAIND003251,egg,adult,Aphidius_platensis,"Aphidius platensis Brethes, 1913"
development,"",Days,TRAIND003252,egg,adult,Aphidius_platensis,"Aphidius platensis Brethes, 1913"
development,12.5,Days,TRAIND003253,egg,adult,Aphidius_platensis,"Aphidius platensis Brethes, 1913"
development,13,Days,TRAIND003254,egg,adult,Aphidius_platensis,"Aphidius platensis Brethes, 1913"
development,12,Days,TRAIND003255,egg,adult,Aphidius_platensis,"Aphidius platensis Brethes, 1913"
development,13,Days,TRAIND003256,egg,adult,Aphidius_platensis,"Aphidius platensis Brethes, 1913"
development,12.5,Days,TRAIND003257,egg,adult,Aphidius_platensis,"Aphidius platensis Brethes, 1913"
development,12,Days,TRAIND003258,egg,adult,Aphidius_platensis,"Aphidius platensis Brethes, 1913"
development,13,Days,TRAIND003259,egg,adult,Aphidius_platensis,"Aphidius platensis Brethes, 1913"
development,12,Days,TRAIND003260,egg,adult,Aphidius_platensis,"Aphidius platensis Brethes, 1913"
development,12.5,Days,TRAIND003261,egg,adult,Aphidius_platensis,"Aphidius platensis Brethes, 1913"
development,12,Days,TRAIND003262,egg,adult,Aphidius_platensis,"Aphidius platensis Brethes, 1913"
development,12,Days,TRAIND003263,egg,adult,Aphidius_platensis,"Aphidius platensis Brethes, 1913"
development,"",Days,TRAIND003264,egg,adult,Aphidius_platensis,"Aphidius platensis Brethes, 1913"
development,13,Days,TRAIND003265,egg,adult,Aphidius_platensis,"Aphidius platensis Brethes, 1913"
development,13.5,Days,TRAIND003266,egg,adult,Aphidius_platensis,"Aphidius platensis Brethes, 1913"
development,13.5,Days,TRAIND003267,egg,adult,Aphidius_platensis,"Aphidius platensis Brethes, 1913"
development,14,Days,TRAIND003268,egg,adult,Aphidius_platensis,"Aphidius platensis Brethes, 1913"
development,13,Days,TRAIND003269,egg,adult,Aphidius_platensis,"Aphidius platensis Brethes, 1913"
development,14,Days,TRAIND003270,egg,adult,Aphidius_platensis,"Aphidius platensis Brethes, 1913"
development,13,Days,TRAIND003271,egg,adult,Aphidius_platensis,"Aphidius platensis Brethes, 1913"
development,13,Days,TRAIND003272,egg,adult,Aphidius_platensis,"Aphidius platensis Brethes, 1913"
development,14,Days,TRAIND003273,egg,adult,Aphidius_platensis,"Aphidius platensis Brethes, 1913"
development,13,Days,TRAIND003274,egg,adult,Aphidius_platensis,"Aphidius platensis Brethes, 1913"
development,14,Days,TRAIND003275,egg,adult,Aphidius_platensis,"Aphidius platensis Brethes, 1913"
development,13,Days,TRAIND003276,egg,adult,Aphidius_platensis,"Aphidius platensis Brethes, 1913"
development,13,Days,TRAIND003277,egg,adult,Aphidius_platensis,"Aphidius platensis Brethes, 1913"
development,13,Days,TRAIND003278,egg,adult,Aphidius_platensis,"Aphidius platensis Brethes, 1913"
development,13,Days,TRAIND003279,egg,adult,Aphidius_platensis,"Aphidius platensis Brethes, 1913"
development,14,Days,TRAIND003280,egg,adult,Aphidius_platensis,"Aphidius platensis Brethes, 1913"
development,"",Days,TRAIND003281,egg,adult,Aphidius_platensis,"Aphidius platensis Brethes, 1913"
development,"",Days,TRAIND003282,egg,adult,Aphidius_platensis,"Aphidius platensis Brethes, 1913"
development,13,Days,TRAIND003283,egg,adult,Aphidius_platensis,"Aphidius platensis Brethes, 1913"
development,12,Days,TRAIND003284,egg,adult,Aphidius_platensis,"Aphidius platensis Brethes, 1913"
development,"",Days,TRAIND003285,egg,adult,Aphidius_platensis,"Aphidius platensis Brethes, 1913"
development,12.5,Days,TRAIND003286,egg,adult,Aphidius_platensis,"Aphidius platensis Brethes, 1913"
development,12,Days,TRAIND003287,egg,adult,Aphidius_platensis,"Aphidius platensis Brethes, 1913"
development,13,Days,TRAIND003288,egg,adult,Aphidius_platensis,"Aphidius platensis Brethes, 1913"
development,13,Days,TRAIND003289,egg,adult,Aphidius_platensis,"Aphidius platensis Brethes, 1913"
development,13,Days,TRAIND003290,egg,adult,Aphidius_platensis,"Aphidius platensis Brethes, 1913"
development,12,Days,TRAIND003291,egg,adult,Aphidius_platensis,"Aphidius platensis Brethes, 1913"
development,11,Days,TRAIND003292,egg,adult,Aphidius_platensis,"Aphidius platensis Brethes, 1913"
development,11,Days,TRAIND003293,egg,adult,Aphidius_platensis,"Aphidius platensis Brethes, 1913"
development,13,Days,TRAIND003294,egg,adult,Aphidius_platensis,"Aphidius platensis Brethes, 1913"
development,13.5,Days,TRAIND003295,egg,adult,Aphidius_platensis,"Aphidius platensis Brethes, 1913"
development,13,Days,TRAIND003296,egg,adult,Aphidius_platensis,"Aphidius platensis Brethes, 1913"
development,13,Days,TRAIND003297,egg,adult,Aphidius_platensis,"Aphidius platensis Brethes, 1913"
development,13,Days,TRAIND003298,egg,adult,Aphidius_platensis,"Aphidius platensis Brethes, 1913"
development,13.5,Days,TRAIND003299,egg,adult,Aphidius_platensis,"Aphidius platensis Brethes, 1913"
development,13.5,Days,TRAIND003300,egg,adult,Aphidius_platensis,"Aphidius platensis Brethes, 1913"
development,14,Days,TRAIND003301,egg,adult,Aphidius_platensis,"Aphidius platensis Brethes, 1913"
development,14.5,Days,TRAIND003302,egg,adult,Aphidius_platensis,"Aphidius platensis Brethes, 1913"
development,13.5,Days,TRAIND003303,egg,adult,Aphidius_platensis,"Aphidius platensis Brethes, 1913"
development,13,Days,TRAIND003304,egg,adult,Aphidius_platensis,"Aphidius platensis Brethes, 1913"
development,13,Days,TRAIND003305,egg,adult,Aphidius_platensis,"Aphidius platensis Brethes, 1913"
development,13,Days,TRAIND003306,egg,adult,Aphidius_platensis,"Aphidius platensis Brethes, 1913"
development,"",Days,TRAIND003307,egg,adult,Aphidius_platensis,"Aphidius platensis Brethes, 1913"
development,13,Days,TRAIND003308,egg,adult,Aphidius_platensis,"Aphidius platensis Brethes, 1913"
development,14,Days,TRAIND003309,egg,adult,Aphidius_platensis,"Aphidius platensis Brethes, 1913"
development,13,Days,TRAIND003310,egg,adult,Aphidius_platensis,"Aphidius platensis Brethes, 1913"
development,13,Days,TRAIND003311,egg,adult,Aphidius_platensis,"Aphidius platensis Brethes, 1913"
development,"",Days,TRAIND003312,egg,adult,Aphidius_platensis,"Aphidius platensis Brethes, 1913"
development,13,Days,TRAIND003313,egg,adult,Aphidius_platensis,"Aphidius platensis Brethes, 1913"
development,"",Days,TRAIND003314,egg,adult,Aphidius_platensis,"Aphidius platensis Brethes, 1913"
development,13,Days,TRAIND003315,egg,adult,Aphidius_platensis,"Aphidius platensis Brethes, 1913"
development,11,Days,TRAIND003316,egg,adult,Aphidius_platensis,"Aphidius platensis Brethes, 1913"
development,12.5,Days,TRAIND003317,egg,adult,Aphidius_platensis,"Aphidius platensis Brethes, 1913"
development,14.5,Days,TRAIND003318,egg,adult,Aphidius_platensis,"Aphidius platensis Brethes, 1913"
development,12,Days,TRAIND003319,egg,adult,Aphidius_platensis,"Aphidius platensis Brethes, 1913"
development,12,Days,TRAIND003320,egg,adult,Aphidius_platensis,"Aphidius platensis Brethes, 1913"
development,12,Days,TRAIND003321,egg,adult,Aphidius_platensis,"Aphidius platensis Brethes, 1913"
development,"",Days,TRAIND003322,egg,adult,Aphidius_platensis,"Aphidius platensis Brethes, 1913"
development,"",Days,TRAIND003323,egg,adult,Aphidius_platensis,"Aphidius platensis Brethes, 1913"
development,11,Days,TRAIND003324,egg,adult,Aphidius_platensis,"Aphidius platensis Brethes, 1913"
development,13,Days,TRAIND003325,egg,adult,Aphidius_platensis,"Aphidius platensis Brethes, 1913"
development,12,Days,TRAIND003326,egg,adult,Aphidius_platensis,"Aphidius platensis Brethes, 1913"
development,"",Days,TRAIND003327,egg,adult,Aphidius_platensis,"Aphidius platensis Brethes, 1913"
development,11,Days,TRAIND003328,egg,adult,Aphidius_platensis,"Aphidius platensis Brethes, 1913"
development,12,Days,TRAIND003329,egg,adult,Aphidius_platensis,"Aphidius platensis Brethes, 1913"
development,12.5,Days,TRAIND003330,egg,adult,Aphidius_platensis,"Aphidius platensis Brethes, 1913"
development,13.5,Days,TRAIND003331,egg,adult,Aphidius_platensis,"Aphidius platensis Brethes, 1913"
development,12,Days,TRAIND003332,egg,adult,Aphidius_platensis,"Aphidius platensis Brethes, 1913"
development,12.5,Days,TRAIND003333,egg,adult,Aphidius_platensis,"Aphidius platensis Brethes, 1913"
development,13,Days,TRAIND003334,egg,adult,Aphidius_platensis,"Aphidius platensis Brethes, 1913"
development,13.5,Days,TRAIND003335,egg,adult,Aphidius_platensis,"Aphidius platensis Brethes, 1913"
development,12,Days,TRAIND003336,egg,adult,Aphidius_platensis,"Aphidius platensis Brethes, 1913"
development,13,Days,TRAIND003337,egg,adult,Aphidius_platensis,"Aphidius platensis Brethes, 1913"
development,13.5,Days,TRAIND003338,egg,adult,Aphidius_platensis,"Aphidius platensis Brethes, 1913"
development,12,Days,TRAIND003339,egg,adult,Aphidius_platensis,"Aphidius platensis Brethes, 1913"
development,13,Days,TRAIND003340,egg,adult,Aphidius_platensis,"Aphidius platensis Brethes, 1913"
development,14,Days,TRAIND003341,egg,adult,Aphidius_platensis,"Aphidius platensis Brethes, 1913"
development,14,Days,TRAIND003342,egg,adult,Aphidius_platensis,"Aphidius platensis Brethes, 1913"
development,14,Days,TRAIND003343,egg,adult,Aphidius_platensis,"Aphidius platensis Brethes, 1913"
development,13.5,Days,TRAIND003344,egg,adult,Aphidius_platensis,"Aphidius platensis Brethes, 1913"
development,14,Days,TRAIND003345,egg,adult,Aphidius_platensis,"Aphidius platensis Brethes, 1913"
development,14,Days,TRAIND003346,egg,adult,Aphidius_platensis,"Aphidius platensis Brethes, 1913"
development,13,Days,TRAIND003347,egg,adult,Aphidius_platensis,"Aphidius platensis Brethes, 1913"
development,13,Days,TRAIND003348,egg,adult,Aphidius_platensis,"Aphidius platensis Brethes, 1913"
development,14,Days,TRAIND003349,egg,adult,Aphidius_platensis,"Aphidius platensis Brethes, 1913"
development,14,Days,TRAIND003350,egg,adult,Aphidius_platensis,"Aphidius platensis Brethes, 1913"
development,13,Days,TRAIND003351,egg,adult,Aphidius_platensis,"Aphidius platensis Brethes, 1913"
development,15,Days,TRAIND003352,egg,adult,Aphidius_platensis,"Aphidius platensis Brethes, 1913"
development,13,Days,TRAIND003353,egg,adult,Aphidius_platensis,"Aphidius platensis Brethes, 1913"
development,13,Days,TRAIND003354,egg,adult,Aphidius_platensis,"Aphidius platensis Brethes, 1913"
development,13,Days,TRAIND003355,egg,adult,Aphidius_platensis,"Aphidius platensis Brethes, 1913"
development,12,Days,TRAIND003356,egg,adult,Aphidius_platensis,"Aphidius platensis Brethes, 1913"
development,13,Days,TRAIND003357,egg,adult,Aphidius_platensis,"Aphidius platensis Brethes, 1913"
development,12.5,Days,TRAIND003358,egg,adult,Aphidius_platensis,"Aphidius platensis Brethes, 1913"
development,13.5,Days,TRAIND003359,egg,adult,Aphidius_platensis,"Aphidius platensis Brethes, 1913"
development,14,Days,TRAIND003360,egg,adult,Aphidius_platensis,"Aphidius platensis Brethes, 1913"
development,"",Days,TRAIND003361,egg,adult,Aphidius_platensis,"Aphidius platensis Brethes, 1913"
development,13.5,Days,TRAIND003362,egg,adult,Aphidius_platensis,"Aphidius platensis Brethes, 1913"
development,12.5,Days,TRAIND003363,egg,adult,Aphidius_platensis,"Aphidius platensis Brethes, 1913"
development,14,Days,TRAIND003364,egg,adult,Aphidius_platensis,"Aphidius platensis Brethes, 1913"
development,12,Days,TRAIND003365,egg,adult,Aphidius_platensis,"Aphidius platensis Brethes, 1913"
development,11,Days,TRAIND003366,egg,adult,Aphidius_platensis,"Aphidius platensis Brethes, 1913"
development,12.5,Days,TRAIND003367,egg,adult,Aphidius_platensis,"Aphidius platensis Brethes, 1913"
development,13,Days,TRAIND003368,egg,adult,Aphidius_platensis,"Aphidius platensis Brethes, 1913"
development,13,Days,TRAIND003369,egg,adult,Aphidius_platensis,"Aphidius platensis Brethes, 1913"
development,12,Days,TRAIND003370,egg,adult,Aphidius_platensis,"Aphidius platensis Brethes, 1913"
development,13.5,Days,TRAIND003371,egg,adult,Aphidius_platensis,"Aphidius platensis Brethes, 1913"
development,13,Days,TRAIND003372,egg,adult,Aphidius_platensis,"Aphidius platensis Brethes, 1913"
development,14.5,Days,TRAIND003373,egg,adult,Aphidius_platensis,"Aphidius platensis Brethes, 1913"
development,13,Days,TRAIND003374,egg,adult,Aphidius_platensis,"Aphidius platensis Brethes, 1913"
development,13,Days,TRAIND003375,egg,adult,Aphidius_platensis,"Aphidius platensis Brethes, 1913"
development,"",Days,TRAIND003376,egg,adult,Aphidius_platensis,"Aphidius platensis Brethes, 1913"
development,14.5,Days,TRAIND003377,egg,adult,Aphidius_platensis,"Aphidius platensis Brethes, 1913"
development,13.5,Days,TRAIND003378,egg,adult,Aphidius_platensis,"Aphidius platensis Brethes, 1913"
development,14,Days,TRAIND003379,egg,adult,Aphidius_platensis,"Aphidius platensis Brethes, 1913"
development,13.5,Days,TRAIND003380,egg,adult,Aphidius_platensis,"Aphidius platensis Brethes, 1913"
development,16,Days,TRAIND003381,egg,adult,Aphidius_platensis,"Aphidius platensis Brethes, 1913"
development,14,Days,TRAIND003382,egg,adult,Aphidius_platensis,"Aphidius platensis Brethes, 1913"
development,13,Days,TRAIND003383,egg,adult,Aphidius_platensis,"Aphidius platensis Brethes, 1913"
development,14.5,Days,TRAIND003384,egg,adult,Aphidius_platensis,"Aphidius platensis Brethes, 1913"
development,12,Days,TRAIND003385,egg,adult,Aphidius_platensis,"Aphidius platensis Brethes, 1913"
development,12,Days,TRAIND003386,egg,adult,Aphidius_platensis,"Aphidius platensis Brethes, 1913"
development,14.5,Days,TRAIND003387,egg,adult,Aphidius_platensis,"Aphidius platensis Brethes, 1913"
development,12,Days,TRAIND003388,egg,adult,Aphidius_platensis,"Aphidius platensis Brethes, 1913"
development,"",Days,TRAIND003389,egg,adult,Aphidius_platensis,"Aphidius platensis Brethes, 1913"
development,13,Days,TRAIND003390,egg,adult,Aphidius_platensis,"Aphidius platensis Brethes, 1913"
development,12,Days,TRAIND003391,egg,adult,Aphidius_platensis,"Aphidius platensis Brethes, 1913"
development,13,Days,TRAIND003392,egg,adult,Aphidius_platensis,"Aphidius platensis Brethes, 1913"
development,13,Days,TRAIND003393,egg,adult,Aphidius_platensis,"Aphidius platensis Brethes, 1913"
development,14,Days,TRAIND003394,egg,adult,Aphidius_platensis,"Aphidius platensis Brethes, 1913"
development,12.5,Days,TRAIND003395,egg,adult,Aphidius_platensis,"Aphidius platensis Brethes, 1913"
development,13.5,Days,TRAIND003396,egg,adult,Aphidius_platensis,"Aphidius platensis Brethes, 1913"
development,13,Days,TRAIND003397,egg,adult,Aphidius_platensis,"Aphidius platensis Brethes, 1913"
development,13.5,Days,TRAIND003398,egg,adult,Aphidius_platensis,"Aphidius platensis Brethes, 1913"
development,13.5,Days,TRAIND003399,egg,adult,Aphidius_platensis,"Aphidius platensis Brethes, 1913"
development,14,Days,TRAIND003400,egg,adult,Aphidius_platensis,"Aphidius platensis Brethes, 1913"
development,13.5,Days,TRAIND003401,egg,adult,Aphidius_platensis,"Aphidius platensis Brethes, 1913"
development,"",Days,TRAIND003402,egg,adult,Aphidius_platensis,"Aphidius platensis Brethes, 1913"
development,12,Days,TRAIND003403,egg,adult,Aphidius_platensis,"Aphidius platensis Brethes, 1913"
development,13,Days,TRAIND003404,egg,adult,Aphidius_platensis,"Aphidius platensis Brethes, 1913"
development,13.5,Days,TRAIND003405,egg,adult,Aphidius_platensis,"Aphidius platensis Brethes, 1913"
development,14,Days,TRAIND003406,egg,adult,Aphidius_platensis,"Aphidius platensis Brethes, 1913"
development,12.5,Days,TRAIND003407,egg,adult,Aphidius_platensis,"Aphidius platensis Brethes, 1913"
development,15.5,Days,TRAIND003408,egg,adult,Aphidius_platensis,"Aphidius platensis Brethes, 1913"
development,14,Days,TRAIND003409,egg,adult,Aphidius_platensis,"Aphidius platensis Brethes, 1913"
development,12,Days,TRAIND003410,egg,adult,Aphidius_platensis,"Aphidius platensis Brethes, 1913"
development,13.5,Days,TRAIND003411,egg,adult,Aphidius_platensis,"Aphidius platensis Brethes, 1913"
development,14,Days,TRAIND003412,egg,adult,Aphidius_platensis,"Aphidius platensis Brethes, 1913"
development,14.5,Days,TRAIND003413,egg,adult,Aphidius_platensis,"Aphidius platensis Brethes, 1913"
development,13.5,Days,TRAIND003414,egg,adult,Aphidius_platensis,"Aphidius platensis Brethes, 1913"
development,13,Days,TRAIND003415,egg,adult,Aphidius_platensis,"Aphidius platensis Brethes, 1913"
development,15.5,Days,TRAIND003416,egg,adult,Aphidius_platensis,"Aphidius platensis Brethes, 1913"
development,15,Days,TRAIND003417,egg,adult,Aphidius_platensis,"Aphidius platensis Brethes, 1913"
development,14,Days,TRAIND003418,egg,adult,Aphidius_platensis,"Aphidius platensis Brethes, 1913"
development,14,Days,TRAIND003419,egg,adult,Aphidius_platensis,"Aphidius platensis Brethes, 1913"
development,12,Days,TRAIND003420,egg,adult,Aphidius_platensis,"Aphidius platensis Brethes, 1913"
development,13.5,Days,TRAIND003421,egg,adult,Aphidius_platensis,"Aphidius platensis Brethes, 1913"
development,13,Days,TRAIND003422,egg,adult,Aphidius_platensis,"Aphidius platensis Brethes, 1913"
development,13.5,Days,TRAIND003423,egg,adult,Aphidius_platensis,"Aphidius platensis Brethes, 1913"
development,14.5,Days,TRAIND003424,egg,adult,Aphidius_platensis,"Aphidius platensis Brethes, 1913"
development,14.5,Days,TRAIND003425,egg,adult,Aphidius_platensis,"Aphidius platensis Brethes, 1913"
development,15,Days,TRAIND003426,egg,adult,Aphidius_platensis,"Aphidius platensis Brethes, 1913"
development,14,Days,TRAIND003427,egg,adult,Aphidius_platensis,"Aphidius platensis Brethes, 1913"
development,14,Days,TRAIND003428,egg,adult,Aphidius_platensis,"Aphidius platensis Brethes, 1913"
development,13,Days,TRAIND003429,egg,adult,Aphidius_platensis,"Aphidius platensis Brethes, 1913"
development,12,Days,TRAIND003430,egg,adult,Aphidius_platensis,"Aphidius platensis Brethes, 1913"
development,13,Days,TRAIND003431,egg,adult,Aphidius_platensis,"Aphidius platensis Brethes, 1913"
development,13.5,Days,TRAIND003432,egg,adult,Aphidius_platensis,"Aphidius platensis Brethes, 1913"
development,14,Days,TRAIND003433,egg,adult,Aphidius_platensis,"Aphidius platensis Brethes, 1913"
development,14.5,Days,TRAIND003434,egg,adult,Aphidius_platensis,"Aphidius platensis Brethes, 1913"
development,15,Days,TRAIND003435,egg,adult,Aphidius_platensis,"Aphidius platensis Brethes, 1913"
development,14.5,Days,TRAIND003436,egg,adult,Aphidius_platensis,"Aphidius platensis Brethes, 1913"
development,14.5,Days,TRAIND003437,egg,adult,Aphidius_platensis,"Aphidius platensis Brethes, 1913"
development,13.5,Days,TRAIND003438,egg,adult,Aphidius_platensis,"Aphidius platensis Brethes, 1913"
development,"",Days,TRAIND003439,egg,adult,Aphidius_platensis,"Aphidius platensis Brethes, 1913"
development,14,Days,TRAIND003440,egg,adult,Aphidius_platensis,"Aphidius platensis Brethes, 1913"
development,14,Days,TRAIND003441,egg,adult,Aphidius_platensis,"Aphidius platensis Brethes, 1913"
development,14,Days,TRAIND003442,egg,adult,Aphidius_platensis,"Aphidius platensis Brethes, 1913"
development,14,Days,TRAIND003443,egg,adult,Aphidius_platensis,"Aphidius platensis Brethes, 1913"
development,15,Days,TRAIND003444,egg,adult,Aphidius_platensis,"Aphidius platensis Brethes, 1913"
development,13,Days,TRAIND003445,egg,adult,Aphidius_platensis,"Aphidius platensis Brethes, 1913"
development,14,Days,TRAIND003446,egg,adult,Aphidius_platensis,"Aphidius platensis Brethes, 1913"
development,12,Days,TRAIND003447,egg,adult,Aphidius_platensis,"Aphidius platensis Brethes, 1913"
development,13,Days,TRAIND003448,egg,adult,Aphidius_platensis,"Aphidius platensis Brethes, 1913"
development,13,Days,TRAIND003449,egg,adult,Aphidius_platensis,"Aphidius platensis Brethes, 1913"
development,12,Days,TRAIND003450,egg,adult,Aphidius_platensis,"Aphidius platensis Brethes, 1913"
development,13.5,Days,TRAIND003451,egg,adult,Aphidius_platensis,"Aphidius platensis Brethes, 1913"
development,13,Days,TRAIND003452,egg,adult,Aphidius_platensis,"Aphidius platensis Brethes, 1913"
development,15.5,Days,TRAIND003453,egg,adult,Aphidius_platensis,"Aphidius platensis Brethes, 1913"
development,12,Days,TRAIND003454,egg,adult,Aphidius_platensis,"Aphidius platensis Brethes, 1913"
development,12,Days,TRAIND003455,egg,adult,Aphidius_platensis,"Aphidius platensis Brethes, 1913"
development,13.5,Days,TRAIND003456,egg,adult,Aphidius_platensis,"Aphidius platensis Brethes, 1913"
development,14,Days,TRAIND003457,egg,adult,Aphidius_platensis,"Aphidius platensis Brethes, 1913"
development,13,Days,TRAIND003458,egg,adult,Aphidius_platensis,"Aphidius platensis Brethes, 1913"
development,13,Days,TRAIND003459,egg,adult,Aphidius_platensis,"Aphidius platensis Brethes, 1913"
development,13,Days,TRAIND003460,egg,adult,Aphidius_platensis,"Aphidius platensis Brethes, 1913"
development,13,Days,TRAIND003461,egg,adult,Aphidius_platensis,"Aphidius platensis Brethes, 1913"
development,13,Days,TRAIND003462,egg,adult,Aphidius_platensis,"Aphidius platensis Brethes, 1913"
development,13,Days,TRAIND003463,egg,adult,Aphidius_platensis,"Aphidius platensis Brethes, 1913"
development,13,Days,TRAIND003464,egg,adult,Aphidius_platensis,"Aphidius platensis Brethes, 1913"
development,13,Days,TRAIND003465,egg,adult,Aphidius_platensis,"Aphidius platensis Brethes, 1913"
development,13,Days,TRAIND003466,egg,adult,Aphidius_platensis,"Aphidius platensis Brethes, 1913"
development,13.5,Days,TRAIND003467,egg,adult,Aphidius_platensis,"Aphidius platensis Brethes, 1913"
development,13.5,Days,TRAIND003468,egg,adult,Aphidius_platensis,"Aphidius platensis Brethes, 1913"
development,13,Days,TRAIND003469,egg,adult,Aphidius_platensis,"Aphidius platensis Brethes, 1913"
development,13,Days,TRAIND003470,egg,adult,Aphidius_platensis,"Aphidius platensis Brethes, 1913"
development,13,Days,TRAIND003471,egg,adult,Aphidius_platensis,"Aphidius platensis Brethes, 1913"
development,13,Days,TRAIND003472,egg,adult,Aphidius_platensis,"Aphidius platensis Brethes, 1913"
development,13,Days,TRAIND003473,egg,adult,Aphidius_platensis,"Aphidius platensis Brethes, 1913"
development,13,Days,TRAIND003474,egg,adult,Aphidius_platensis,"Aphidius platensis Brethes, 1913"
development,"",Days,TRAIND003475,egg,adult,Aphidius_platensis,"Aphidius platensis Brethes, 1913"
development,12.5,Days,TRAIND003476,egg,adult,Aphidius_platensis,"Aphidius platensis Brethes, 1913"
development,12.5,Days,TRAIND003477,egg,adult,Aphidius_platensis,"Aphidius platensis Brethes, 1913"
development,13,Days,TRAIND003478,egg,adult,Aphidius_platensis,"Aphidius platensis Brethes, 1913"
development,12.5,Days,TRAIND003479,egg,adult,Aphidius_platensis,"Aphidius platensis Brethes, 1913"
development,"",Days,TRAIND003480,egg,adult,Aphidius_platensis,"Aphidius platensis Brethes, 1913"
development,15,Days,TRAIND003481,egg,adult,Aphidius_platensis,"Aphidius platensis Brethes, 1913"
development,12,Days,TRAIND003482,egg,adult,Aphidius_platensis,"Aphidius platensis Brethes, 1913"
development,11,Days,TRAIND003483,egg,adult,Aphidius_platensis,"Aphidius platensis Brethes, 1913"
development,"",Days,TRAIND003484,egg,adult,Aphidius_platensis,"Aphidius platensis Brethes, 1913"
development,12,Days,TRAIND003485,egg,adult,Aphidius_platensis,"Aphidius platensis Brethes, 1913"
development,12,Days,TRAIND003486,egg,adult,Aphidius_platensis,"Aphidius platensis Brethes, 1913"
development,13,Days,TRAIND003487,egg,adult,Aphidius_platensis,"Aphidius platensis Brethes, 1913"
development,"",Days,TRAIND003488,egg,adult,Aphidius_platensis,"Aphidius platensis Brethes, 1913"
development,13.5,Days,TRAIND003489,egg,adult,Aphidius_platensis,"Aphidius platensis Brethes, 1913"
development,12,Days,TRAIND003490,egg,adult,Aphidius_platensis,"Aphidius platensis Brethes, 1913"
development,12,Days,TRAIND003491,egg,adult,Aphidius_platensis,"Aphidius platensis Brethes, 1913"
development,12,Days,TRAIND003492,egg,adult,Aphidius_platensis,"Aphidius platensis Brethes, 1913"
development,13,Days,TRAIND003493,egg,adult,Aphidius_platensis,"Aphidius platensis Brethes, 1913"
development,"",Days,TRAIND003494,egg,adult,Aphidius_platensis,"Aphidius platensis Brethes, 1913"
development,12,Days,TRAIND003495,egg,adult,Aphidius_platensis,"Aphidius platensis Brethes, 1913"
development,14,Days,TRAIND003496,egg,adult,Aphidius_platensis,"Aphidius platensis Brethes, 1913"
development,13.5,Days,TRAIND003497,egg,adult,Aphidius_platensis,"Aphidius platensis Brethes, 1913"
development,12,Days,TRAIND003498,egg,adult,Aphidius_platensis,"Aphidius platensis Brethes, 1913"
development,12,Days,TRAIND003499,egg,adult,Aphidius_platensis,"Aphidius platensis Brethes, 1913"
development,14,Days,TRAIND003500,egg,adult,Aphidius_platensis,"Aphidius platensis Brethes, 1913"
development,12.5,Days,TRAIND003501,egg,adult,Aphidius_platensis,"Aphidius platensis Brethes, 1913"
development,12,Days,TRAIND003502,egg,adult,Aphidius_platensis,"Aphidius platensis Brethes, 1913"
development,13,Days,TRAIND003503,egg,adult,Aphidius_platensis,"Aphidius platensis Brethes, 1913"
development,12,Days,TRAIND003504,egg,adult,Aphidius_platensis,"Aphidius platensis Brethes, 1913"
development,"",Days,TRAIND003505,egg,adult,Aphidius_platensis,"Aphidius platensis Brethes, 1913"
development,"",Days,TRAIND003506,egg,adult,Aphidius_platensis,"Aphidius platensis Brethes, 1913"
development,12,Days,TRAIND003507,egg,adult,Aphidius_platensis,"Aphidius platensis Brethes, 1913"
development,12,Days,TRAIND003508,egg,adult,Aphidius_platensis,"Aphidius platensis Brethes, 1913"
development,12,Days,TRAIND003509,egg,adult,Aphidius_platensis,"Aphidius platensis Brethes, 1913"
development,12,Days,TRAIND003510,egg,adult,Aphidius_platensis,"Aphidius platensis Brethes, 1913"
development,12.5,Days,TRAIND003511,egg,adult,Aphidius_platensis,"Aphidius platensis Brethes, 1913"
development,14.5,Days,TRAIND003512,egg,adult,Aphidius_platensis,"Aphidius platensis Brethes, 1913"
development,14.5,Days,TRAIND003513,egg,adult,Aphidius_platensis,"Aphidius platensis Brethes, 1913"
development,12,Days,TRAIND003514,egg,adult,Aphidius_platensis,"Aphidius platensis Brethes, 1913"
development,12,Days,TRAIND003515,egg,adult,Aphidius_platensis,"Aphidius platensis Brethes, 1913"
development,"",Days,TRAIND003516,egg,adult,Aphidius_platensis,"Aphidius platensis Brethes, 1913"
development,14,Days,TRAIND003517,egg,adult,Aphidius_platensis,"Aphidius platensis Brethes, 1913"
development,12,Days,TRAIND003518,egg,adult,Aphidius_platensis,"Aphidius platensis Brethes, 1913"
development,12,Days,TRAIND003519,egg,adult,Aphidius_platensis,"Aphidius platensis Brethes, 1913"
development,"",Days,TRAIND003520,egg,adult,Aphidius_platensis,"Aphidius platensis Brethes, 1913"
development,14,Days,TRAIND003521,egg,adult,Aphidius_platensis,"Aphidius platensis Brethes, 1913"
development,12,Days,TRAIND003522,egg,adult,Aphidius_platensis,"Aphidius platensis Brethes, 1913"
development,11,Days,TRAIND003523,egg,adult,Aphidius_platensis,"Aphidius platensis Brethes, 1913"
development,11,Days,TRAIND003524,egg,adult,Aphidius_platensis,"Aphidius platensis Brethes, 1913"
development,12,Days,TRAIND003525,egg,adult,Aphidius_platensis,"Aphidius platensis Brethes, 1913"
development,12.5,Days,TRAIND003526,egg,adult,Aphidius_platensis,"Aphidius platensis Brethes, 1913"
development,12,Days,TRAIND003527,egg,adult,Aphidius_platensis,"Aphidius platensis Brethes, 1913"
development,14,Days,TRAIND003528,egg,adult,Aphidius_platensis,"Aphidius platensis Brethes, 1913"
development,12.5,Days,TRAIND003529,egg,adult,Aphidius_platensis,"Aphidius platensis Brethes, 1913"
development,"",Days,TRAIND003530,egg,adult,Aphidius_platensis,"Aphidius platensis Brethes, 1913"
development,"",Days,TRAIND003531,egg,adult,Aphidius_platensis,"Aphidius platensis Brethes, 1913"
development,"",Days,TRAIND003532,egg,adult,Aphidius_platensis,"Aphidius platensis Brethes, 1913"
development,12,Days,TRAIND003533,egg,adult,Aphidius_platensis,"Aphidius platensis Brethes, 1913"
development,13,Days,TRAIND003534,egg,adult,Aphidius_platensis,"Aphidius platensis Brethes, 1913"
development,12,Days,TRAIND003535,egg,adult,Aphidius_platensis,"Aphidius platensis Brethes, 1913"
development,13,Days,TRAIND003536,egg,adult,Aphidius_platensis,"Aphidius platensis Brethes, 1913"
development,12,Days,TRAIND003537,egg,adult,Aphidius_platensis,"Aphidius platensis Brethes, 1913"
development,12,Days,TRAIND003538,egg,adult,Aphidius_platensis,"Aphidius platensis Brethes, 1913"
development,13.5,Days,TRAIND003539,egg,adult,Aphidius_platensis,"Aphidius platensis Brethes, 1913"
development,13,Days,TRAIND003540,egg,adult,Aphidius_platensis,"Aphidius platensis Brethes, 1913"
development,14,Days,TRAIND003541,egg,adult,Aphidius_platensis,"Aphidius platensis Brethes, 1913"
development,13.5,Days,TRAIND003542,egg,adult,Aphidius_platensis,"Aphidius platensis Brethes, 1913"
development,"",Days,TRAIND003543,egg,adult,Aphidius_platensis,"Aphidius platensis Brethes, 1913"
development,"",Days,TRAIND003544,egg,adult,Aphidius_platensis,"Aphidius platensis Brethes, 1913"
development,"",Days,TRAIND003545,egg,adult,Aphidius_platensis,"Aphidius platensis Brethes, 1913"
development,12,Days,TRAIND003546,egg,adult,Aphidius_platensis,"Aphidius platensis Brethes, 1913"
development,12,Days,TRAIND003547,egg,adult,Aphidius_platensis,"Aphidius platensis Brethes, 1913"
development,11,Days,TRAIND003548,egg,adult,Aphidius_platensis,"Aphidius platensis Brethes, 1913"
development,12,Days,TRAIND003549,egg,adult,Aphidius_platensis,"Aphidius platensis Brethes, 1913"
development,13,Days,TRAIND003550,egg,adult,Aphidius_platensis,"Aphidius platensis Brethes, 1913"
development,13,Days,TRAIND003551,egg,adult,Aphidius_platensis,"Aphidius platensis Brethes, 1913"
development,12,Days,TRAIND003552,egg,adult,Aphidius_platensis,"Aphidius platensis Brethes, 1913"
development,14,Days,TRAIND003553,egg,adult,Aphidius_platensis,"Aphidius platensis Brethes, 1913"
development,14,Days,TRAIND003554,egg,adult,Aphidius_platensis,"Aphidius platensis Brethes, 1913"
development,13,Days,TRAIND003555,egg,adult,Aphidius_platensis,"Aphidius platensis Brethes, 1913"
development,13,Days,TRAIND003556,egg,adult,Aphidius_platensis,"Aphidius platensis Brethes, 1913"
development,12,Days,TRAIND003557,egg,adult,Aphidius_platensis,"Aphidius platensis Brethes, 1913"
development,13.5,Days,TRAIND003558,egg,adult,Aphidius_platensis,"Aphidius platensis Brethes, 1913"
development,14,Days,TRAIND003559,egg,adult,Aphidius_platensis,"Aphidius platensis Brethes, 1913"
development,14,Days,TRAIND003560,egg,adult,Aphidius_platensis,"Aphidius platensis Brethes, 1913"
development,13.5,Days,TRAIND003561,egg,adult,Aphidius_platensis,"Aphidius platensis Brethes, 1913"
development,13,Days,TRAIND003562,egg,adult,Aphidius_platensis,"Aphidius platensis Brethes, 1913"
development,14,Days,TRAIND003563,egg,adult,Aphidius_platensis,"Aphidius platensis Brethes, 1913"
development,14,Days,TRAIND003564,egg,adult,Aphidius_platensis,"Aphidius platensis Brethes, 1913"
development,13.5,Days,TRAIND003565,egg,adult,Aphidius_platensis,"Aphidius platensis Brethes, 1913"
development,13,Days,TRAIND003566,egg,adult,Aphidius_platensis,"Aphidius platensis Brethes, 1913"
development,15,Days,TRAIND003567,egg,adult,Aphidius_platensis,"Aphidius platensis Brethes, 1913"
development,15,Days,TRAIND003568,egg,adult,Aphidius_platensis,"Aphidius platensis Brethes, 1913"
development,15,Days,TRAIND003569,egg,adult,Aphidius_platensis,"Aphidius platensis Brethes, 1913"
development,"",Days,TRAIND003570,egg,adult,Aphidius_platensis,"Aphidius platensis Brethes, 1913"
development,"",Days,TRAIND003571,egg,adult,Aphidius_platensis,"Aphidius platensis Brethes, 1913"
development,15,Days,TRAIND003572,egg,adult,Aphidius_platensis,"Aphidius platensis Brethes, 1913"
development,12,Days,TRAIND003573,egg,adult,Aphidius_platensis,"Aphidius platensis Brethes, 1913"
development,12.5,Days,TRAIND003574,egg,adult,Aphidius_platensis,"Aphidius platensis Brethes, 1913"
development,13.5,Days,TRAIND003575,egg,adult,Aphidius_platensis,"Aphidius platensis Brethes, 1913"
development,13,Days,TRAIND003576,egg,adult,Aphidius_platensis,"Aphidius platensis Brethes, 1913"
development,13,Days,TRAIND003577,egg,adult,Aphidius_platensis,"Aphidius platensis Brethes, 1913"
development,14,Days,TRAIND003578,egg,adult,Aphidius_platensis,"Aphidius platensis Brethes, 1913"
development,13,Days,TRAIND003579,egg,adult,Aphidius_platensis,"Aphidius platensis Brethes, 1913"
development,14,Days,TRAIND003580,egg,adult,Aphidius_platensis,"Aphidius platensis Brethes, 1913"
development,12,Days,TRAIND003581,egg,adult,Aphidius_platensis,"Aphidius platensis Brethes, 1913"
development,13,Days,TRAIND003582,egg,adult,Aphidius_platensis,"Aphidius platensis Brethes, 1913"
development,14,Days,TRAIND003583,egg,adult,Aphidius_platensis,"Aphidius platensis Brethes, 1913"
development,12.5,Days,TRAIND003584,egg,adult,Aphidius_platensis,"Aphidius platensis Brethes, 1913"
development,14.5,Days,TRAIND003585,egg,adult,Aphidius_platensis,"Aphidius platensis Brethes, 1913"
development,"",Days,TRAIND003586,egg,adult,Aphidius_platensis,"Aphidius platensis Brethes, 1913"
development,13,Days,TRAIND003587,egg,adult,Aphidius_platensis,"Aphidius platensis Brethes, 1913"
development,14,Days,TRAIND003588,egg,adult,Aphidius_platensis,"Aphidius platensis Brethes, 1913"
development,13,Days,TRAIND003589,egg,adult,Aphidius_platensis,"Aphidius platensis Brethes, 1913"
development,14,Days,TRAIND003590,egg,adult,Aphidius_platensis,"Aphidius platensis Brethes, 1913"
development,13,Days,TRAIND003591,egg,adult,Aphidius_platensis,"Aphidius platensis Brethes, 1913"
development,14,Days,TRAIND003592,egg,adult,Aphidius_platensis,"Aphidius platensis Brethes, 1913"
development,13,Days,TRAIND003593,egg,adult,Aphidius_platensis,"Aphidius platensis Brethes, 1913"
development,13.5,Days,TRAIND003594,egg,adult,Aphidius_platensis,"Aphidius platensis Brethes, 1913"
development,13,Days,TRAIND003595,egg,adult,Aphidius_platensis,"Aphidius platensis Brethes, 1913"
development,13,Days,TRAIND003596,egg,adult,Aphidius_platensis,"Aphidius platensis Brethes, 1913"
development,14,Days,TRAIND003597,egg,adult,Aphidius_platensis,"Aphidius platensis Brethes, 1913"
development,13,Days,TRAIND003598,egg,adult,Aphidius_platensis,"Aphidius platensis Brethes, 1913"
development,13,Days,TRAIND003599,egg,adult,Aphidius_platensis,"Aphidius platensis Brethes, 1913"
development,12,Days,TRAIND003600,egg,adult,Aphidius_platensis,"Aphidius platensis Brethes, 1913"
development,13,Days,TRAIND003601,egg,adult,Aphidius_platensis,"Aphidius platensis Brethes, 1913"
development,12,Days,TRAIND003602,egg,adult,Aphidius_platensis,"Aphidius platensis Brethes, 1913"
development,13,Days,TRAIND003603,egg,adult,Aphidius_platensis,"Aphidius platensis Brethes, 1913"
development,14,Days,TRAIND003604,egg,adult,Aphidius_platensis,"Aphidius platensis Brethes, 1913"
development,13.5,Days,TRAIND003605,egg,adult,Aphidius_platensis,"Aphidius platensis Brethes, 1913"
development,13,Days,TRAIND003606,egg,adult,Aphidius_platensis,"Aphidius platensis Brethes, 1913"
development,13,Days,TRAIND003607,egg,adult,Aphidius_platensis,"Aphidius platensis Brethes, 1913"
development,"",Days,TRAIND003608,egg,adult,Aphidius_platensis,"Aphidius platensis Brethes, 1913"
development,13,Days,TRAIND003609,egg,adult,Aphidius_platensis,"Aphidius platensis Brethes, 1913"
development,13,Days,TRAIND003610,egg,adult,Aphidius_platensis,"Aphidius platensis Brethes, 1913"
development,13,Days,TRAIND003611,egg,adult,Aphidius_platensis,"Aphidius platensis Brethes, 1913"
development,14,Days,TRAIND003612,egg,adult,Aphidius_platensis,"Aphidius platensis Brethes, 1913"
development,12,Days,TRAIND003613,egg,adult,Aphidius_platensis,"Aphidius platensis Brethes, 1913"
development,12,Days,TRAIND003614,egg,adult,Aphidius_platensis,"Aphidius platensis Brethes, 1913"
development,13.5,Days,TRAIND003615,egg,adult,Aphidius_platensis,"Aphidius platensis Brethes, 1913"
development,13,Days,TRAIND003616,egg,adult,Aphidius_platensis,"Aphidius platensis Brethes, 1913"
development,14,Days,TRAIND003617,egg,adult,Aphidius_platensis,"Aphidius platensis Brethes, 1913"
development,"",Days,TRAIND003618,egg,adult,Aphidius_platensis,"Aphidius platensis Brethes, 1913"
development,13,Days,TRAIND003619,egg,adult,Aphidius_platensis,"Aphidius platensis Brethes, 1913"
development,13,Days,TRAIND003620,egg,adult,Aphidius_platensis,"Aphidius platensis Brethes, 1913"
development,15,Days,TRAIND003621,egg,adult,Aphidius_platensis,"Aphidius platensis Brethes, 1913"
development,13,Days,TRAIND003622,egg,adult,Aphidius_platensis,"Aphidius platensis Brethes, 1913"
development,13,Days,TRAIND003623,egg,adult,Aphidius_platensis,"Aphidius platensis Brethes, 1913"
development,16,Days,TRAIND003624,egg,adult,Aphidius_platensis,"Aphidius platensis Brethes, 1913"
development,12,Days,TRAIND003625,egg,adult,Aphidius_platensis,"Aphidius platensis Brethes, 1913"
development,15,Days,TRAIND003626,egg,adult,Aphidius_platensis,"Aphidius platensis Brethes, 1913"
development,13,Days,TRAIND003627,egg,adult,Aphidius_platensis,"Aphidius platensis Brethes, 1913"
development,13,Days,TRAIND003628,egg,adult,Aphidius_platensis,"Aphidius platensis Brethes, 1913"
development,13,Days,TRAIND003629,egg,adult,Aphidius_platensis,"Aphidius platensis Brethes, 1913"
development,13,Days,TRAIND003630,egg,adult,Aphidius_platensis,"Aphidius platensis Brethes, 1913"
development,13,Days,TRAIND003631,egg,adult,Aphidius_platensis,"Aphidius platensis Brethes, 1913"
development,13.5,Days,TRAIND003632,egg,adult,Aphidius_platensis,"Aphidius platensis Brethes, 1913"
development,13.5,Days,TRAIND003633,egg,adult,Aphidius_platensis,"Aphidius platensis Brethes, 1913"
development,14,Days,TRAIND003634,egg,adult,Aphidius_platensis,"Aphidius platensis Brethes, 1913"
development,14,Days,TRAIND003635,egg,adult,Aphidius_platensis,"Aphidius platensis Brethes, 1913"
development,15,Days,TRAIND003636,egg,adult,Aphidius_platensis,"Aphidius platensis Brethes, 1913"
development,17,Days,TRAIND003637,egg,adult,Aphidius_platensis,"Aphidius platensis Brethes, 1913"
development,12,Days,TRAIND003638,egg,adult,Aphidius_platensis,"Aphidius platensis Brethes, 1913"
development,12.5,Days,TRAIND003639,egg,adult,Aphidius_platensis,"Aphidius platensis Brethes, 1913"
development,13,Days,TRAIND003640,egg,adult,Aphidius_platensis,"Aphidius platensis Brethes, 1913"
development,13,Days,TRAIND003641,egg,adult,Aphidius_platensis,"Aphidius platensis Brethes, 1913"
development,14,Days,TRAIND003642,egg,adult,Aphidius_platensis,"Aphidius platensis Brethes, 1913"
development,"",Days,TRAIND003643,egg,adult,Aphidius_platensis,"Aphidius platensis Brethes, 1913"
development,16,Days,TRAIND003644,egg,adult,Aphidius_platensis,"Aphidius platensis Brethes, 1913"
development,13,Days,TRAIND003645,egg,adult,Aphidius_platensis,"Aphidius platensis Brethes, 1913"
development,14.5,Days,TRAIND003646,egg,adult,Aphidius_platensis,"Aphidius platensis Brethes, 1913"
development,14.5,Days,TRAIND003647,egg,adult,Aphidius_platensis,"Aphidius platensis Brethes, 1913"
development,14,Days,TRAIND003648,egg,adult,Aphidius_platensis,"Aphidius platensis Brethes, 1913"
development,14,Days,TRAIND003649,egg,adult,Aphidius_platensis,"Aphidius platensis Brethes, 1913"
development,14,Days,TRAIND003650,egg,adult,Aphidius_platensis,"Aphidius platensis Brethes, 1913"
development,14,Days,TRAIND003651,egg,adult,Aphidius_platensis,"Aphidius platensis Brethes, 1913"
development,14,Days,TRAIND003652,egg,adult,Aphidius_platensis,"Aphidius platensis Brethes, 1913"
development,14,Days,TRAIND003653,egg,adult,Aphidius_platensis,"Aphidius platensis Brethes, 1913"
development,12.5,Days,TRAIND003654,egg,adult,Aphidius_platensis,"Aphidius platensis Brethes, 1913"
development,12,Days,TRAIND003655,egg,adult,Aphidius_platensis,"Aphidius platensis Brethes, 1913"
development,12,Days,TRAIND003656,egg,adult,Aphidius_platensis,"Aphidius platensis Brethes, 1913"
development,13.5,Days,TRAIND003657,egg,adult,Aphidius_platensis,"Aphidius platensis Brethes, 1913"
development,14,Days,TRAIND003658,egg,adult,Aphidius_platensis,"Aphidius platensis Brethes, 1913"
development,14,Days,TRAIND003659,egg,adult,Aphidius_platensis,"Aphidius platensis Brethes, 1913"
development,14,Days,TRAIND003660,egg,adult,Aphidius_platensis,"Aphidius platensis Brethes, 1913"
development,"",Days,TRAIND003661,egg,adult,Aphidius_platensis,"Aphidius platensis Brethes, 1913"
development,14.5,Days,TRAIND003662,egg,adult,Aphidius_platensis,"Aphidius platensis Brethes, 1913"
development,12.5,Days,TRAIND003663,egg,adult,Aphidius_platensis,"Aphidius platensis Brethes, 1913"
development,12.5,Days,TRAIND003664,egg,adult,Aphidius_platensis,"Aphidius platensis Brethes, 1913"
development,12,Days,TRAIND003665,egg,adult,Aphidius_platensis,"Aphidius platensis Brethes, 1913"
development,12.5,Days,TRAIND003666,egg,adult,Aphidius_platensis,"Aphidius platensis Brethes, 1913"
development,12.5,Days,TRAIND003667,egg,adult,Aphidius_platensis,"Aphidius platensis Brethes, 1913"
development,14,Days,TRAIND003668,egg,adult,Aphidius_platensis,"Aphidius platensis Brethes, 1913"
development,14,Days,TRAIND003669,egg,adult,Aphidius_platensis,"Aphidius platensis Brethes, 1913"
development,14.5,Days,TRAIND003670,egg,adult,Aphidius_platensis,"Aphidius platensis Brethes, 1913"
development,15.5,Days,TRAIND003671,egg,adult,Aphidius_platensis,"Aphidius platensis Brethes, 1913"
development,11.5,Days,TRAIND003672,egg,adult,Aphidius_platensis,"Aphidius platensis Brethes, 1913"
development,12,Days,TRAIND003673,egg,adult,Aphidius_platensis,"Aphidius platensis Brethes, 1913"
development,13,Days,TRAIND003674,egg,adult,Aphidius_platensis,"Aphidius platensis Brethes, 1913"
development,"",Days,TRAIND003675,egg,adult,Aphidius_platensis,"Aphidius platensis Brethes, 1913"
development,14,Days,TRAIND003676,egg,adult,Aphidius_platensis,"Aphidius platensis Brethes, 1913"
development,14,Days,TRAIND003677,egg,adult,Aphidius_platensis,"Aphidius platensis Brethes, 1913"
development,13,Days,TRAIND003678,egg,adult,Aphidius_platensis,"Aphidius platensis Brethes, 1913"
development,15,Days,TRAIND003679,egg,adult,Aphidius_platensis,"Aphidius platensis Brethes, 1913"
development,14.5,Days,TRAIND003680,egg,adult,Aphidius_platensis,"Aphidius platensis Brethes, 1913"
development,14.5,Days,TRAIND003681,egg,adult,Aphidius_platensis,"Aphidius platensis Brethes, 1913"
development,15.5,Days,TRAIND003682,egg,adult,Aphidius_platensis,"Aphidius platensis Brethes, 1913"
development,14.5,Days,TRAIND003683,egg,adult,Aphidius_platensis,"Aphidius platensis Brethes, 1913"
development,13,Days,TRAIND003684,egg,adult,Aphidius_platensis,"Aphidius platensis Brethes, 1913"
development,12,Days,TRAIND003685,egg,adult,Aphidius_platensis,"Aphidius platensis Brethes, 1913"
development,13.5,Days,TRAIND003686,egg,adult,Aphidius_platensis,"Aphidius platensis Brethes, 1913"
development,13,Days,TRAIND003687,egg,adult,Aphidius_platensis,"Aphidius platensis Brethes, 1913"
development,14.5,Days,TRAIND003688,egg,adult,Aphidius_platensis,"Aphidius platensis Brethes, 1913"
development,"",Days,TRAIND003689,egg,adult,Aphidius_platensis,"Aphidius platensis Brethes, 1913"
development,15,Days,TRAIND003690,egg,adult,Aphidius_platensis,"Aphidius platensis Brethes, 1913"
development,14,Days,TRAIND003691,egg,adult,Aphidius_platensis,"Aphidius platensis Brethes, 1913"
development,13,Days,TRAIND003692,egg,adult,Aphidius_platensis,"Aphidius platensis Brethes, 1913"
development,15,Days,TRAIND003693,egg,adult,Aphidius_platensis,"Aphidius platensis Brethes, 1913"
development,11,Days,TRAIND005967,egg,adult,Aphidius_colemani,"Aphidius colemani Viereck, 1912"
development,11,Days,TRAIND005968,egg,adult,Aphidius_colemani,"Aphidius colemani Viereck, 1912"
development,12,Days,TRAIND005969,egg,adult,Aphidius_colemani,"Aphidius colemani Viereck, 1912"
development,11,Days,TRAIND005970,egg,adult,Aphidius_colemani,"Aphidius colemani Viereck, 1912"
development,11,Days,TRAIND005971,egg,adult,Aphidius_colemani,"Aphidius colemani Viereck, 1912"
development,11,Days,TRAIND005972,egg,adult,Aphidius_colemani,"Aphidius colemani Viereck, 1912"
development,11,Days,TRAIND005973,egg,adult,Aphidius_colemani,"Aphidius colemani Viereck, 1912"
development,11,Days,TRAIND005974,egg,adult,Aphidius_colemani,"Aphidius colemani Viereck, 1912"
development,11,Days,TRAIND005975,egg,adult,Aphidius_colemani,"Aphidius colemani Viereck, 1912"
development,11,Days,TRAIND005976,egg,adult,Aphidius_colemani,"Aphidius colemani Viereck, 1912"
development,12,Days,TRAIND005977,egg,adult,Aphidius_colemani,"Aphidius colemani Viereck, 1912"
development,12,Days,TRAIND005978,egg,adult,Aphidius_colemani,"Aphidius colemani Viereck, 1912"
development,12,Days,TRAIND005979,egg,adult,Aphidius_colemani,"Aphidius colemani Viereck, 1912"
development,12,Days,TRAIND005980,egg,adult,Aphidius_colemani,"Aphidius colemani Viereck, 1912"
development,11,Days,TRAIND005981,egg,adult,Aphidius_colemani,"Aphidius colemani Viereck, 1912"
development,11,Days,TRAIND005982,egg,adult,Aphidius_colemani,"Aphidius colemani Viereck, 1912"
development,12,Days,TRAIND005983,egg,adult,Aphidius_colemani,"Aphidius colemani Viereck, 1912"
development,12,Days,TRAIND005984,egg,adult,Aphidius_colemani,"Aphidius colemani Viereck, 1912"
development,12,Days,TRAIND005985,egg,adult,Aphidius_colemani,"Aphidius colemani Viereck, 1912"
development,13,Days,TRAIND005986,egg,adult,Aphidius_colemani,"Aphidius colemani Viereck, 1912"
development,12,Days,TRAIND005987,egg,adult,Aphidius_colemani,"Aphidius colemani Viereck, 1912"
development,12,Days,TRAIND005988,egg,adult,Aphidius_colemani,"Aphidius colemani Viereck, 1912"
development,12,Days,TRAIND005989,egg,adult,Aphidius_colemani,"Aphidius colemani Viereck, 1912"
development,12,Days,TRAIND005990,egg,adult,Aphidius_colemani,"Aphidius colemani Viereck, 1912"
development,12,Days,TRAIND005991,egg,adult,Aphidius_colemani,"Aphidius colemani Viereck, 1912"
development,12,Days,TRAIND005992,egg,adult,Aphidius_colemani,"Aphidius colemani Viereck, 1912"
development,11,Days,TRAIND005993,egg,adult,Aphidius_colemani,"Aphidius colemani Viereck, 1912"
development,11,Days,TRAIND005994,egg,adult,Aphidius_colemani,"Aphidius colemani Viereck, 1912"
development,12,Days,TRAIND005995,egg,adult,Aphidius_colemani,"Aphidius colemani Viereck, 1912"
development,12,Days,TRAIND005996,egg,adult,Aphidius_colemani,"Aphidius colemani Viereck, 1912"
development,12,Days,TRAIND005997,egg,adult,Aphidius_colemani,"Aphidius colemani Viereck, 1912"
development,13,Days,TRAIND005998,egg,adult,Aphidius_colemani,"Aphidius colemani Viereck, 1912"
development,11,Days,TRAIND005999,egg,adult,Aphidius_colemani,"Aphidius colemani Viereck, 1912"
development,11,Days,TRAIND006000,egg,adult,Aphidius_colemani,"Aphidius colemani Viereck, 1912"
development,12,Days,TRAIND006001,egg,adult,Aphidius_colemani,"Aphidius colemani Viereck, 1912"
development,11,Days,TRAIND006002,egg,adult,Aphidius_colemani,"Aphidius colemani Viereck, 1912"
development,13,Days,TRAIND006003,egg,adult,Aphidius_colemani,"Aphidius colemani Viereck, 1912"
development,12,Days,TRAIND006004,egg,adult,Aphidius_colemani,"Aphidius colemani Viereck, 1912"
development,12,Days,TRAIND006005,egg,adult,Aphidius_colemani,"Aphidius colemani Viereck, 1912"
development,12,Days,TRAIND006006,egg,adult,Aphidius_colemani,"Aphidius colemani Viereck, 1912"
development,13,Days,TRAIND006007,egg,adult,Aphidius_colemani,"Aphidius colemani Viereck, 1912"
development,12,Days,TRAIND006008,egg,adult,Aphidius_colemani,"Aphidius colemani Viereck, 1912"
development,11,Days,TRAIND006009,egg,adult,Aphidius_colemani,"Aphidius colemani Viereck, 1912"
development,12,Days,TRAIND006010,egg,adult,Aphidius_colemani,"Aphidius colemani Viereck, 1912"
development,12,Days,TRAIND006011,egg,adult,Aphidius_colemani,"Aphidius colemani Viereck, 1912"
development,13,Days,TRAIND006012,egg,adult,Aphidius_colemani,"Aphidius colemani Viereck, 1912"
development,12,Days,TRAIND006013,egg,adult,Aphidius_colemani,"Aphidius colemani Viereck, 1912"
development,12,Days,TRAIND006014,egg,adult,Aphidius_colemani,"Aphidius colemani Viereck, 1912"
development,12,Days,TRAIND006015,egg,adult,Aphidius_colemani,"Aphidius colemani Viereck, 1912"
development,12,Days,TRAIND006016,egg,adult,Aphidius_colemani,"Aphidius colemani Viereck, 1912"
development,11,Days,TRAIND006017,egg,adult,Aphidius_colemani,"Aphidius colemani Viereck, 1912"
development,11,Days,TRAIND006018,egg,adult,Aphidius_colemani,"Aphidius colemani Viereck, 1912"
development,11,Days,TRAIND006019,egg,adult,Aphidius_colemani,"Aphidius colemani Viereck, 1912"
development,11,Days,TRAIND006020,egg,adult,Aphidius_colemani,"Aphidius colemani Viereck, 1912"
development,11,Days,TRAIND006021,egg,adult,Aphidius_colemani,"Aphidius colemani Viereck, 1912"
development,11,Days,TRAIND006022,egg,adult,Aphidius_colemani,"Aphidius colemani Viereck, 1912"
development,11,Days,TRAIND006023,egg,adult,Aphidius_colemani,"Aphidius colemani Viereck, 1912"
development,11,Days,TRAIND006024,egg,adult,Aphidius_colemani,"Aphidius colemani Viereck, 1912"
development,11,Days,TRAIND006025,egg,adult,Aphidius_colemani,"Aphidius colemani Viereck, 1912"
development,11,Days,TRAIND006026,egg,adult,Aphidius_colemani,"Aphidius colemani Viereck, 1912"
development,11,Days,TRAIND006027,egg,adult,Aphidius_colemani,"Aphidius colemani Viereck, 1912"
development,11,Days,TRAIND006028,egg,adult,Aphidius_colemani,"Aphidius colemani Viereck, 1912"
development,12,Days,TRAIND006029,egg,adult,Aphidius_colemani,"Aphidius colemani Viereck, 1912"
development,11,Days,TRAIND006030,egg,adult,Aphidius_colemani,"Aphidius colemani Viereck, 1912"
development,11,Days,TRAIND006031,egg,adult,Aphidius_colemani,"Aphidius colemani Viereck, 1912"
development,12,Days,TRAIND006032,egg,adult,Aphidius_colemani,"Aphidius colemani Viereck, 1912"
development,11,Days,TRAIND006033,egg,adult,Aphidius_colemani,"Aphidius colemani Viereck, 1912"
development,12,Days,TRAIND006034,egg,adult,Aphidius_colemani,"Aphidius colemani Viereck, 1912"
development,12,Days,TRAIND006035,egg,adult,Aphidius_colemani,"Aphidius colemani Viereck, 1912"
development,11,Days,TRAIND006036,egg,adult,Aphidius_colemani,"Aphidius colemani Viereck, 1912"
development,12,Days,TRAIND006037,egg,adult,Aphidius_colemani,"Aphidius colemani Viereck, 1912"
development,12,Days,TRAIND006038,egg,adult,Aphidius_colemani,"Aphidius colemani Viereck, 1912"
development,11,Days,TRAIND006039,egg,adult,Aphidius_colemani,"Aphidius colemani Viereck, 1912"
development,11,Days,TRAIND006040,egg,adult,Aphidius_colemani,"Aphidius colemani Viereck, 1912"
development,11,Days,TRAIND006041,egg,adult,Aphidius_colemani,"Aphidius colemani Viereck, 1912"
development,12,Days,TRAIND006042,egg,adult,Aphidius_colemani,"Aphidius colemani Viereck, 1912"
development,11,Days,TRAIND006043,egg,adult,Aphidius_colemani,"Aphidius colemani Viereck, 1912"
development,11,Days,TRAIND006044,egg,adult,Aphidius_colemani,"Aphidius colemani Viereck, 1912"
development,12,Days,TRAIND006045,egg,adult,Aphidius_colemani,"Aphidius colemani Viereck, 1912"
development,11,Days,TRAIND006046,egg,adult,Aphidius_colemani,"Aphidius colemani Viereck, 1912"
development,11,Days,TRAIND006047,egg,adult,Aphidius_colemani,"Aphidius colemani Viereck, 1912"
development,12,Days,TRAIND006048,egg,adult,Aphidius_colemani,"Aphidius colemani Viereck, 1912"
development,12,Days,TRAIND006049,egg,adult,Aphidius_colemani,"Aphidius colemani Viereck, 1912"
development,11,Days,TRAIND006050,egg,adult,Aphidius_colemani,"Aphidius colemani Viereck, 1912"
development,12,Days,TRAIND006051,egg,adult,Aphidius_colemani,"Aphidius colemani Viereck, 1912"
development,12,Days,TRAIND006052,egg,adult,Aphidius_colemani,"Aphidius colemani Viereck, 1912"
development,16,Days,TRAIND006053,egg,adult,Aphidius_colemani,"Aphidius colemani Viereck, 1912"
development,16,Days,TRAIND006054,egg,adult,Aphidius_colemani,"Aphidius colemani Viereck, 1912"
development,15,Days,TRAIND006055,egg,adult,Aphidius_colemani,"Aphidius colemani Viereck, 1912"
development,14,Days,TRAIND006056,egg,adult,Aphidius_colemani,"Aphidius colemani Viereck, 1912"
development,14,Days,TRAIND006057,egg,adult,Aphidius_colemani,"Aphidius colemani Viereck, 1912"
development,15,Days,TRAIND006058,egg,adult,Aphidius_colemani,"Aphidius colemani Viereck, 1912"
development,14,Days,TRAIND006059,egg,adult,Aphidius_colemani,"Aphidius colemani Viereck, 1912"
development,14,Days,TRAIND006060,egg,adult,Aphidius_colemani,"Aphidius colemani Viereck, 1912"
development,14,Days,TRAIND006061,egg,adult,Aphidius_colemani,"Aphidius colemani Viereck, 1912"
development,14,Days,TRAIND006062,egg,adult,Aphidius_colemani,"Aphidius colemani Viereck, 1912"
development,14,Days,TRAIND006063,egg,adult,Aphidius_colemani,"Aphidius colemani Viereck, 1912"
development,14,Days,TRAIND006064,egg,adult,Aphidius_colemani,"Aphidius colemani Viereck, 1912"
development,14,Days,TRAIND006065,egg,adult,Aphidius_colemani,"Aphidius colemani Viereck, 1912"
development,15,Days,TRAIND006066,egg,adult,Aphidius_colemani,"Aphidius colemani Viereck, 1912"
development,14,Days,TRAIND006067,egg,adult,Aphidius_colemani,"Aphidius colemani Viereck, 1912"
development,15,Days,TRAIND006068,egg,adult,Aphidius_colemani,"Aphidius colemani Viereck, 1912"
development,15,Days,TRAIND006069,egg,adult,Aphidius_colemani,"Aphidius colemani Viereck, 1912"
development,15,Days,TRAIND006070,egg,adult,Aphidius_colemani,"Aphidius colemani Viereck, 1912"
development,14,Days,TRAIND006071,egg,adult,Aphidius_colemani,"Aphidius colemani Viereck, 1912"
development,15,Days,TRAIND006072,egg,adult,Aphidius_colemani,"Aphidius colemani Viereck, 1912"
development,15,Days,TRAIND006073,egg,adult,Aphidius_colemani,"Aphidius colemani Viereck, 1912"
development,15,Days,TRAIND006074,egg,adult,Aphidius_colemani,"Aphidius colemani Viereck, 1912"
development,15,Days,TRAIND006075,egg,adult,Aphidius_colemani,"Aphidius colemani Viereck, 1912"
development,15,Days,TRAIND006076,egg,adult,Aphidius_colemani,"Aphidius colemani Viereck, 1912"
development,14,Days,TRAIND006077,egg,adult,Aphidius_colemani,"Aphidius colemani Viereck, 1912"
development,14,Days,TRAIND006078,egg,adult,Aphidius_colemani,"Aphidius colemani Viereck, 1912"
development,14,Days,TRAIND006079,egg,adult,Aphidius_colemani,"Aphidius colemani Viereck, 1912"
development,14,Days,TRAIND006080,egg,adult,Aphidius_colemani,"Aphidius colemani Viereck, 1912"
development,14,Days,TRAIND006081,egg,adult,Aphidius_colemani,"Aphidius colemani Viereck, 1912"
development,15,Days,TRAIND006082,egg,adult,Aphidius_colemani,"Aphidius colemani Viereck, 1912"
development,15,Days,TRAIND006083,egg,adult,Aphidius_colemani,"Aphidius colemani Viereck, 1912"
development,14,Days,TRAIND006084,egg,adult,Aphidius_colemani,"Aphidius colemani Viereck, 1912"
development,14,Days,TRAIND006085,egg,adult,Aphidius_colemani,"Aphidius colemani Viereck, 1912"
development,15,Days,TRAIND006086,egg,adult,Aphidius_colemani,"Aphidius colemani Viereck, 1912"
development,14,Days,TRAIND006087,egg,adult,Aphidius_colemani,"Aphidius colemani Viereck, 1912"
development,15,Days,TRAIND006088,egg,adult,Aphidius_colemani,"Aphidius colemani Viereck, 1912"
development,15,Days,TRAIND006089,egg,adult,Aphidius_colemani,"Aphidius colemani Viereck, 1912"
development,15,Days,TRAIND006090,egg,adult,Aphidius_colemani,"Aphidius colemani Viereck, 1912"
development,15,Days,TRAIND006091,egg,adult,Aphidius_colemani,"Aphidius colemani Viereck, 1912"
development,15,Days,TRAIND006092,egg,adult,Aphidius_colemani,"Aphidius colemani Viereck, 1912"
development,15,Days,TRAIND006093,egg,adult,Aphidius_colemani,"Aphidius colemani Viereck, 1912"
development,14,Days,TRAIND006094,egg,adult,Aphidius_colemani,"Aphidius colemani Viereck, 1912"
development,14,Days,TRAIND006095,egg,adult,Aphidius_colemani,"Aphidius colemani Viereck, 1912"
development,15,Days,TRAIND006096,egg,adult,Aphidius_colemani,"Aphidius colemani Viereck, 1912"
development,14,Days,TRAIND006097,egg,adult,Aphidius_colemani,"Aphidius colemani Viereck, 1912"
development,14,Days,TRAIND006098,egg,adult,Aphidius_colemani,"Aphidius colemani Viereck, 1912"
development,15,Days,TRAIND006099,egg,adult,Aphidius_colemani,"Aphidius colemani Viereck, 1912"
development,15,Days,TRAIND006100,egg,adult,Aphidius_colemani,"Aphidius colemani Viereck, 1912"
development,14,Days,TRAIND006101,egg,adult,Aphidius_colemani,"Aphidius colemani Viereck, 1912"
development,15,Days,TRAIND006102,egg,adult,Aphidius_colemani,"Aphidius colemani Viereck, 1912"
development,14,Days,TRAIND006103,egg,adult,Aphidius_colemani,"Aphidius colemani Viereck, 1912"
development,15,Days,TRAIND006104,egg,adult,Aphidius_colemani,"Aphidius colemani Viereck, 1912"
development,15,Days,TRAIND006105,egg,adult,Aphidius_colemani,"Aphidius colemani Viereck, 1912"
development,14,Days,TRAIND006106,egg,adult,Aphidius_colemani,"Aphidius colemani Viereck, 1912"
development,15,Days,TRAIND006107,egg,adult,Aphidius_colemani,"Aphidius colemani Viereck, 1912"
development,14,Days,TRAIND006108,egg,adult,Aphidius_colemani,"Aphidius colemani Viereck, 1912"
development,15,Days,TRAIND006109,egg,adult,Aphidius_colemani,"Aphidius colemani Viereck, 1912"
development,14,Days,TRAIND006110,egg,adult,Aphidius_colemani,"Aphidius colemani Viereck, 1912"
development,14,Days,TRAIND006111,egg,adult,Aphidius_colemani,"Aphidius colemani Viereck, 1912"
development,14,Days,TRAIND006112,egg,adult,Aphidius_colemani,"Aphidius colemani Viereck, 1912"
development,14,Days,TRAIND006113,egg,adult,Aphidius_colemani,"Aphidius colemani Viereck, 1912"
development,15,Days,TRAIND006114,egg,adult,Aphidius_colemani,"Aphidius colemani Viereck, 1912"
development,14,Days,TRAIND006115,egg,adult,Aphidius_colemani,"Aphidius colemani Viereck, 1912"
development,14,Days,TRAIND006116,egg,adult,Aphidius_colemani,"Aphidius colemani Viereck, 1912"
development,14,Days,TRAIND006117,egg,adult,Aphidius_colemani,"Aphidius colemani Viereck, 1912"
development,14,Days,TRAIND006118,egg,adult,Aphidius_colemani,"Aphidius colemani Viereck, 1912"
development,49,Days,TRAIND006119,egg,adult,Aphidius_colemani,"Aphidius colemani Viereck, 1912"
development,44,Days,TRAIND006120,egg,adult,Aphidius_colemani,"Aphidius colemani Viereck, 1912"
development,44,Days,TRAIND006121,egg,adult,Aphidius_colemani,"Aphidius colemani Viereck, 1912"
development,44,Days,TRAIND006122,egg,adult,Aphidius_colemani,"Aphidius colemani Viereck, 1912"
development,44,Days,TRAIND006123,egg,adult,Aphidius_colemani,"Aphidius colemani Viereck, 1912"
development,44,Days,TRAIND006124,egg,adult,Aphidius_colemani,"Aphidius colemani Viereck, 1912"
development,44,Days,TRAIND006125,egg,adult,Aphidius_colemani,"Aphidius colemani Viereck, 1912"
development,44,Days,TRAIND006126,egg,adult,Aphidius_colemani,"Aphidius colemani Viereck, 1912"
development,38,Days,TRAIND006127,egg,adult,Aphidius_colemani,"Aphidius colemani Viereck, 1912"
development,39,Days,TRAIND006128,egg,adult,Aphidius_colemani,"Aphidius colemani Viereck, 1912"
development,39,Days,TRAIND006129,egg,adult,Aphidius_colemani,"Aphidius colemani Viereck, 1912"
development,39,Days,TRAIND006130,egg,adult,Aphidius_colemani,"Aphidius colemani Viereck, 1912"
development,39,Days,TRAIND006131,egg,adult,Aphidius_colemani,"Aphidius colemani Viereck, 1912"
development,39,Days,TRAIND006132,egg,adult,Aphidius_colemani,"Aphidius colemani Viereck, 1912"
development,39,Days,TRAIND006133,egg,adult,Aphidius_colemani,"Aphidius colemani Viereck, 1912"
development,39,Days,TRAIND006134,egg,adult,Aphidius_colemani,"Aphidius colemani Viereck, 1912"
development,39,Days,TRAIND006135,egg,adult,Aphidius_colemani,"Aphidius colemani Viereck, 1912"
development,39,Days,TRAIND006136,egg,adult,Aphidius_colemani,"Aphidius colemani Viereck, 1912"
development,40,Days,TRAIND006137,egg,adult,Aphidius_colemani,"Aphidius colemani Viereck, 1912"
development,40,Days,TRAIND006138,egg,adult,Aphidius_colemani,"Aphidius colemani Viereck, 1912"
development,40,Days,TRAIND006139,egg,adult,Aphidius_colemani,"Aphidius colemani Viereck, 1912"
development,40,Days,TRAIND006140,egg,adult,Aphidius_colemani,"Aphidius colemani Viereck, 1912"
development,40,Days,TRAIND006141,egg,adult,Aphidius_colemani,"Aphidius colemani Viereck, 1912"
development,40,Days,TRAIND006142,egg,adult,Aphidius_colemani,"Aphidius colemani Viereck, 1912"
development,40,Days,TRAIND006143,egg,adult,Aphidius_colemani,"Aphidius colemani Viereck, 1912"
development,40,Days,TRAIND006144,egg,adult,Aphidius_colemani,"Aphidius colemani Viereck, 1912"
development,40,Days,TRAIND006145,egg,adult,Aphidius_colemani,"Aphidius colemani Viereck, 1912"
development,40,Days,TRAIND006146,egg,adult,Aphidius_colemani,"Aphidius colemani Viereck, 1912"
development,40,Days,TRAIND006147,egg,adult,Aphidius_colemani,"Aphidius colemani Viereck, 1912"
development,40,Days,TRAIND006148,egg,adult,Aphidius_colemani,"Aphidius colemani Viereck, 1912"
development,40,Days,TRAIND006149,egg,adult,Aphidius_colemani,"Aphidius colemani Viereck, 1912"
development,40,Days,TRAIND006150,egg,adult,Aphidius_colemani,"Aphidius colemani Viereck, 1912"
development,40,Days,TRAIND006151,egg,adult,Aphidius_colemani,"Aphidius colemani Viereck, 1912"
development,40,Days,TRAIND006152,egg,adult,Aphidius_colemani,"Aphidius colemani Viereck, 1912"
development,40,Days,TRAIND006153,egg,adult,Aphidius_colemani,"Aphidius colemani Viereck, 1912"
development,42,Days,TRAIND006154,egg,adult,Aphidius_colemani,"Aphidius colemani Viereck, 1912"
development,43,Days,TRAIND006155,egg,adult,Aphidius_colemani,"Aphidius colemani Viereck, 1912"
development,43,Days,TRAIND006156,egg,adult,Aphidius_colemani,"Aphidius colemani Viereck, 1912"
development,44,Days,TRAIND006157,egg,adult,Aphidius_colemani,"Aphidius colemani Viereck, 1912"
development,45,Days,TRAIND006158,egg,adult,Aphidius_colemani,"Aphidius colemani Viereck, 1912"
development,45,Days,TRAIND006159,egg,adult,Aphidius_colemani,"Aphidius colemani Viereck, 1912"
development,48,Days,TRAIND006160,egg,adult,Aphidius_colemani,"Aphidius colemani Viereck, 1912"
development,43,Days,TRAIND006161,egg,adult,Aphidius_colemani,"Aphidius colemani Viereck, 1912"
development,42,Days,TRAIND006162,egg,adult,Aphidius_colemani,"Aphidius colemani Viereck, 1912"
development,44,Days,TRAIND006163,egg,adult,Aphidius_colemani,"Aphidius colemani Viereck, 1912"
development,40,Days,TRAIND006164,egg,adult,Aphidius_colemani,"Aphidius colemani Viereck, 1912"
development,40,Days,TRAIND006165,egg,adult,Aphidius_colemani,"Aphidius colemani Viereck, 1912"
development,40,Days,TRAIND006166,egg,adult,Aphidius_colemani,"Aphidius colemani Viereck, 1912"
development,41,Days,TRAIND006167,egg,adult,Aphidius_colemani,"Aphidius colemani Viereck, 1912"
development,40,Days,TRAIND006168,egg,adult,Aphidius_colemani,"Aphidius colemani Viereck, 1912"
development,40,Days,TRAIND006169,egg,adult,Aphidius_colemani,"Aphidius colemani Viereck, 1912"
development,40,Days,TRAIND006170,egg,adult,Aphidius_colemani,"Aphidius colemani Viereck, 1912"
development,38,Days,TRAIND006171,egg,adult,Aphidius_colemani,"Aphidius colemani Viereck, 1912"
development,38,Days,TRAIND006172,egg,adult,Aphidius_colemani,"Aphidius colemani Viereck, 1912"
development,39,Days,TRAIND006173,egg,adult,Aphidius_colemani,"Aphidius colemani Viereck, 1912"
development,39,Days,TRAIND006174,egg,adult,Aphidius_colemani,"Aphidius colemani Viereck, 1912"
development,39,Days,TRAIND006175,egg,adult,Aphidius_colemani,"Aphidius colemani Viereck, 1912"
development,39,Days,TRAIND006176,egg,adult,Aphidius_colemani,"Aphidius colemani Viereck, 1912"
development,39,Days,TRAIND006177,egg,adult,Aphidius_colemani,"Aphidius colemani Viereck, 1912"
development,39,Days,TRAIND006178,egg,adult,Aphidius_colemani,"Aphidius colemani Viereck, 1912"
development,40,Days,TRAIND006179,egg,adult,Aphidius_colemani,"Aphidius colemani Viereck, 1912"
development,40,Days,TRAIND006180,egg,adult,Aphidius_colemani,"Aphidius colemani Viereck, 1912"
development,40,Days,TRAIND006181,egg,adult,Aphidius_colemani,"Aphidius colemani Viereck, 1912"
development,40,Days,TRAIND006182,egg,adult,Aphidius_colemani,"Aphidius colemani Viereck, 1912"
development,40,Days,TRAIND006183,egg,adult,Aphidius_colemani,"Aphidius colemani Viereck, 1912"
development,40,Days,TRAIND006184,egg,adult,Aphidius_colemani,"Aphidius colemani Viereck, 1912"
development,38,Days,TRAIND006185,egg,adult,Aphidius_colemani,"Aphidius colemani Viereck, 1912"
development,38,Days,TRAIND006186,egg,adult,Aphidius_colemani,"Aphidius colemani Viereck, 1912"
development,1,Days,TRAIND008488,nymph,adult,Aphidius_ervi,"Aphidius ervi Haliday, 1834"
development,1,Days,TRAIND008489,nymph,adult,Aphidius_ervi,"Aphidius ervi Haliday, 1834"
development,1,Days,TRAIND008490,nymph,adult,Aphidius_ervi,"Aphidius ervi Haliday, 1834"
development,1,Days,TRAIND008491,nymph,adult,Aphidius_ervi,"Aphidius ervi Haliday, 1834"
development,1,Days,TRAIND008492,nymph,adult,Aphidius_ervi,"Aphidius ervi Haliday, 1834"
development,1,Days,TRAIND008493,nymph,adult,Aphidius_ervi,"Aphidius ervi Haliday, 1834"
development,1,Days,TRAIND008494,nymph,adult,Aphidius_ervi,"Aphidius ervi Haliday, 1834"
development,1,Days,TRAIND008495,nymph,adult,Aphidius_ervi,"Aphidius ervi Haliday, 1834"
development,2,Days,TRAIND008496,nymph,adult,Aphidius_ervi,"Aphidius ervi Haliday, 1834"
development,2,Days,TRAIND008497,nymph,adult,Aphidius_ervi,"Aphidius ervi Haliday, 1834"
development,2,Days,TRAIND008498,nymph,adult,Aphidius_ervi,"Aphidius ervi Haliday, 1834"
development,2,Days,TRAIND008499,nymph,adult,Aphidius_ervi,"Aphidius ervi Haliday, 1834"
development,2,Days,TRAIND008500,nymph,adult,Aphidius_ervi,"Aphidius ervi Haliday, 1834"
development,2,Days,TRAIND008501,nymph,adult,Aphidius_ervi,"Aphidius ervi Haliday, 1834"
development,2,Days,TRAIND008502,nymph,adult,Aphidius_ervi,"Aphidius ervi Haliday, 1834"
development,2,Days,TRAIND008503,nymph,adult,Aphidius_ervi,"Aphidius ervi Haliday, 1834"
development,2,Days,TRAIND008504,nymph,adult,Aphidius_ervi,"Aphidius ervi Haliday, 1834"
development,2,Days,TRAIND008505,nymph,adult,Aphidius_ervi,"Aphidius ervi Haliday, 1834"
development,2,Days,TRAIND008506,nymph,adult,Aphidius_ervi,"Aphidius ervi Haliday, 1834"
development,2,Days,TRAIND008507,nymph,adult,Aphidius_ervi,"Aphidius ervi Haliday, 1834"
development,2,Days,TRAIND008508,nymph,adult,Aphidius_ervi,"Aphidius ervi Haliday, 1834"
development,2,Days,TRAIND008509,nymph,adult,Aphidius_ervi,"Aphidius ervi Haliday, 1834"
development,2,Days,TRAIND008510,nymph,adult,Aphidius_ervi,"Aphidius ervi Haliday, 1834"
development,2,Days,TRAIND008511,nymph,adult,Aphidius_ervi,"Aphidius ervi Haliday, 1834"
development,2,Days,TRAIND008512,nymph,adult,Aphidius_ervi,"Aphidius ervi Haliday, 1834"
development,2,Days,TRAIND008513,nymph,adult,Aphidius_ervi,"Aphidius ervi Haliday, 1834"
development,2,Days,TRAIND008514,nymph,adult,Aphidius_ervi,"Aphidius ervi Haliday, 1834"
development,2,Days,TRAIND008515,nymph,adult,Aphidius_ervi,"Aphidius ervi Haliday, 1834"
development,2,Days,TRAIND008516,nymph,adult,Aphidius_ervi,"Aphidius ervi Haliday, 1834"
development,2,Days,TRAIND008517,nymph,adult,Aphidius_ervi,"Aphidius ervi Haliday, 1834"
development,2,Days,TRAIND008518,nymph,adult,Aphidius_ervi,"Aphidius ervi Haliday, 1834"
development,2,Days,TRAIND008519,nymph,adult,Aphidius_ervi,"Aphidius ervi Haliday, 1834"
development,2,Days,TRAIND008520,nymph,adult,Aphidius_ervi,"Aphidius ervi Haliday, 1834"
development,2,Days,TRAIND008521,nymph,adult,Aphidius_ervi,"Aphidius ervi Haliday, 1834"
development,2,Days,TRAIND008522,nymph,adult,Aphidius_ervi,"Aphidius ervi Haliday, 1834"
development,2,Days,TRAIND008523,nymph,adult,Aphidius_ervi,"Aphidius ervi Haliday, 1834"
development,2,Days,TRAIND008524,nymph,adult,Aphidius_ervi,"Aphidius ervi Haliday, 1834"
development,2,Days,TRAIND008525,nymph,adult,Aphidius_ervi,"Aphidius ervi Haliday, 1834"
development,2,Days,TRAIND008526,nymph,adult,Aphidius_ervi,"Aphidius ervi Haliday, 1834"
development,2,Days,TRAIND008527,nymph,adult,Aphidius_ervi,"Aphidius ervi Haliday, 1834"
development,2,Days,TRAIND008528,nymph,adult,Aphidius_ervi,"Aphidius ervi Haliday, 1834"
development,2,Days,TRAIND008529,nymph,adult,Aphidius_ervi,"Aphidius ervi Haliday, 1834"
development,2,Days,TRAIND008530,nymph,adult,Aphidius_ervi,"Aphidius ervi Haliday, 1834"
development,2,Days,TRAIND008531,nymph,adult,Aphidius_ervi,"Aphidius ervi Haliday, 1834"
development,2,Days,TRAIND008532,nymph,adult,Aphidius_ervi,"Aphidius ervi Haliday, 1834"
development,2,Days,TRAIND008533,nymph,adult,Aphidius_ervi,"Aphidius ervi Haliday, 1834"
development,2,Days,TRAIND008534,nymph,adult,Aphidius_ervi,"Aphidius ervi Haliday, 1834"
development,2,Days,TRAIND008535,nymph,adult,Aphidius_ervi,"Aphidius ervi Haliday, 1834"
development,2,Days,TRAIND008536,nymph,adult,Aphidius_ervi,"Aphidius ervi Haliday, 1834"
development,2,Days,TRAIND008537,nymph,adult,Aphidius_ervi,"Aphidius ervi Haliday, 1834"
development,2,Days,TRAIND008538,nymph,adult,Aphidius_ervi,"Aphidius ervi Haliday, 1834"
development,2,Days,TRAIND008539,nymph,adult,Aphidius_ervi,"Aphidius ervi Haliday, 1834"
development,2,Days,TRAIND008540,nymph,adult,Aphidius_ervi,"Aphidius ervi Haliday, 1834"
development,2,Days,TRAIND008541,nymph,adult,Aphidius_ervi,"Aphidius ervi Haliday, 1834"
development,2,Days,TRAIND008542,nymph,adult,Aphidius_ervi,"Aphidius ervi Haliday, 1834"
development,2,Days,TRAIND008543,nymph,adult,Aphidius_ervi,"Aphidius ervi Haliday, 1834"
development,2,Days,TRAIND008544,nymph,adult,Aphidius_ervi,"Aphidius ervi Haliday, 1834"
development,2,Days,TRAIND008545,nymph,adult,Aphidius_ervi,"Aphidius ervi Haliday, 1834"
development,2,Days,TRAIND008546,nymph,adult,Aphidius_ervi,"Aphidius ervi Haliday, 1834"
development,2,Days,TRAIND008547,nymph,adult,Aphidius_ervi,"Aphidius ervi Haliday, 1834"
development,3,Days,TRAIND008548,nymph,adult,Aphidius_ervi,"Aphidius ervi Haliday, 1834"
development,3,Days,TRAIND008549,nymph,adult,Aphidius_ervi,"Aphidius ervi Haliday, 1834"
development,3,Days,TRAIND008550,nymph,adult,Aphidius_ervi,"Aphidius ervi Haliday, 1834"
development,3,Days,TRAIND008551,nymph,adult,Aphidius_ervi,"Aphidius ervi Haliday, 1834"
development,3,Days,TRAIND008552,nymph,adult,Aphidius_ervi,"Aphidius ervi Haliday, 1834"
development,3,Days,TRAIND008553,nymph,adult,Aphidius_ervi,"Aphidius ervi Haliday, 1834"
development,3,Days,TRAIND008554,nymph,adult,Aphidius_ervi,"Aphidius ervi Haliday, 1834"
development,3,Days,TRAIND008555,nymph,adult,Aphidius_ervi,"Aphidius ervi Haliday, 1834"
development,3,Days,TRAIND008556,nymph,adult,Aphidius_ervi,"Aphidius ervi Haliday, 1834"
development,3,Days,TRAIND008557,nymph,adult,Aphidius_ervi,"Aphidius ervi Haliday, 1834"
development,3,Days,TRAIND008558,nymph,adult,Aphidius_ervi,"Aphidius ervi Haliday, 1834"
development,3,Days,TRAIND008559,nymph,adult,Aphidius_ervi,"Aphidius ervi Haliday, 1834"
development,3,Days,TRAIND008560,nymph,adult,Aphidius_ervi,"Aphidius ervi Haliday, 1834"
development,3,Days,TRAIND008561,nymph,adult,Aphidius_ervi,"Aphidius ervi Haliday, 1834"
development,3,Days,TRAIND008562,nymph,adult,Aphidius_ervi,"Aphidius ervi Haliday, 1834"
development,3,Days,TRAIND008563,nymph,adult,Aphidius_ervi,"Aphidius ervi Haliday, 1834"
development,3,Days,TRAIND008564,nymph,adult,Aphidius_ervi,"Aphidius ervi Haliday, 1834"
development,3,Days,TRAIND008565,nymph,adult,Aphidius_ervi,"Aphidius ervi Haliday, 1834"
development,3,Days,TRAIND008566,nymph,adult,Aphidius_ervi,"Aphidius ervi Haliday, 1834"
development,3,Days,TRAIND008567,nymph,adult,Aphidius_ervi,"Aphidius ervi Haliday, 1834"
development,3,Days,TRAIND008568,nymph,adult,Aphidius_ervi,"Aphidius ervi Haliday, 1834"
development,3,Days,TRAIND008569,nymph,adult,Aphidius_ervi,"Aphidius ervi Haliday, 1834"
development,3,Days,TRAIND008570,nymph,adult,Aphidius_ervi,"Aphidius ervi Haliday, 1834"
development,3,Days,TRAIND008571,nymph,adult,Aphidius_ervi,"Aphidius ervi Haliday, 1834"
development,3,Days,TRAIND008572,nymph,adult,Aphidius_ervi,"Aphidius ervi Haliday, 1834"
development,3,Days,TRAIND008573,nymph,adult,Aphidius_ervi,"Aphidius ervi Haliday, 1834"
development,3,Days,TRAIND008574,nymph,adult,Aphidius_ervi,"Aphidius ervi Haliday, 1834"
development,3,Days,TRAIND008575,nymph,adult,Aphidius_ervi,"Aphidius ervi Haliday, 1834"
development,3,Days,TRAIND008576,nymph,adult,Aphidius_ervi,"Aphidius ervi Haliday, 1834"
development,3,Days,TRAIND008577,nymph,adult,Aphidius_ervi,"Aphidius ervi Haliday, 1834"
development,3,Days,TRAIND008578,nymph,adult,Aphidius_ervi,"Aphidius ervi Haliday, 1834"
development,3,Days,TRAIND008579,nymph,adult,Aphidius_ervi,"Aphidius ervi Haliday, 1834"
development,3,Days,TRAIND008580,nymph,adult,Aphidius_ervi,"Aphidius ervi Haliday, 1834"
development,3,Days,TRAIND008581,nymph,adult,Aphidius_ervi,"Aphidius ervi Haliday, 1834"
development,3,Days,TRAIND008582,nymph,adult,Aphidius_ervi,"Aphidius ervi Haliday, 1834"
development,3,Days,TRAIND008583,nymph,adult,Aphidius_ervi,"Aphidius ervi Haliday, 1834"
development,3,Days,TRAIND008584,nymph,adult,Aphidius_ervi,"Aphidius ervi Haliday, 1834"
development,3,Days,TRAIND008585,nymph,adult,Aphidius_ervi,"Aphidius ervi Haliday, 1834"
development,3,Days,TRAIND008586,nymph,adult,Aphidius_ervi,"Aphidius ervi Haliday, 1834"
development,3,Days,TRAIND008587,nymph,adult,Aphidius_ervi,"Aphidius ervi Haliday, 1834"
development,3,Days,TRAIND008588,nymph,adult,Aphidius_ervi,"Aphidius ervi Haliday, 1834"
development,3,Days,TRAIND008589,nymph,adult,Aphidius_ervi,"Aphidius ervi Haliday, 1834"
development,3,Days,TRAIND008590,nymph,adult,Aphidius_ervi,"Aphidius ervi Haliday, 1834"
development,3,Days,TRAIND008591,nymph,adult,Aphidius_ervi,"Aphidius ervi Haliday, 1834"
development,3,Days,TRAIND008592,nymph,adult,Aphidius_ervi,"Aphidius ervi Haliday, 1834"
development,3,Days,TRAIND008593,nymph,adult,Aphidius_ervi,"Aphidius ervi Haliday, 1834"
development,3,Days,TRAIND008594,nymph,adult,Aphidius_ervi,"Aphidius ervi Haliday, 1834"
development,3,Days,TRAIND008595,nymph,adult,Aphidius_ervi,"Aphidius ervi Haliday, 1834"
development,3,Days,TRAIND008596,nymph,adult,Aphidius_ervi,"Aphidius ervi Haliday, 1834"
development,3,Days,TRAIND008597,nymph,adult,Aphidius_ervi,"Aphidius ervi Haliday, 1834"
development,3,Days,TRAIND008598,nymph,adult,Aphidius_ervi,"Aphidius ervi Haliday, 1834"
development,3,Days,TRAIND008599,nymph,adult,Aphidius_ervi,"Aphidius ervi Haliday, 1834"
development,3,Days,TRAIND008600,nymph,adult,Aphidius_ervi,"Aphidius ervi Haliday, 1834"
development,3,Days,TRAIND008601,nymph,adult,Aphidius_ervi,"Aphidius ervi Haliday, 1834"
development,3,Days,TRAIND008602,nymph,adult,Aphidius_ervi,"Aphidius ervi Haliday, 1834"
development,3,Days,TRAIND008603,nymph,adult,Aphidius_ervi,"Aphidius ervi Haliday, 1834"
development,3,Days,TRAIND008604,nymph,adult,Aphidius_ervi,"Aphidius ervi Haliday, 1834"
development,3,Days,TRAIND008605,nymph,adult,Aphidius_ervi,"Aphidius ervi Haliday, 1834"
development,3,Days,TRAIND008606,nymph,adult,Aphidius_ervi,"Aphidius ervi Haliday, 1834"
development,3,Days,TRAIND008607,nymph,adult,Aphidius_ervi,"Aphidius ervi Haliday, 1834"
development,3,Days,TRAIND008608,nymph,adult,Aphidius_ervi,"Aphidius ervi Haliday, 1834"
development,3,Days,TRAIND008609,nymph,adult,Aphidius_ervi,"Aphidius ervi Haliday, 1834"
development,3,Days,TRAIND008610,nymph,adult,Aphidius_ervi,"Aphidius ervi Haliday, 1834"
development,3,Days,TRAIND008611,nymph,adult,Aphidius_ervi,"Aphidius ervi Haliday, 1834"
development,3,Days,TRAIND008612,nymph,adult,Aphidius_ervi,"Aphidius ervi Haliday, 1834"
development,3,Days,TRAIND008613,nymph,adult,Aphidius_ervi,"Aphidius ervi Haliday, 1834"
development,3,Days,TRAIND008614,nymph,adult,Aphidius_ervi,"Aphidius ervi Haliday, 1834"
development,3,Days,TRAIND008615,nymph,adult,Aphidius_ervi,"Aphidius ervi Haliday, 1834"
development,3,Days,TRAIND008616,nymph,adult,Aphidius_ervi,"Aphidius ervi Haliday, 1834"
development,3,Days,TRAIND008617,nymph,adult,Aphidius_ervi,"Aphidius ervi Haliday, 1834"
development,3,Days,TRAIND008618,nymph,adult,Aphidius_ervi,"Aphidius ervi Haliday, 1834"
development,3,Days,TRAIND008619,nymph,adult,Aphidius_ervi,"Aphidius ervi Haliday, 1834"
development,4,Days,TRAIND008620,nymph,adult,Aphidius_ervi,"Aphidius ervi Haliday, 1834"
development,4,Days,TRAIND008621,nymph,adult,Aphidius_ervi,"Aphidius ervi Haliday, 1834"
development,4,Days,TRAIND008622,nymph,adult,Aphidius_ervi,"Aphidius ervi Haliday, 1834"
development,4,Days,TRAIND008623,nymph,adult,Aphidius_ervi,"Aphidius ervi Haliday, 1834"
development,4,Days,TRAIND008624,nymph,adult,Aphidius_ervi,"Aphidius ervi Haliday, 1834"
development,4,Days,TRAIND008625,nymph,adult,Aphidius_ervi,"Aphidius ervi Haliday, 1834"
development,4,Days,TRAIND008626,nymph,adult,Aphidius_ervi,"Aphidius ervi Haliday, 1834"
development,4,Days,TRAIND008627,nymph,adult,Aphidius_ervi,"Aphidius ervi Haliday, 1834"
development,4,Days,TRAIND008628,nymph,adult,Aphidius_ervi,"Aphidius ervi Haliday, 1834"
development,4,Days,TRAIND008629,nymph,adult,Aphidius_ervi,"Aphidius ervi Haliday, 1834"
development,4,Days,TRAIND008630,nymph,adult,Aphidius_ervi,"Aphidius ervi Haliday, 1834"
development,4,Days,TRAIND008631,nymph,adult,Aphidius_ervi,"Aphidius ervi Haliday, 1834"
development,5,Days,TRAIND008632,nymph,adult,Aphidius_ervi,"Aphidius ervi Haliday, 1834"
development,5,Days,TRAIND008633,nymph,adult,Aphidius_ervi,"Aphidius ervi Haliday, 1834"
development,5,Days,TRAIND008634,nymph,adult,Aphidius_ervi,"Aphidius ervi Haliday, 1834"
development,5,Days,TRAIND008635,nymph,adult,Aphidius_ervi,"Aphidius ervi Haliday, 1834"
development,5,Days,TRAIND008636,nymph,adult,Aphidius_ervi,"Aphidius ervi Haliday, 1834"
development,5,Days,TRAIND008637,nymph,adult,Aphidius_ervi,"Aphidius ervi Haliday, 1834"
development,5,Days,TRAIND008638,nymph,adult,Aphidius_ervi,"Aphidius ervi Haliday, 1834"
development,5,Days,TRAIND008639,nymph,adult,Aphidius_ervi,"Aphidius ervi Haliday, 1834"
development,5,Days,TRAIND008640,nymph,adult,Aphidius_ervi,"Aphidius ervi Haliday, 1834"
development,5,Days,TRAIND008641,nymph,adult,Aphidius_ervi,"Aphidius ervi Haliday, 1834"
development,5,Days,TRAIND008642,nymph,adult,Aphidius_ervi,"Aphidius ervi Haliday, 1834"
development,5,Days,TRAIND008643,nymph,adult,Aphidius_ervi,"Aphidius ervi Haliday, 1834"
development,5,Days,TRAIND008644,nymph,adult,Aphidius_ervi,"Aphidius ervi Haliday, 1834"
development,5,Days,TRAIND008645,nymph,adult,Aphidius_ervi,"Aphidius ervi Haliday, 1834"
development,5,Days,TRAIND008646,nymph,adult,Aphidius_ervi,"Aphidius ervi Haliday, 1834"
development,6,Days,TRAIND008647,nymph,adult,Aphidius_ervi,"Aphidius ervi Haliday, 1834"
development,6,Days,TRAIND008648,nymph,adult,Aphidius_ervi,"Aphidius ervi Haliday, 1834"
development,6,Days,TRAIND008649,nymph,adult,Aphidius_ervi,"Aphidius ervi Haliday, 1834"
development,6,Days,TRAIND008650,nymph,adult,Aphidius_ervi,"Aphidius ervi Haliday, 1834"
development,6,Days,TRAIND008651,nymph,adult,Aphidius_ervi,"Aphidius ervi Haliday, 1834"
development,7,Days,TRAIND008652,nymph,adult,Aphidius_ervi,"Aphidius ervi Haliday, 1834"
development,7,Days,TRAIND008653,nymph,adult,Aphidius_ervi,"Aphidius ervi Haliday, 1834"
development,7,Days,TRAIND008654,nymph,adult,Aphidius_ervi,"Aphidius ervi Haliday, 1834"
development,7,Days,TRAIND008655,nymph,adult,Aphidius_ervi,"Aphidius ervi Haliday, 1834"
development,7,Days,TRAIND008656,nymph,adult,Aphidius_ervi,"Aphidius ervi Haliday, 1834"
development,7,Days,TRAIND008657,nymph,adult,Aphidius_ervi,"Aphidius ervi Haliday, 1834"
development,7,Days,TRAIND008658,nymph,adult,Aphidius_ervi,"Aphidius ervi Haliday, 1834"
development,7,Days,TRAIND008659,nymph,adult,Aphidius_ervi,"Aphidius ervi Haliday, 1834"
development,8,Days,TRAIND008660,nymph,adult,Aphidius_ervi,"Aphidius ervi Haliday, 1834"
development,8,Days,TRAIND008661,nymph,adult,Aphidius_ervi,"Aphidius ervi Haliday, 1834"
development,8,Days,TRAIND008662,nymph,adult,Aphidius_ervi,"Aphidius ervi Haliday, 1834"
development,8,Days,TRAIND008663,nymph,adult,Aphidius_ervi,"Aphidius ervi Haliday, 1834"
development,8,Days,TRAIND008664,nymph,adult,Aphidius_ervi,"Aphidius ervi Haliday, 1834"
development,9,Days,TRAIND008665,nymph,adult,Aphidius_ervi,"Aphidius ervi Haliday, 1834"
development,10,Days,TRAIND008666,nymph,adult,Aphidius_ervi,"Aphidius ervi Haliday, 1834"
development,11,Days,TRAIND008667,nymph,adult,Aphidius_ervi,"Aphidius ervi Haliday, 1834"
development,12,Days,TRAIND008668,nymph,adult,Aphidius_ervi,"Aphidius ervi Haliday, 1834"
development,13,Days,TRAIND008669,nymph,adult,Aphidius_ervi,"Aphidius ervi Haliday, 1834"
development,1,Days,TRAIND008670,nymph,adult,Aphidius_ervi,"Aphidius ervi Haliday, 1834"
development,1,Days,TRAIND008671,nymph,adult,Aphidius_ervi,"Aphidius ervi Haliday, 1834"
development,1,Days,TRAIND008672,nymph,adult,Aphidius_ervi,"Aphidius ervi Haliday, 1834"
development,1,Days,TRAIND008673,nymph,adult,Aphidius_ervi,"Aphidius ervi Haliday, 1834"
development,1,Days,TRAIND008674,nymph,adult,Aphidius_ervi,"Aphidius ervi Haliday, 1834"
development,1,Days,TRAIND008675,nymph,adult,Aphidius_ervi,"Aphidius ervi Haliday, 1834"
development,1,Days,TRAIND008676,nymph,adult,Aphidius_ervi,"Aphidius ervi Haliday, 1834"
development,1,Days,TRAIND008677,nymph,adult,Aphidius_ervi,"Aphidius ervi Haliday, 1834"
development,1,Days,TRAIND008678,nymph,adult,Aphidius_ervi,"Aphidius ervi Haliday, 1834"
development,1,Days,TRAIND008679,nymph,adult,Aphidius_ervi,"Aphidius ervi Haliday, 1834"
development,1,Days,TRAIND008680,nymph,adult,Aphidius_ervi,"Aphidius ervi Haliday, 1834"
development,1,Days,TRAIND008681,nymph,adult,Aphidius_ervi,"Aphidius ervi Haliday, 1834"
development,1,Days,TRAIND008682,nymph,adult,Aphidius_ervi,"Aphidius ervi Haliday, 1834"
development,1,Days,TRAIND008683,nymph,adult,Aphidius_ervi,"Aphidius ervi Haliday, 1834"
development,1,Days,TRAIND008684,nymph,adult,Aphidius_ervi,"Aphidius ervi Haliday, 1834"
development,2,Days,TRAIND008685,nymph,adult,Aphidius_ervi,"Aphidius ervi Haliday, 1834"
development,2,Days,TRAIND008686,nymph,adult,Aphidius_ervi,"Aphidius ervi Haliday, 1834"
development,2,Days,TRAIND008687,nymph,adult,Aphidius_ervi,"Aphidius ervi Haliday, 1834"
development,2,Days,TRAIND008688,nymph,adult,Aphidius_ervi,"Aphidius ervi Haliday, 1834"
development,2,Days,TRAIND008689,nymph,adult,Aphidius_ervi,"Aphidius ervi Haliday, 1834"
development,2,Days,TRAIND008690,nymph,adult,Aphidius_ervi,"Aphidius ervi Haliday, 1834"
development,2,Days,TRAIND008691,nymph,adult,Aphidius_ervi,"Aphidius ervi Haliday, 1834"
development,2,Days,TRAIND008692,nymph,adult,Aphidius_ervi,"Aphidius ervi Haliday, 1834"
development,2,Days,TRAIND008693,nymph,adult,Aphidius_ervi,"Aphidius ervi Haliday, 1834"
development,2,Days,TRAIND008694,nymph,adult,Aphidius_ervi,"Aphidius ervi Haliday, 1834"
development,2,Days,TRAIND008695,nymph,adult,Aphidius_ervi,"Aphidius ervi Haliday, 1834"
development,3,Days,TRAIND008696,nymph,adult,Aphidius_ervi,"Aphidius ervi Haliday, 1834"
development,3,Days,TRAIND008697,nymph,adult,Aphidius_ervi,"Aphidius ervi Haliday, 1834"
development,3,Days,TRAIND008698,nymph,adult,Aphidius_ervi,"Aphidius ervi Haliday, 1834"
development,3,Days,TRAIND008699,nymph,adult,Aphidius_ervi,"Aphidius ervi Haliday, 1834"
development,3,Days,TRAIND008700,nymph,adult,Aphidius_ervi,"Aphidius ervi Haliday, 1834"
development,3,Days,TRAIND008701,nymph,adult,Aphidius_ervi,"Aphidius ervi Haliday, 1834"
development,3,Days,TRAIND008702,nymph,adult,Aphidius_ervi,"Aphidius ervi Haliday, 1834"
development,3,Days,TRAIND008703,nymph,adult,Aphidius_ervi,"Aphidius ervi Haliday, 1834"
development,3,Days,TRAIND008704,nymph,adult,Aphidius_ervi,"Aphidius ervi Haliday, 1834"
development,3,Days,TRAIND008705,nymph,adult,Aphidius_ervi,"Aphidius ervi Haliday, 1834"
development,3,Days,TRAIND008706,nymph,adult,Aphidius_ervi,"Aphidius ervi Haliday, 1834"
development,3,Days,TRAIND008707,nymph,adult,Aphidius_ervi,"Aphidius ervi Haliday, 1834"
development,3,Days,TRAIND008708,nymph,adult,Aphidius_ervi,"Aphidius ervi Haliday, 1834"
development,4,Days,TRAIND008709,nymph,adult,Aphidius_ervi,"Aphidius ervi Haliday, 1834"
development,4,Days,TRAIND008710,nymph,adult,Aphidius_ervi,"Aphidius ervi Haliday, 1834"
development,4,Days,TRAIND008711,nymph,adult,Aphidius_ervi,"Aphidius ervi Haliday, 1834"
development,4,Days,TRAIND008712,nymph,adult,Aphidius_ervi,"Aphidius ervi Haliday, 1834"
development,4,Days,TRAIND008713,nymph,adult,Aphidius_ervi,"Aphidius ervi Haliday, 1834"
development,4,Days,TRAIND008714,nymph,adult,Aphidius_ervi,"Aphidius ervi Haliday, 1834"
development,4,Days,TRAIND008715,nymph,adult,Aphidius_ervi,"Aphidius ervi Haliday, 1834"
development,4,Days,TRAIND008716,nymph,adult,Aphidius_ervi,"Aphidius ervi Haliday, 1834"
development,4,Days,TRAIND008717,nymph,adult,Aphidius_ervi,"Aphidius ervi Haliday, 1834"
development,4,Days,TRAIND008718,nymph,adult,Aphidius_ervi,"Aphidius ervi Haliday, 1834"
development,4,Days,TRAIND008719,nymph,adult,Aphidius_ervi,"Aphidius ervi Haliday, 1834"
development,4,Days,TRAIND008720,nymph,adult,Aphidius_ervi,"Aphidius ervi Haliday, 1834"
development,4,Days,TRAIND008721,nymph,adult,Aphidius_ervi,"Aphidius ervi Haliday, 1834"
development,4,Days,TRAIND008722,nymph,adult,Aphidius_ervi,"Aphidius ervi Haliday, 1834"
development,4,Days,TRAIND008723,nymph,adult,Aphidius_ervi,"Aphidius ervi Haliday, 1834"
development,4,Days,TRAIND008724,nymph,adult,Aphidius_ervi,"Aphidius ervi Haliday, 1834"
development,4,Days,TRAIND008725,nymph,adult,Aphidius_ervi,"Aphidius ervi Haliday, 1834"
development,4,Days,TRAIND008726,nymph,adult,Aphidius_ervi,"Aphidius ervi Haliday, 1834"
development,4,Days,TRAIND008727,nymph,adult,Aphidius_ervi,"Aphidius ervi Haliday, 1834"
development,4,Days,TRAIND008728,nymph,adult,Aphidius_ervi,"Aphidius ervi Haliday, 1834"
development,4,Days,TRAIND008729,nymph,adult,Aphidius_ervi,"Aphidius ervi Haliday, 1834"
development,4,Days,TRAIND008730,nymph,adult,Aphidius_ervi,"Aphidius ervi Haliday, 1834"
development,4,Days,TRAIND008731,nymph,adult,Aphidius_ervi,"Aphidius ervi Haliday, 1834"
development,4,Days,TRAIND008732,nymph,adult,Aphidius_ervi,"Aphidius ervi Haliday, 1834"
development,4,Days,TRAIND008733,nymph,adult,Aphidius_ervi,"Aphidius ervi Haliday, 1834"
development,4,Days,TRAIND008734,nymph,adult,Aphidius_ervi,"Aphidius ervi Haliday, 1834"
development,4,Days,TRAIND008735,nymph,adult,Aphidius_ervi,"Aphidius ervi Haliday, 1834"
development,5,Days,TRAIND008736,nymph,adult,Aphidius_ervi,"Aphidius ervi Haliday, 1834"
development,5,Days,TRAIND008737,nymph,adult,Aphidius_ervi,"Aphidius ervi Haliday, 1834"
development,5,Days,TRAIND008738,nymph,adult,Aphidius_ervi,"Aphidius ervi Haliday, 1834"
development,5,Days,TRAIND008739,nymph,adult,Aphidius_ervi,"Aphidius ervi Haliday, 1834"
development,5,Days,TRAIND008740,nymph,adult,Aphidius_ervi,"Aphidius ervi Haliday, 1834"
development,5,Days,TRAIND008741,nymph,adult,Aphidius_ervi,"Aphidius ervi Haliday, 1834"
development,5,Days,TRAIND008742,nymph,adult,Aphidius_ervi,"Aphidius ervi Haliday, 1834"
development,5,Days,TRAIND008743,nymph,adult,Aphidius_ervi,"Aphidius ervi Haliday, 1834"
development,5,Days,TRAIND008744,nymph,adult,Aphidius_ervi,"Aphidius ervi Haliday, 1834"
development,5,Days,TRAIND008745,nymph,adult,Aphidius_ervi,"Aphidius ervi Haliday, 1834"
development,5,Days,TRAIND008746,nymph,adult,Aphidius_ervi,"Aphidius ervi Haliday, 1834"
development,5,Days,TRAIND008747,nymph,adult,Aphidius_ervi,"Aphidius ervi Haliday, 1834"
development,5,Days,TRAIND008748,nymph,adult,Aphidius_ervi,"Aphidius ervi Haliday, 1834"
development,5,Days,TRAIND008749,nymph,adult,Aphidius_ervi,"Aphidius ervi Haliday, 1834"
development,5,Days,TRAIND008750,nymph,adult,Aphidius_ervi,"Aphidius ervi Haliday, 1834"
development,5,Days,TRAIND008751,nymph,adult,Aphidius_ervi,"Aphidius ervi Haliday, 1834"
development,5,Days,TRAIND008752,nymph,adult,Aphidius_ervi,"Aphidius ervi Haliday, 1834"
development,5,Days,TRAIND008753,nymph,adult,Aphidius_ervi,"Aphidius ervi Haliday, 1834"
development,5,Days,TRAIND008754,nymph,adult,Aphidius_ervi,"Aphidius ervi Haliday, 1834"
development,5,Days,TRAIND008755,nymph,adult,Aphidius_ervi,"Aphidius ervi Haliday, 1834"
development,5,Days,TRAIND008756,nymph,adult,Aphidius_ervi,"Aphidius ervi Haliday, 1834"
development,5,Days,TRAIND008757,nymph,adult,Aphidius_ervi,"Aphidius ervi Haliday, 1834"
development,5,Days,TRAIND008758,nymph,adult,Aphidius_ervi,"Aphidius ervi Haliday, 1834"
development,5,Days,TRAIND008759,nymph,adult,Aphidius_ervi,"Aphidius ervi Haliday, 1834"
development,5,Days,TRAIND008760,nymph,adult,Aphidius_ervi,"Aphidius ervi Haliday, 1834"
development,5,Days,TRAIND008761,nymph,adult,Aphidius_ervi,"Aphidius ervi Haliday, 1834"
development,5,Days,TRAIND008762,nymph,adult,Aphidius_ervi,"Aphidius ervi Haliday, 1834"
development,5,Days,TRAIND008763,nymph,adult,Aphidius_ervi,"Aphidius ervi Haliday, 1834"
development,5,Days,TRAIND008764,nymph,adult,Aphidius_ervi,"Aphidius ervi Haliday, 1834"
development,5,Days,TRAIND008765,nymph,adult,Aphidius_ervi,"Aphidius ervi Haliday, 1834"
development,5,Days,TRAIND008766,nymph,adult,Aphidius_ervi,"Aphidius ervi Haliday, 1834"
development,5,Days,TRAIND008767,nymph,adult,Aphidius_ervi,"Aphidius ervi Haliday, 1834"
development,5,Days,TRAIND008768,nymph,adult,Aphidius_ervi,"Aphidius ervi Haliday, 1834"
development,5,Days,TRAIND008769,nymph,adult,Aphidius_ervi,"Aphidius ervi Haliday, 1834"
development,5,Days,TRAIND008770,nymph,adult,Aphidius_ervi,"Aphidius ervi Haliday, 1834"
development,5,Days,TRAIND008771,nymph,adult,Aphidius_ervi,"Aphidius ervi Haliday, 1834"
development,5,Days,TRAIND008772,nymph,adult,Aphidius_ervi,"Aphidius ervi Haliday, 1834"
development,5,Days,TRAIND008773,nymph,adult,Aphidius_ervi,"Aphidius ervi Haliday, 1834"
development,6,Days,TRAIND008774,nymph,adult,Aphidius_ervi,"Aphidius ervi Haliday, 1834"
development,6,Days,TRAIND008775,nymph,adult,Aphidius_ervi,"Aphidius ervi Haliday, 1834"
development,6,Days,TRAIND008776,nymph,adult,Aphidius_ervi,"Aphidius ervi Haliday, 1834"
development,6,Days,TRAIND008777,nymph,adult,Aphidius_ervi,"Aphidius ervi Haliday, 1834"
development,6,Days,TRAIND008778,nymph,adult,Aphidius_ervi,"Aphidius ervi Haliday, 1834"
development,6,Days,TRAIND008779,nymph,adult,Aphidius_ervi,"Aphidius ervi Haliday, 1834"
development,6,Days,TRAIND008780,nymph,adult,Aphidius_ervi,"Aphidius ervi Haliday, 1834"
development,6,Days,TRAIND008781,nymph,adult,Aphidius_ervi,"Aphidius ervi Haliday, 1834"
development,6,Days,TRAIND008782,nymph,adult,Aphidius_ervi,"Aphidius ervi Haliday, 1834"
development,6,Days,TRAIND008783,nymph,adult,Aphidius_ervi,"Aphidius ervi Haliday, 1834"
development,6,Days,TRAIND008784,nymph,adult,Aphidius_ervi,"Aphidius ervi Haliday, 1834"
development,6,Days,TRAIND008785,nymph,adult,Aphidius_ervi,"Aphidius ervi Haliday, 1834"
development,6,Days,TRAIND008786,nymph,adult,Aphidius_ervi,"Aphidius ervi Haliday, 1834"
development,6,Days,TRAIND008787,nymph,adult,Aphidius_ervi,"Aphidius ervi Haliday, 1834"
development,6,Days,TRAIND008788,nymph,adult,Aphidius_ervi,"Aphidius ervi Haliday, 1834"
development,6,Days,TRAIND008789,nymph,adult,Aphidius_ervi,"Aphidius ervi Haliday, 1834"
development,6,Days,TRAIND008790,nymph,adult,Aphidius_ervi,"Aphidius ervi Haliday, 1834"
development,6,Days,TRAIND008791,nymph,adult,Aphidius_ervi,"Aphidius ervi Haliday, 1834"
development,6,Days,TRAIND008792,nymph,adult,Aphidius_ervi,"Aphidius ervi Haliday, 1834"
development,6,Days,TRAIND008793,nymph,adult,Aphidius_ervi,"Aphidius ervi Haliday, 1834"
development,6,Days,TRAIND008794,nymph,adult,Aphidius_ervi,"Aphidius ervi Haliday, 1834"
development,6,Days,TRAIND008795,nymph,adult,Aphidius_ervi,"Aphidius ervi Haliday, 1834"
development,6,Days,TRAIND008796,nymph,adult,Aphidius_ervi,"Aphidius ervi Haliday, 1834"
development,6,Days,TRAIND008797,nymph,adult,Aphidius_ervi,"Aphidius ervi Haliday, 1834"
development,6,Days,TRAIND008798,nymph,adult,Aphidius_ervi,"Aphidius ervi Haliday, 1834"
development,7,Days,TRAIND008799,nymph,adult,Aphidius_ervi,"Aphidius ervi Haliday, 1834"
development,7,Days,TRAIND008800,nymph,adult,Aphidius_ervi,"Aphidius ervi Haliday, 1834"
development,7,Days,TRAIND008801,nymph,adult,Aphidius_ervi,"Aphidius ervi Haliday, 1834"
development,7,Days,TRAIND008802,nymph,adult,Aphidius_ervi,"Aphidius ervi Haliday, 1834"
development,7,Days,TRAIND008803,nymph,adult,Aphidius_ervi,"Aphidius ervi Haliday, 1834"
development,7,Days,TRAIND008804,nymph,adult,Aphidius_ervi,"Aphidius ervi Haliday, 1834"
development,7,Days,TRAIND008805,nymph,adult,Aphidius_ervi,"Aphidius ervi Haliday, 1834"
development,7,Days,TRAIND008806,nymph,adult,Aphidius_ervi,"Aphidius ervi Haliday, 1834"
development,7,Days,TRAIND008807,nymph,adult,Aphidius_ervi,"Aphidius ervi Haliday, 1834"
development,7,Days,TRAIND008808,nymph,adult,Aphidius_ervi,"Aphidius ervi Haliday, 1834"
development,7,Days,TRAIND008809,nymph,adult,Aphidius_ervi,"Aphidius ervi Haliday, 1834"
development,7,Days,TRAIND008810,nymph,adult,Aphidius_ervi,"Aphidius ervi Haliday, 1834"
development,7,Days,TRAIND008811,nymph,adult,Aphidius_ervi,"Aphidius ervi Haliday, 1834"
development,7,Days,TRAIND008812,nymph,adult,Aphidius_ervi,"Aphidius ervi Haliday, 1834"
development,7,Days,TRAIND008813,nymph,adult,Aphidius_ervi,"Aphidius ervi Haliday, 1834"
development,7,Days,TRAIND008814,nymph,adult,Aphidius_ervi,"Aphidius ervi Haliday, 1834"
development,7,Days,TRAIND008815,nymph,adult,Aphidius_ervi,"Aphidius ervi Haliday, 1834"
development,8,Days,TRAIND008816,nymph,adult,Aphidius_ervi,"Aphidius ervi Haliday, 1834"
development,8,Days,TRAIND008817,nymph,adult,Aphidius_ervi,"Aphidius ervi Haliday, 1834"
development,8,Days,TRAIND008818,nymph,adult,Aphidius_ervi,"Aphidius ervi Haliday, 1834"
development,8,Days,TRAIND008819,nymph,adult,Aphidius_ervi,"Aphidius ervi Haliday, 1834"
development,8,Days,TRAIND008820,nymph,adult,Aphidius_ervi,"Aphidius ervi Haliday, 1834"
development,8,Days,TRAIND008821,nymph,adult,Aphidius_ervi,"Aphidius ervi Haliday, 1834"
development,8,Days,TRAIND008822,nymph,adult,Aphidius_ervi,"Aphidius ervi Haliday, 1834"
development,8,Days,TRAIND008823,nymph,adult,Aphidius_ervi,"Aphidius ervi Haliday, 1834"
development,9,Days,TRAIND008824,nymph,adult,Aphidius_ervi,"Aphidius ervi Haliday, 1834"
development,9,Days,TRAIND008825,nymph,adult,Aphidius_ervi,"Aphidius ervi Haliday, 1834"
development,9,Days,TRAIND008826,nymph,adult,Aphidius_ervi,"Aphidius ervi Haliday, 1834"
development,9,Days,TRAIND008827,nymph,adult,Aphidius_ervi,"Aphidius ervi Haliday, 1834"
development,10,Days,TRAIND008828,nymph,adult,Aphidius_ervi,"Aphidius ervi Haliday, 1834"
development,11,Days,TRAIND008829,nymph,adult,Aphidius_ervi,"Aphidius ervi Haliday, 1834"
development,11,Days,TRAIND008830,nymph,adult,Aphidius_ervi,"Aphidius ervi Haliday, 1834"
development,12,Days,TRAIND008831,nymph,adult,Aphidius_ervi,"Aphidius ervi Haliday, 1834"
development,13,Days,TRAIND008832,nymph,adult,Aphidius_ervi,"Aphidius ervi Haliday, 1834"
development,14,Days,TRAIND008833,nymph,adult,Aphidius_ervi,"Aphidius ervi Haliday, 1834"
development,15,Days,TRAIND008834,nymph,adult,Aphidius_ervi,"Aphidius ervi Haliday, 1834"
development,16,Days,TRAIND008835,nymph,adult,Aphidius_ervi,"Aphidius ervi Haliday, 1834"
development,17,Days,TRAIND008836,nymph,adult,Aphidius_ervi,"Aphidius ervi Haliday, 1834"
development,18,Days,TRAIND008837,nymph,adult,Aphidius_ervi,"Aphidius ervi Haliday, 1834"
development,19,Days,TRAIND008838,nymph,adult,Aphidius_ervi,"Aphidius ervi Haliday, 1834"
development,20,Days,TRAIND008839,nymph,adult,Aphidius_ervi,"Aphidius ervi Haliday, 1834"
development,21,Days,TRAIND008840,nymph,adult,Aphidius_ervi,"Aphidius ervi Haliday, 1834"
development,22,Days,TRAIND008841,nymph,adult,Aphidius_ervi,"Aphidius ervi Haliday, 1834"
development,23,Days,TRAIND008842,nymph,adult,Aphidius_ervi,"Aphidius ervi Haliday, 1834"
development,24,Days,TRAIND008843,nymph,adult,Aphidius_ervi,"Aphidius ervi Haliday, 1834"
development,25,Days,TRAIND008844,nymph,adult,Aphidius_ervi,"Aphidius ervi Haliday, 1834"
development,26,Days,TRAIND008845,nymph,adult,Aphidius_ervi,"Aphidius ervi Haliday, 1834"
development,27,Days,TRAIND008846,nymph,adult,Aphidius_ervi,"Aphidius ervi Haliday, 1834"
development,28,Days,TRAIND008847,nymph,adult,Aphidius_ervi,"Aphidius ervi Haliday, 1834"
development,28,Days,TRAIND008848,nymph,adult,Aphidius_ervi,"Aphidius ervi Haliday, 1834"
development,28,Days,TRAIND008849,nymph,adult,Aphidius_ervi,"Aphidius ervi Haliday, 1834"
development,29,Days,TRAIND008850,nymph,adult,Aphidius_ervi,"Aphidius ervi Haliday, 1834"
development,29,Days,TRAIND008851,nymph,adult,Aphidius_ervi,"Aphidius ervi Haliday, 1834"
development,29,Days,TRAIND008852,nymph,adult,Aphidius_ervi,"Aphidius ervi Haliday, 1834"
development,29,Days,TRAIND008853,nymph,adult,Aphidius_ervi,"Aphidius ervi Haliday, 1834"
development,30,Days,TRAIND008854,nymph,adult,Aphidius_ervi,"Aphidius ervi Haliday, 1834"
development,30,Days,TRAIND008855,nymph,adult,Aphidius_ervi,"Aphidius ervi Haliday, 1834"
development,30,Days,TRAIND008856,nymph,adult,Aphidius_ervi,"Aphidius ervi Haliday, 1834"
development,30,Days,TRAIND008857,nymph,adult,Aphidius_ervi,"Aphidius ervi Haliday, 1834"
development,30,Days,TRAIND008858,nymph,adult,Aphidius_ervi,"Aphidius ervi Haliday, 1834"
development,31,Days,TRAIND008859,nymph,adult,Aphidius_ervi,"Aphidius ervi Haliday, 1834"
development,31,Days,TRAIND008860,nymph,adult,Aphidius_ervi,"Aphidius ervi Haliday, 1834"
development,31,Days,TRAIND008861,nymph,adult,Aphidius_ervi,"Aphidius ervi Haliday, 1834"
development,32,Days,TRAIND008862,nymph,adult,Aphidius_ervi,"Aphidius ervi Haliday, 1834"
development,33,Days,TRAIND008863,nymph,adult,Aphidius_ervi,"Aphidius ervi Haliday, 1834"
development,34,Days,TRAIND008864,nymph,adult,Aphidius_ervi,"Aphidius ervi Haliday, 1834"
development,35,Days,TRAIND008865,nymph,adult,Aphidius_ervi,"Aphidius ervi Haliday, 1834"
development,36,Days,TRAIND008866,nymph,adult,Aphidius_ervi,"Aphidius ervi Haliday, 1834"
development,37,Days,TRAIND008867,nymph,adult,Aphidius_ervi,"Aphidius ervi Haliday, 1834"
development,38,Days,TRAIND008868,nymph,adult,Aphidius_ervi,"Aphidius ervi Haliday, 1834"
development,39,Days,TRAIND008869,nymph,adult,Aphidius_ervi,"Aphidius ervi Haliday, 1834"
development,40,Days,TRAIND008870,nymph,adult,Aphidius_ervi,"Aphidius ervi Haliday, 1834"
development,41,Days,TRAIND008871,nymph,adult,Aphidius_ervi,"Aphidius ervi Haliday, 1834"
development,42,Days,TRAIND008872,nymph,adult,Aphidius_ervi,"Aphidius ervi Haliday, 1834"
development,42,Days,TRAIND008873,nymph,adult,Aphidius_ervi,"Aphidius ervi Haliday, 1834"
development,42,Days,TRAIND008874,nymph,adult,Aphidius_ervi,"Aphidius ervi Haliday, 1834"
development,42,Days,TRAIND008875,nymph,adult,Aphidius_ervi,"Aphidius ervi Haliday, 1834"
development,42,Days,TRAIND008876,nymph,adult,Aphidius_ervi,"Aphidius ervi Haliday, 1834"
development,42,Days,TRAIND008877,nymph,adult,Aphidius_ervi,"Aphidius ervi Haliday, 1834"
development,42,Days,TRAIND008878,nymph,adult,Aphidius_ervi,"Aphidius ervi Haliday, 1834"
development,1,Days,TRAIND008879,nymph,adult,Aphidius_ervi,"Aphidius ervi Haliday, 1834"
development,1,Days,TRAIND008880,nymph,adult,Aphidius_ervi,"Aphidius ervi Haliday, 1834"
development,1,Days,TRAIND008881,nymph,adult,Aphidius_ervi,"Aphidius ervi Haliday, 1834"
development,2,Days,TRAIND008882,nymph,adult,Aphidius_ervi,"Aphidius ervi Haliday, 1834"
development,2,Days,TRAIND008883,nymph,adult,Aphidius_ervi,"Aphidius ervi Haliday, 1834"
development,2,Days,TRAIND008884,nymph,adult,Aphidius_ervi,"Aphidius ervi Haliday, 1834"
development,2,Days,TRAIND008885,nymph,adult,Aphidius_ervi,"Aphidius ervi Haliday, 1834"
development,2,Days,TRAIND008886,nymph,adult,Aphidius_ervi,"Aphidius ervi Haliday, 1834"
development,2,Days,TRAIND008887,nymph,adult,Aphidius_ervi,"Aphidius ervi Haliday, 1834"
development,2,Days,TRAIND008888,nymph,adult,Aphidius_ervi,"Aphidius ervi Haliday, 1834"
development,2,Days,TRAIND008889,nymph,adult,Aphidius_ervi,"Aphidius ervi Haliday, 1834"
development,2,Days,TRAIND008890,nymph,adult,Aphidius_ervi,"Aphidius ervi Haliday, 1834"
development,2,Days,TRAIND008891,nymph,adult,Aphidius_ervi,"Aphidius ervi Haliday, 1834"
development,2,Days,TRAIND008892,nymph,adult,Aphidius_ervi,"Aphidius ervi Haliday, 1834"
development,2,Days,TRAIND008893,nymph,adult,Aphidius_ervi,"Aphidius ervi Haliday, 1834"
development,2,Days,TRAIND008894,nymph,adult,Aphidius_ervi,"Aphidius ervi Haliday, 1834"
development,2,Days,TRAIND008895,nymph,adult,Aphidius_ervi,"Aphidius ervi Haliday, 1834"
development,2,Days,TRAIND008896,nymph,adult,Aphidius_ervi,"Aphidius ervi Haliday, 1834"
development,2,Days,TRAIND008897,nymph,adult,Aphidius_ervi,"Aphidius ervi Haliday, 1834"
development,2,Days,TRAIND008898,nymph,adult,Aphidius_ervi,"Aphidius ervi Haliday, 1834"
development,2,Days,TRAIND008899,nymph,adult,Aphidius_ervi,"Aphidius ervi Haliday, 1834"
development,2,Days,TRAIND008900,nymph,adult,Aphidius_ervi,"Aphidius ervi Haliday, 1834"
development,2,Days,TRAIND008901,nymph,adult,Aphidius_ervi,"Aphidius ervi Haliday, 1834"
development,2,Days,TRAIND008902,nymph,adult,Aphidius_ervi,"Aphidius ervi Haliday, 1834"
development,2,Days,TRAIND008903,nymph,adult,Aphidius_ervi,"Aphidius ervi Haliday, 1834"
development,2,Days,TRAIND008904,nymph,adult,Aphidius_ervi,"Aphidius ervi Haliday, 1834"
development,2,Days,TRAIND008905,nymph,adult,Aphidius_ervi,"Aphidius ervi Haliday, 1834"
development,2,Days,TRAIND008906,nymph,adult,Aphidius_ervi,"Aphidius ervi Haliday, 1834"
development,2,Days,TRAIND008907,nymph,adult,Aphidius_ervi,"Aphidius ervi Haliday, 1834"
development,2,Days,TRAIND008908,nymph,adult,Aphidius_ervi,"Aphidius ervi Haliday, 1834"
development,2,Days,TRAIND008909,nymph,adult,Aphidius_ervi,"Aphidius ervi Haliday, 1834"
development,2,Days,TRAIND008910,nymph,adult,Aphidius_ervi,"Aphidius ervi Haliday, 1834"
development,2,Days,TRAIND008911,nymph,adult,Aphidius_ervi,"Aphidius ervi Haliday, 1834"
development,2,Days,TRAIND008912,nymph,adult,Aphidius_ervi,"Aphidius ervi Haliday, 1834"
development,2,Days,TRAIND008913,nymph,adult,Aphidius_ervi,"Aphidius ervi Haliday, 1834"
development,2,Days,TRAIND008914,nymph,adult,Aphidius_ervi,"Aphidius ervi Haliday, 1834"
development,2,Days,TRAIND008915,nymph,adult,Aphidius_ervi,"Aphidius ervi Haliday, 1834"
development,2,Days,TRAIND008916,nymph,adult,Aphidius_ervi,"Aphidius ervi Haliday, 1834"
development,2,Days,TRAIND008917,nymph,adult,Aphidius_ervi,"Aphidius ervi Haliday, 1834"
development,2,Days,TRAIND008918,nymph,adult,Aphidius_ervi,"Aphidius ervi Haliday, 1834"
development,2,Days,TRAIND008919,nymph,adult,Aphidius_ervi,"Aphidius ervi Haliday, 1834"
development,2,Days,TRAIND008920,nymph,adult,Aphidius_ervi,"Aphidius ervi Haliday, 1834"
development,2,Days,TRAIND008921,nymph,adult,Aphidius_ervi,"Aphidius ervi Haliday, 1834"
development,2,Days,TRAIND008922,nymph,adult,Aphidius_ervi,"Aphidius ervi Haliday, 1834"
development,2,Days,TRAIND008923,nymph,adult,Aphidius_ervi,"Aphidius ervi Haliday, 1834"
development,2,Days,TRAIND008924,nymph,adult,Aphidius_ervi,"Aphidius ervi Haliday, 1834"
development,3,Days,TRAIND008925,nymph,adult,Aphidius_ervi,"Aphidius ervi Haliday, 1834"
development,3,Days,TRAIND008926,nymph,adult,Aphidius_ervi,"Aphidius ervi Haliday, 1834"
development,3,Days,TRAIND008927,nymph,adult,Aphidius_ervi,"Aphidius ervi Haliday, 1834"
development,3,Days,TRAIND008928,nymph,adult,Aphidius_ervi,"Aphidius ervi Haliday, 1834"
development,3,Days,TRAIND008929,nymph,adult,Aphidius_ervi,"Aphidius ervi Haliday, 1834"
development,3,Days,TRAIND008930,nymph,adult,Aphidius_ervi,"Aphidius ervi Haliday, 1834"
development,3,Days,TRAIND008931,nymph,adult,Aphidius_ervi,"Aphidius ervi Haliday, 1834"
development,3,Days,TRAIND008932,nymph,adult,Aphidius_ervi,"Aphidius ervi Haliday, 1834"
development,3,Days,TRAIND008933,nymph,adult,Aphidius_ervi,"Aphidius ervi Haliday, 1834"
development,3,Days,TRAIND008934,nymph,adult,Aphidius_ervi,"Aphidius ervi Haliday, 1834"
development,3,Days,TRAIND008935,nymph,adult,Aphidius_ervi,"Aphidius ervi Haliday, 1834"
development,3,Days,TRAIND008936,nymph,adult,Aphidius_ervi,"Aphidius ervi Haliday, 1834"
development,3,Days,TRAIND008937,nymph,adult,Aphidius_ervi,"Aphidius ervi Haliday, 1834"
development,3,Days,TRAIND008938,nymph,adult,Aphidius_ervi,"Aphidius ervi Haliday, 1834"
development,3,Days,TRAIND008939,nymph,adult,Aphidius_ervi,"Aphidius ervi Haliday, 1834"
development,3,Days,TRAIND008940,nymph,adult,Aphidius_ervi,"Aphidius ervi Haliday, 1834"
development,3,Days,TRAIND008941,nymph,adult,Aphidius_ervi,"Aphidius ervi Haliday, 1834"
development,3,Days,TRAIND008942,nymph,adult,Aphidius_ervi,"Aphidius ervi Haliday, 1834"
development,3,Days,TRAIND008943,nymph,adult,Aphidius_ervi,"Aphidius ervi Haliday, 1834"
development,3,Days,TRAIND008944,nymph,adult,Aphidius_ervi,"Aphidius ervi Haliday, 1834"
development,3,Days,TRAIND008945,nymph,adult,Aphidius_ervi,"Aphidius ervi Haliday, 1834"
development,3,Days,TRAIND008946,nymph,adult,Aphidius_ervi,"Aphidius ervi Haliday, 1834"
development,3,Days,TRAIND008947,nymph,adult,Aphidius_ervi,"Aphidius ervi Haliday, 1834"
development,3,Days,TRAIND008948,nymph,adult,Aphidius_ervi,"Aphidius ervi Haliday, 1834"
development,3,Days,TRAIND008949,nymph,adult,Aphidius_ervi,"Aphidius ervi Haliday, 1834"
development,3,Days,TRAIND008950,nymph,adult,Aphidius_ervi,"Aphidius ervi Haliday, 1834"
development,3,Days,TRAIND008951,nymph,adult,Aphidius_ervi,"Aphidius ervi Haliday, 1834"
development,3,Days,TRAIND008952,nymph,adult,Aphidius_ervi,"Aphidius ervi Haliday, 1834"
development,3,Days,TRAIND008953,nymph,adult,Aphidius_ervi,"Aphidius ervi Haliday, 1834"
development,3,Days,TRAIND008954,nymph,adult,Aphidius_ervi,"Aphidius ervi Haliday, 1834"
development,3,Days,TRAIND008955,nymph,adult,Aphidius_ervi,"Aphidius ervi Haliday, 1834"
development,3,Days,TRAIND008956,nymph,adult,Aphidius_ervi,"Aphidius ervi Haliday, 1834"
development,3,Days,TRAIND008957,nymph,adult,Aphidius_ervi,"Aphidius ervi Haliday, 1834"
development,3,Days,TRAIND008958,nymph,adult,Aphidius_ervi,"Aphidius ervi Haliday, 1834"
development,3,Days,TRAIND008959,nymph,adult,Aphidius_ervi,"Aphidius ervi Haliday, 1834"
development,3,Days,TRAIND008960,nymph,adult,Aphidius_ervi,"Aphidius ervi Haliday, 1834"
development,3,Days,TRAIND008961,nymph,adult,Aphidius_ervi,"Aphidius ervi Haliday, 1834"
development,3,Days,TRAIND008962,nymph,adult,Aphidius_ervi,"Aphidius ervi Haliday, 1834"
development,3,Days,TRAIND008963,nymph,adult,Aphidius_ervi,"Aphidius ervi Haliday, 1834"
development,3,Days,TRAIND008964,nymph,adult,Aphidius_ervi,"Aphidius ervi Haliday, 1834"
development,3,Days,TRAIND008965,nymph,adult,Aphidius_ervi,"Aphidius ervi Haliday, 1834"
development,3,Days,TRAIND008966,nymph,adult,Aphidius_ervi,"Aphidius ervi Haliday, 1834"
development,3,Days,TRAIND008967,nymph,adult,Aphidius_ervi,"Aphidius ervi Haliday, 1834"
development,3,Days,TRAIND008968,nymph,adult,Aphidius_ervi,"Aphidius ervi Haliday, 1834"
development,4,Days,TRAIND008969,nymph,adult,Aphidius_ervi,"Aphidius ervi Haliday, 1834"
development,4,Days,TRAIND008970,nymph,adult,Aphidius_ervi,"Aphidius ervi Haliday, 1834"
development,4,Days,TRAIND008971,nymph,adult,Aphidius_ervi,"Aphidius ervi Haliday, 1834"
development,4,Days,TRAIND008972,nymph,adult,Aphidius_ervi,"Aphidius ervi Haliday, 1834"
development,4,Days,TRAIND008973,nymph,adult,Aphidius_ervi,"Aphidius ervi Haliday, 1834"
development,4,Days,TRAIND008974,nymph,adult,Aphidius_ervi,"Aphidius ervi Haliday, 1834"
development,4,Days,TRAIND008975,nymph,adult,Aphidius_ervi,"Aphidius ervi Haliday, 1834"
development,4,Days,TRAIND008976,nymph,adult,Aphidius_ervi,"Aphidius ervi Haliday, 1834"
development,4,Days,TRAIND008977,nymph,adult,Aphidius_ervi,"Aphidius ervi Haliday, 1834"
development,4,Days,TRAIND008978,nymph,adult,Aphidius_ervi,"Aphidius ervi Haliday, 1834"
development,4,Days,TRAIND008979,nymph,adult,Aphidius_ervi,"Aphidius ervi Haliday, 1834"
development,4,Days,TRAIND008980,nymph,adult,Aphidius_ervi,"Aphidius ervi Haliday, 1834"
development,4,Days,TRAIND008981,nymph,adult,Aphidius_ervi,"Aphidius ervi Haliday, 1834"
development,4,Days,TRAIND008982,nymph,adult,Aphidius_ervi,"Aphidius ervi Haliday, 1834"
development,4,Days,TRAIND008983,nymph,adult,Aphidius_ervi,"Aphidius ervi Haliday, 1834"
development,4,Days,TRAIND008984,nymph,adult,Aphidius_ervi,"Aphidius ervi Haliday, 1834"
development,4,Days,TRAIND008985,nymph,adult,Aphidius_ervi,"Aphidius ervi Haliday, 1834"
development,4,Days,TRAIND008986,nymph,adult,Aphidius_ervi,"Aphidius ervi Haliday, 1834"
development,4,Days,TRAIND008987,nymph,adult,Aphidius_ervi,"Aphidius ervi Haliday, 1834"
development,4,Days,TRAIND008988,nymph,adult,Aphidius_ervi,"Aphidius ervi Haliday, 1834"
development,4,Days,TRAIND008989,nymph,adult,Aphidius_ervi,"Aphidius ervi Haliday, 1834"
development,4,Days,TRAIND008990,nymph,adult,Aphidius_ervi,"Aphidius ervi Haliday, 1834"
development,4,Days,TRAIND008991,nymph,adult,Aphidius_ervi,"Aphidius ervi Haliday, 1834"
development,4,Days,TRAIND008992,nymph,adult,Aphidius_ervi,"Aphidius ervi Haliday, 1834"
development,4,Days,TRAIND008993,nymph,adult,Aphidius_ervi,"Aphidius ervi Haliday, 1834"
development,4,Days,TRAIND008994,nymph,adult,Aphidius_ervi,"Aphidius ervi Haliday, 1834"
development,4,Days,TRAIND008995,nymph,adult,Aphidius_ervi,"Aphidius ervi Haliday, 1834"
development,4,Days,TRAIND008996,nymph,adult,Aphidius_ervi,"Aphidius ervi Haliday, 1834"
development,4,Days,TRAIND008997,nymph,adult,Aphidius_ervi,"Aphidius ervi Haliday, 1834"
development,4,Days,TRAIND008998,nymph,adult,Aphidius_ervi,"Aphidius ervi Haliday, 1834"
development,4,Days,TRAIND008999,nymph,adult,Aphidius_ervi,"Aphidius ervi Haliday, 1834"
development,4,Days,TRAIND009000,nymph,adult,Aphidius_ervi,"Aphidius ervi Haliday, 1834"
development,4,Days,TRAIND009001,nymph,adult,Aphidius_ervi,"Aphidius ervi Haliday, 1834"
development,4,Days,TRAIND009002,nymph,adult,Aphidius_ervi,"Aphidius ervi Haliday, 1834"
development,4,Days,TRAIND009003,nymph,adult,Aphidius_ervi,"Aphidius ervi Haliday, 1834"
development,4,Days,TRAIND009004,nymph,adult,Aphidius_ervi,"Aphidius ervi Haliday, 1834"
development,4,Days,TRAIND009005,nymph,adult,Aphidius_ervi,"Aphidius ervi Haliday, 1834"
development,4,Days,TRAIND009006,nymph,adult,Aphidius_ervi,"Aphidius ervi Haliday, 1834"
development,4,Days,TRAIND009007,nymph,adult,Aphidius_ervi,"Aphidius ervi Haliday, 1834"
development,4,Days,TRAIND009008,nymph,adult,Aphidius_ervi,"Aphidius ervi Haliday, 1834"
development,4,Days,TRAIND009009,nymph,adult,Aphidius_ervi,"Aphidius ervi Haliday, 1834"
development,4,Days,TRAIND009010,nymph,adult,Aphidius_ervi,"Aphidius ervi Haliday, 1834"
development,4,Days,TRAIND009011,nymph,adult,Aphidius_ervi,"Aphidius ervi Haliday, 1834"
development,4,Days,TRAIND009012,nymph,adult,Aphidius_ervi,"Aphidius ervi Haliday, 1834"
development,4,Days,TRAIND009013,nymph,adult,Aphidius_ervi,"Aphidius ervi Haliday, 1834"
development,4,Days,TRAIND009014,nymph,adult,Aphidius_ervi,"Aphidius ervi Haliday, 1834"
development,4,Days,TRAIND009015,nymph,adult,Aphidius_ervi,"Aphidius ervi Haliday, 1834"
development,4,Days,TRAIND009016,nymph,adult,Aphidius_ervi,"Aphidius ervi Haliday, 1834"
development,4,Days,TRAIND009017,nymph,adult,Aphidius_ervi,"Aphidius ervi Haliday, 1834"
development,4,Days,TRAIND009018,nymph,adult,Aphidius_ervi,"Aphidius ervi Haliday, 1834"
development,4,Days,TRAIND009019,nymph,adult,Aphidius_ervi,"Aphidius ervi Haliday, 1834"
development,4,Days,TRAIND009020,nymph,adult,Aphidius_ervi,"Aphidius ervi Haliday, 1834"
development,5,Days,TRAIND009021,nymph,adult,Aphidius_ervi,"Aphidius ervi Haliday, 1834"
development,5,Days,TRAIND009022,nymph,adult,Aphidius_ervi,"Aphidius ervi Haliday, 1834"
development,5,Days,TRAIND009023,nymph,adult,Aphidius_ervi,"Aphidius ervi Haliday, 1834"
development,5,Days,TRAIND009024,nymph,adult,Aphidius_ervi,"Aphidius ervi Haliday, 1834"
development,5,Days,TRAIND009025,nymph,adult,Aphidius_ervi,"Aphidius ervi Haliday, 1834"
development,5,Days,TRAIND009026,nymph,adult,Aphidius_ervi,"Aphidius ervi Haliday, 1834"
development,5,Days,TRAIND009027,nymph,adult,Aphidius_ervi,"Aphidius ervi Haliday, 1834"
development,5,Days,TRAIND009028,nymph,adult,Aphidius_ervi,"Aphidius ervi Haliday, 1834"
development,5,Days,TRAIND009029,nymph,adult,Aphidius_ervi,"Aphidius ervi Haliday, 1834"
development,5,Days,TRAIND009030,nymph,adult,Aphidius_ervi,"Aphidius ervi Haliday, 1834"
development,5,Days,TRAIND009031,nymph,adult,Aphidius_ervi,"Aphidius ervi Haliday, 1834"
development,5,Days,TRAIND009032,nymph,adult,Aphidius_ervi,"Aphidius ervi Haliday, 1834"
development,5,Days,TRAIND009033,nymph,adult,Aphidius_ervi,"Aphidius ervi Haliday, 1834"
development,5,Days,TRAIND009034,nymph,adult,Aphidius_ervi,"Aphidius ervi Haliday, 1834"
development,5,Days,TRAIND009035,nymph,adult,Aphidius_ervi,"Aphidius ervi Haliday, 1834"
development,5,Days,TRAIND009036,nymph,adult,Aphidius_ervi,"Aphidius ervi Haliday, 1834"
development,6,Days,TRAIND009037,nymph,adult,Aphidius_ervi,"Aphidius ervi Haliday, 1834"
development,6,Days,TRAIND009038,nymph,adult,Aphidius_ervi,"Aphidius ervi Haliday, 1834"
development,6,Days,TRAIND009039,nymph,adult,Aphidius_ervi,"Aphidius ervi Haliday, 1834"
development,6,Days,TRAIND009040,nymph,adult,Aphidius_ervi,"Aphidius ervi Haliday, 1834"
development,6,Days,TRAIND009041,nymph,adult,Aphidius_ervi,"Aphidius ervi Haliday, 1834"
development,6,Days,TRAIND009042,nymph,adult,Aphidius_ervi,"Aphidius ervi Haliday, 1834"
development,6,Days,TRAIND009043,nymph,adult,Aphidius_ervi,"Aphidius ervi Haliday, 1834"
development,7,Days,TRAIND009044,nymph,adult,Aphidius_ervi,"Aphidius ervi Haliday, 1834"
development,7,Days,TRAIND009045,nymph,adult,Aphidius_ervi,"Aphidius ervi Haliday, 1834"
development,7,Days,TRAIND009046,nymph,adult,Aphidius_ervi,"Aphidius ervi Haliday, 1834"
development,7,Days,TRAIND009047,nymph,adult,Aphidius_ervi,"Aphidius ervi Haliday, 1834"
development,7,Days,TRAIND009048,nymph,adult,Aphidius_ervi,"Aphidius ervi Haliday, 1834"
development,7,Days,TRAIND009049,nymph,adult,Aphidius_ervi,"Aphidius ervi Haliday, 1834"
development,8,Days,TRAIND009050,nymph,adult,Aphidius_ervi,"Aphidius ervi Haliday, 1834"
development,8,Days,TRAIND009051,nymph,adult,Aphidius_ervi,"Aphidius ervi Haliday, 1834"
development,9,Days,TRAIND009052,nymph,adult,Aphidius_ervi,"Aphidius ervi Haliday, 1834"
development,9,Days,TRAIND009053,nymph,adult,Aphidius_ervi,"Aphidius ervi Haliday, 1834"
development,9,Days,TRAIND009054,nymph,adult,Aphidius_ervi,"Aphidius ervi Haliday, 1834"
development,9,Days,TRAIND009055,nymph,adult,Aphidius_ervi,"Aphidius ervi Haliday, 1834"
development,9,Days,TRAIND009056,nymph,adult,Aphidius_ervi,"Aphidius ervi Haliday, 1834"
development,9,Days,TRAIND009057,nymph,adult,Aphidius_ervi,"Aphidius ervi Haliday, 1834"
development,9,Days,TRAIND009058,nymph,adult,Aphidius_ervi,"Aphidius ervi Haliday, 1834"
development,1,Days,TRAIND009059,nymph,adult,Aphidius_ervi,"Aphidius ervi Haliday, 1834"
development,1,Days,TRAIND009060,nymph,adult,Aphidius_ervi,"Aphidius ervi Haliday, 1834"
development,1,Days,TRAIND009061,nymph,adult,Aphidius_ervi,"Aphidius ervi Haliday, 1834"
development,1,Days,TRAIND009062,nymph,adult,Aphidius_ervi,"Aphidius ervi Haliday, 1834"
development,1,Days,TRAIND009063,nymph,adult,Aphidius_ervi,"Aphidius ervi Haliday, 1834"
development,1,Days,TRAIND009064,nymph,adult,Aphidius_ervi,"Aphidius ervi Haliday, 1834"
development,1,Days,TRAIND009065,nymph,adult,Aphidius_ervi,"Aphidius ervi Haliday, 1834"
development,1,Days,TRAIND009066,nymph,adult,Aphidius_ervi,"Aphidius ervi Haliday, 1834"
development,1,Days,TRAIND009067,nymph,adult,Aphidius_ervi,"Aphidius ervi Haliday, 1834"
development,2,Days,TRAIND009068,nymph,adult,Aphidius_ervi,"Aphidius ervi Haliday, 1834"
development,2,Days,TRAIND009069,nymph,adult,Aphidius_ervi,"Aphidius ervi Haliday, 1834"
development,2,Days,TRAIND009070,nymph,adult,Aphidius_ervi,"Aphidius ervi Haliday, 1834"
development,2,Days,TRAIND009071,nymph,adult,Aphidius_ervi,"Aphidius ervi Haliday, 1834"
development,2,Days,TRAIND009072,nymph,adult,Aphidius_ervi,"Aphidius ervi Haliday, 1834"
development,3,Days,TRAIND009073,nymph,adult,Aphidius_ervi,"Aphidius ervi Haliday, 1834"
development,3,Days,TRAIND009074,nymph,adult,Aphidius_ervi,"Aphidius ervi Haliday, 1834"
development,4,Days,TRAIND009075,nymph,adult,Aphidius_ervi,"Aphidius ervi Haliday, 1834"
development,4,Days,TRAIND009076,nymph,adult,Aphidius_ervi,"Aphidius ervi Haliday, 1834"
development,4,Days,TRAIND009077,nymph,adult,Aphidius_ervi,"Aphidius ervi Haliday, 1834"
development,4,Days,TRAIND009078,nymph,adult,Aphidius_ervi,"Aphidius ervi Haliday, 1834"
development,4,Days,TRAIND009079,nymph,adult,Aphidius_ervi,"Aphidius ervi Haliday, 1834"
development,4,Days,TRAIND009080,nymph,adult,Aphidius_ervi,"Aphidius ervi Haliday, 1834"
development,4,Days,TRAIND009081,nymph,adult,Aphidius_ervi,"Aphidius ervi Haliday, 1834"
development,4,Days,TRAIND009082,nymph,adult,Aphidius_ervi,"Aphidius ervi Haliday, 1834"
development,4,Days,TRAIND009083,nymph,adult,Aphidius_ervi,"Aphidius ervi Haliday, 1834"
development,4,Days,TRAIND009084,nymph,adult,Aphidius_ervi,"Aphidius ervi Haliday, 1834"
development,4,Days,TRAIND009085,nymph,adult,Aphidius_ervi,"Aphidius ervi Haliday, 1834"
development,4,Days,TRAIND009086,nymph,adult,Aphidius_ervi,"Aphidius ervi Haliday, 1834"
development,4,Days,TRAIND009087,nymph,adult,Aphidius_ervi,"Aphidius ervi Haliday, 1834"
development,4,Days,TRAIND009088,nymph,adult,Aphidius_ervi,"Aphidius ervi Haliday, 1834"
development,4,Days,TRAIND009089,nymph,adult,Aphidius_ervi,"Aphidius ervi Haliday, 1834"
development,4,Days,TRAIND009090,nymph,adult,Aphidius_ervi,"Aphidius ervi Haliday, 1834"
development,4,Days,TRAIND009091,nymph,adult,Aphidius_ervi,"Aphidius ervi Haliday, 1834"
development,4,Days,TRAIND009092,nymph,adult,Aphidius_ervi,"Aphidius ervi Haliday, 1834"
development,4,Days,TRAIND009093,nymph,adult,Aphidius_ervi,"Aphidius ervi Haliday, 1834"
development,4,Days,TRAIND009094,nymph,adult,Aphidius_ervi,"Aphidius ervi Haliday, 1834"
development,4,Days,TRAIND009095,nymph,adult,Aphidius_ervi,"Aphidius ervi Haliday, 1834"
development,4,Days,TRAIND009096,nymph,adult,Aphidius_ervi,"Aphidius ervi Haliday, 1834"
development,4,Days,TRAIND009097,nymph,adult,Aphidius_ervi,"Aphidius ervi Haliday, 1834"
development,4,Days,TRAIND009098,nymph,adult,Aphidius_ervi,"Aphidius ervi Haliday, 1834"
development,4,Days,TRAIND009099,nymph,adult,Aphidius_ervi,"Aphidius ervi Haliday, 1834"
development,4,Days,TRAIND009100,nymph,adult,Aphidius_ervi,"Aphidius ervi Haliday, 1834"
development,4,Days,TRAIND009101,nymph,adult,Aphidius_ervi,"Aphidius ervi Haliday, 1834"
development,4,Days,TRAIND009102,nymph,adult,Aphidius_ervi,"Aphidius ervi Haliday, 1834"
development,4,Days,TRAIND009103,nymph,adult,Aphidius_ervi,"Aphidius ervi Haliday, 1834"
development,4,Days,TRAIND009104,nymph,adult,Aphidius_ervi,"Aphidius ervi Haliday, 1834"
development,4,Days,TRAIND009105,nymph,adult,Aphidius_ervi,"Aphidius ervi Haliday, 1834"
development,4,Days,TRAIND009106,nymph,adult,Aphidius_ervi,"Aphidius ervi Haliday, 1834"
development,4,Days,TRAIND009107,nymph,adult,Aphidius_ervi,"Aphidius ervi Haliday, 1834"
development,5,Days,TRAIND009108,nymph,adult,Aphidius_ervi,"Aphidius ervi Haliday, 1834"
development,5,Days,TRAIND009109,nymph,adult,Aphidius_ervi,"Aphidius ervi Haliday, 1834"
development,5,Days,TRAIND009110,nymph,adult,Aphidius_ervi,"Aphidius ervi Haliday, 1834"
development,5,Days,TRAIND009111,nymph,adult,Aphidius_ervi,"Aphidius ervi Haliday, 1834"
development,5,Days,TRAIND009112,nymph,adult,Aphidius_ervi,"Aphidius ervi Haliday, 1834"
development,5,Days,TRAIND009113,nymph,adult,Aphidius_ervi,"Aphidius ervi Haliday, 1834"
development,5,Days,TRAIND009114,nymph,adult,Aphidius_ervi,"Aphidius ervi Haliday, 1834"
development,5,Days,TRAIND009115,nymph,adult,Aphidius_ervi,"Aphidius ervi Haliday, 1834"
development,5,Days,TRAIND009116,nymph,adult,Aphidius_ervi,"Aphidius ervi Haliday, 1834"
development,5,Days,TRAIND009117,nymph,adult,Aphidius_ervi,"Aphidius ervi Haliday, 1834"
development,5,Days,TRAIND009118,nymph,adult,Aphidius_ervi,"Aphidius ervi Haliday, 1834"
development,5,Days,TRAIND009119,nymph,adult,Aphidius_ervi,"Aphidius ervi Haliday, 1834"
development,5,Days,TRAIND009120,nymph,adult,Aphidius_ervi,"Aphidius ervi Haliday, 1834"
development,5,Days,TRAIND009121,nymph,adult,Aphidius_ervi,"Aphidius ervi Haliday, 1834"
development,5,Days,TRAIND009122,nymph,adult,Aphidius_ervi,"Aphidius ervi Haliday, 1834"
development,5,Days,TRAIND009123,nymph,adult,Aphidius_ervi,"Aphidius ervi Haliday, 1834"
development,5,Days,TRAIND009124,nymph,adult,Aphidius_ervi,"Aphidius ervi Haliday, 1834"
development,5,Days,TRAIND009125,nymph,adult,Aphidius_ervi,"Aphidius ervi Haliday, 1834"
development,5,Days,TRAIND009126,nymph,adult,Aphidius_ervi,"Aphidius ervi Haliday, 1834"
development,5,Days,TRAIND009127,nymph,adult,Aphidius_ervi,"Aphidius ervi Haliday, 1834"
development,5,Days,TRAIND009128,nymph,adult,Aphidius_ervi,"Aphidius ervi Haliday, 1834"
development,5,Days,TRAIND009129,nymph,adult,Aphidius_ervi,"Aphidius ervi Haliday, 1834"
development,5,Days,TRAIND009130,nymph,adult,Aphidius_ervi,"Aphidius ervi Haliday, 1834"
development,5,Days,TRAIND009131,nymph,adult,Aphidius_ervi,"Aphidius ervi Haliday, 1834"
development,5,Days,TRAIND009132,nymph,adult,Aphidius_ervi,"Aphidius ervi Haliday, 1834"
development,5,Days,TRAIND009133,nymph,adult,Aphidius_ervi,"Aphidius ervi Haliday, 1834"
development,5,Days,TRAIND009134,nymph,adult,Aphidius_ervi,"Aphidius ervi Haliday, 1834"
development,5,Days,TRAIND009135,nymph,adult,Aphidius_ervi,"Aphidius ervi Haliday, 1834"
development,5,Days,TRAIND009136,nymph,adult,Aphidius_ervi,"Aphidius ervi Haliday, 1834"
development,5,Days,TRAIND009137,nymph,adult,Aphidius_ervi,"Aphidius ervi Haliday, 1834"
development,5,Days,TRAIND009138,nymph,adult,Aphidius_ervi,"Aphidius ervi Haliday, 1834"
development,5,Days,TRAIND009139,nymph,adult,Aphidius_ervi,"Aphidius ervi Haliday, 1834"
development,5,Days,TRAIND009140,nymph,adult,Aphidius_ervi,"Aphidius ervi Haliday, 1834"
development,5,Days,TRAIND009141,nymph,adult,Aphidius_ervi,"Aphidius ervi Haliday, 1834"
development,5,Days,TRAIND009142,nymph,adult,Aphidius_ervi,"Aphidius ervi Haliday, 1834"
development,5,Days,TRAIND009143,nymph,adult,Aphidius_ervi,"Aphidius ervi Haliday, 1834"
development,5,Days,TRAIND009144,nymph,adult,Aphidius_ervi,"Aphidius ervi Haliday, 1834"
development,5,Days,TRAIND009145,nymph,adult,Aphidius_ervi,"Aphidius ervi Haliday, 1834"
development,5,Days,TRAIND009146,nymph,adult,Aphidius_ervi,"Aphidius ervi Haliday, 1834"
development,5,Days,TRAIND009147,nymph,adult,Aphidius_ervi,"Aphidius ervi Haliday, 1834"
development,5,Days,TRAIND009148,nymph,adult,Aphidius_ervi,"Aphidius ervi Haliday, 1834"
development,6,Days,TRAIND009149,nymph,adult,Aphidius_ervi,"Aphidius ervi Haliday, 1834"
development,6,Days,TRAIND009150,nymph,adult,Aphidius_ervi,"Aphidius ervi Haliday, 1834"
development,6,Days,TRAIND009151,nymph,adult,Aphidius_ervi,"Aphidius ervi Haliday, 1834"
development,6,Days,TRAIND009152,nymph,adult,Aphidius_ervi,"Aphidius ervi Haliday, 1834"
development,6,Days,TRAIND009153,nymph,adult,Aphidius_ervi,"Aphidius ervi Haliday, 1834"
development,6,Days,TRAIND009154,nymph,adult,Aphidius_ervi,"Aphidius ervi Haliday, 1834"
development,6,Days,TRAIND009155,nymph,adult,Aphidius_ervi,"Aphidius ervi Haliday, 1834"
development,6,Days,TRAIND009156,nymph,adult,Aphidius_ervi,"Aphidius ervi Haliday, 1834"
development,6,Days,TRAIND009157,nymph,adult,Aphidius_ervi,"Aphidius ervi Haliday, 1834"
development,6,Days,TRAIND009158,nymph,adult,Aphidius_ervi,"Aphidius ervi Haliday, 1834"
development,6,Days,TRAIND009159,nymph,adult,Aphidius_ervi,"Aphidius ervi Haliday, 1834"
development,6,Days,TRAIND009160,nymph,adult,Aphidius_ervi,"Aphidius ervi Haliday, 1834"
development,6,Days,TRAIND009161,nymph,adult,Aphidius_ervi,"Aphidius ervi Haliday, 1834"
development,6,Days,TRAIND009162,nymph,adult,Aphidius_ervi,"Aphidius ervi Haliday, 1834"
development,6,Days,TRAIND009163,nymph,adult,Aphidius_ervi,"Aphidius ervi Haliday, 1834"
development,6,Days,TRAIND009164,nymph,adult,Aphidius_ervi,"Aphidius ervi Haliday, 1834"
development,6,Days,TRAIND009165,nymph,adult,Aphidius_ervi,"Aphidius ervi Haliday, 1834"
development,6,Days,TRAIND009166,nymph,adult,Aphidius_ervi,"Aphidius ervi Haliday, 1834"
development,7,Days,TRAIND009167,nymph,adult,Aphidius_ervi,"Aphidius ervi Haliday, 1834"
development,7,Days,TRAIND009168,nymph,adult,Aphidius_ervi,"Aphidius ervi Haliday, 1834"
development,7,Days,TRAIND009169,nymph,adult,Aphidius_ervi,"Aphidius ervi Haliday, 1834"
development,7,Days,TRAIND009170,nymph,adult,Aphidius_ervi,"Aphidius ervi Haliday, 1834"
development,7,Days,TRAIND009171,nymph,adult,Aphidius_ervi,"Aphidius ervi Haliday, 1834"
development,7,Days,TRAIND009172,nymph,adult,Aphidius_ervi,"Aphidius ervi Haliday, 1834"
development,7,Days,TRAIND009173,nymph,adult,Aphidius_ervi,"Aphidius ervi Haliday, 1834"
development,7,Days,TRAIND009174,nymph,adult,Aphidius_ervi,"Aphidius ervi Haliday, 1834"
development,7,Days,TRAIND009175,nymph,adult,Aphidius_ervi,"Aphidius ervi Haliday, 1834"
development,7,Days,TRAIND009176,nymph,adult,Aphidius_ervi,"Aphidius ervi Haliday, 1834"
development,7,Days,TRAIND009177,nymph,adult,Aphidius_ervi,"Aphidius ervi Haliday, 1834"
development,7,Days,TRAIND009178,nymph,adult,Aphidius_ervi,"Aphidius ervi Haliday, 1834"
development,7,Days,TRAIND009179,nymph,adult,Aphidius_ervi,"Aphidius ervi Haliday, 1834"
development,7,Days,TRAIND009180,nymph,adult,Aphidius_ervi,"Aphidius ervi Haliday, 1834"
development,7,Days,TRAIND009181,nymph,adult,Aphidius_ervi,"Aphidius ervi Haliday, 1834"
development,7,Days,TRAIND009182,nymph,adult,Aphidius_ervi,"Aphidius ervi Haliday, 1834"
development,7,Days,TRAIND009183,nymph,adult,Aphidius_ervi,"Aphidius ervi Haliday, 1834"
development,7,Days,TRAIND009184,nymph,adult,Aphidius_ervi,"Aphidius ervi Haliday, 1834"
development,7,Days,TRAIND009185,nymph,adult,Aphidius_ervi,"Aphidius ervi Haliday, 1834"
development,7,Days,TRAIND009186,nymph,adult,Aphidius_ervi,"Aphidius ervi Haliday, 1834"
development,7,Days,TRAIND009187,nymph,adult,Aphidius_ervi,"Aphidius ervi Haliday, 1834"
development,7,Days,TRAIND009188,nymph,adult,Aphidius_ervi,"Aphidius ervi Haliday, 1834"
development,7,Days,TRAIND009189,nymph,adult,Aphidius_ervi,"Aphidius ervi Haliday, 1834"
development,7,Days,TRAIND009190,nymph,adult,Aphidius_ervi,"Aphidius ervi Haliday, 1834"
development,7,Days,TRAIND009191,nymph,adult,Aphidius_ervi,"Aphidius ervi Haliday, 1834"
development,7,Days,TRAIND009192,nymph,adult,Aphidius_ervi,"Aphidius ervi Haliday, 1834"
development,8,Days,TRAIND009193,nymph,adult,Aphidius_ervi,"Aphidius ervi Haliday, 1834"
development,8,Days,TRAIND009194,nymph,adult,Aphidius_ervi,"Aphidius ervi Haliday, 1834"
development,8,Days,TRAIND009195,nymph,adult,Aphidius_ervi,"Aphidius ervi Haliday, 1834"
development,8,Days,TRAIND009196,nymph,adult,Aphidius_ervi,"Aphidius ervi Haliday, 1834"
development,8,Days,TRAIND009197,nymph,adult,Aphidius_ervi,"Aphidius ervi Haliday, 1834"
development,8,Days,TRAIND009198,nymph,adult,Aphidius_ervi,"Aphidius ervi Haliday, 1834"
development,8,Days,TRAIND009199,nymph,adult,Aphidius_ervi,"Aphidius ervi Haliday, 1834"
development,8,Days,TRAIND009200,nymph,adult,Aphidius_ervi,"Aphidius ervi Haliday, 1834"
development,8,Days,TRAIND009201,nymph,adult,Aphidius_ervi,"Aphidius ervi Haliday, 1834"
development,8,Days,TRAIND009202,nymph,adult,Aphidius_ervi,"Aphidius ervi Haliday, 1834"
development,8,Days,TRAIND009203,nymph,adult,Aphidius_ervi,"Aphidius ervi Haliday, 1834"
development,8,Days,TRAIND009204,nymph,adult,Aphidius_ervi,"Aphidius ervi Haliday, 1834"
development,8,Days,TRAIND009205,nymph,adult,Aphidius_ervi,"Aphidius ervi Haliday, 1834"
development,8,Days,TRAIND009206,nymph,adult,Aphidius_ervi,"Aphidius ervi Haliday, 1834"
development,9,Days,TRAIND009207,nymph,adult,Aphidius_ervi,"Aphidius ervi Haliday, 1834"
development,9,Days,TRAIND009208,nymph,adult,Aphidius_ervi,"Aphidius ervi Haliday, 1834"
development,9,Days,TRAIND009209,nymph,adult,Aphidius_ervi,"Aphidius ervi Haliday, 1834"
development,9,Days,TRAIND009210,nymph,adult,Aphidius_ervi,"Aphidius ervi Haliday, 1834"
development,9,Days,TRAIND009211,nymph,adult,Aphidius_ervi,"Aphidius ervi Haliday, 1834"
development,9,Days,TRAIND009212,nymph,adult,Aphidius_ervi,"Aphidius ervi Haliday, 1834"
development,9,Days,TRAIND009213,nymph,adult,Aphidius_ervi,"Aphidius ervi Haliday, 1834"
development,9,Days,TRAIND009214,nymph,adult,Aphidius_ervi,"Aphidius ervi Haliday, 1834"
development,10,Days,TRAIND009215,nymph,adult,Aphidius_ervi,"Aphidius ervi Haliday, 1834"
development,10,Days,TRAIND009216,nymph,adult,Aphidius_ervi,"Aphidius ervi Haliday, 1834"
development,10,Days,TRAIND009217,nymph,adult,Aphidius_ervi,"Aphidius ervi Haliday, 1834"
development,10,Days,TRAIND009218,nymph,adult,Aphidius_ervi,"Aphidius ervi Haliday, 1834"
development,10,Days,TRAIND009219,nymph,adult,Aphidius_ervi,"Aphidius ervi Haliday, 1834"
development,1,Days,TRAIND009220,nymph,adult,Aphidius_ervi,"Aphidius ervi Haliday, 1834"
development,1,Days,TRAIND009221,nymph,adult,Aphidius_ervi,"Aphidius ervi Haliday, 1834"
development,2,Days,TRAIND009222,nymph,adult,Aphidius_ervi,"Aphidius ervi Haliday, 1834"
development,2,Days,TRAIND009223,nymph,adult,Aphidius_ervi,"Aphidius ervi Haliday, 1834"
development,2,Days,TRAIND009224,nymph,adult,Aphidius_ervi,"Aphidius ervi Haliday, 1834"
development,2,Days,TRAIND009225,nymph,adult,Aphidius_ervi,"Aphidius ervi Haliday, 1834"
development,2,Days,TRAIND009226,nymph,adult,Aphidius_ervi,"Aphidius ervi Haliday, 1834"
development,2,Days,TRAIND009227,nymph,adult,Aphidius_ervi,"Aphidius ervi Haliday, 1834"
development,2,Days,TRAIND009228,nymph,adult,Aphidius_ervi,"Aphidius ervi Haliday, 1834"
development,2,Days,TRAIND009229,nymph,adult,Aphidius_ervi,"Aphidius ervi Haliday, 1834"
development,2,Days,TRAIND009230,nymph,adult,Aphidius_ervi,"Aphidius ervi Haliday, 1834"
development,2,Days,TRAIND009231,nymph,adult,Aphidius_ervi,"Aphidius ervi Haliday, 1834"
development,2,Days,TRAIND009232,nymph,adult,Aphidius_ervi,"Aphidius ervi Haliday, 1834"
development,2,Days,TRAIND009233,nymph,adult,Aphidius_ervi,"Aphidius ervi Haliday, 1834"
development,2,Days,TRAIND009234,nymph,adult,Aphidius_ervi,"Aphidius ervi Haliday, 1834"
development,2,Days,TRAIND009235,nymph,adult,Aphidius_ervi,"Aphidius ervi Haliday, 1834"
development,3,Days,TRAIND009236,nymph,adult,Aphidius_ervi,"Aphidius ervi Haliday, 1834"
development,3,Days,TRAIND009237,nymph,adult,Aphidius_ervi,"Aphidius ervi Haliday, 1834"
development,3,Days,TRAIND009238,nymph,adult,Aphidius_ervi,"Aphidius ervi Haliday, 1834"
development,3,Days,TRAIND009239,nymph,adult,Aphidius_ervi,"Aphidius ervi Haliday, 1834"
development,3,Days,TRAIND009240,nymph,adult,Aphidius_ervi,"Aphidius ervi Haliday, 1834"
development,3,Days,TRAIND009241,nymph,adult,Aphidius_ervi,"Aphidius ervi Haliday, 1834"
development,3,Days,TRAIND009242,nymph,adult,Aphidius_ervi,"Aphidius ervi Haliday, 1834"
development,3,Days,TRAIND009243,nymph,adult,Aphidius_ervi,"Aphidius ervi Haliday, 1834"
development,3,Days,TRAIND009244,nymph,adult,Aphidius_ervi,"Aphidius ervi Haliday, 1834"
development,3,Days,TRAIND009245,nymph,adult,Aphidius_ervi,"Aphidius ervi Haliday, 1834"
development,3,Days,TRAIND009246,nymph,adult,Aphidius_ervi,"Aphidius ervi Haliday, 1834"
development,3,Days,TRAIND009247,nymph,adult,Aphidius_ervi,"Aphidius ervi Haliday, 1834"
development,3,Days,TRAIND009248,nymph,adult,Aphidius_ervi,"Aphidius ervi Haliday, 1834"
development,3,Days,TRAIND009249,nymph,adult,Aphidius_ervi,"Aphidius ervi Haliday, 1834"
development,3,Days,TRAIND009250,nymph,adult,Aphidius_ervi,"Aphidius ervi Haliday, 1834"
development,3,Days,TRAIND009251,nymph,adult,Aphidius_ervi,"Aphidius ervi Haliday, 1834"
development,3,Days,TRAIND009252,nymph,adult,Aphidius_ervi,"Aphidius ervi Haliday, 1834"
development,4,Days,TRAIND009253,nymph,adult,Aphidius_ervi,"Aphidius ervi Haliday, 1834"
development,4,Days,TRAIND009254,nymph,adult,Aphidius_ervi,"Aphidius ervi Haliday, 1834"
development,4,Days,TRAIND009255,nymph,adult,Aphidius_ervi,"Aphidius ervi Haliday, 1834"
development,4,Days,TRAIND009256,nymph,adult,Aphidius_ervi,"Aphidius ervi Haliday, 1834"
development,4,Days,TRAIND009257,nymph,adult,Aphidius_ervi,"Aphidius ervi Haliday, 1834"
development,4,Days,TRAIND009258,nymph,adult,Aphidius_ervi,"Aphidius ervi Haliday, 1834"
development,4,Days,TRAIND009259,nymph,adult,Aphidius_ervi,"Aphidius ervi Haliday, 1834"
development,4,Days,TRAIND009260,nymph,adult,Aphidius_ervi,"Aphidius ervi Haliday, 1834"
development,4,Days,TRAIND009261,nymph,adult,Aphidius_ervi,"Aphidius ervi Haliday, 1834"
development,4,Days,TRAIND009262,nymph,adult,Aphidius_ervi,"Aphidius ervi Haliday, 1834"
development,4,Days,TRAIND009263,nymph,adult,Aphidius_ervi,"Aphidius ervi Haliday, 1834"
development,4,Days,TRAIND009264,nymph,adult,Aphidius_ervi,"Aphidius ervi Haliday, 1834"
development,4,Days,TRAIND009265,nymph,adult,Aphidius_ervi,"Aphidius ervi Haliday, 1834"
development,4,Days,TRAIND009266,nymph,adult,Aphidius_ervi,"Aphidius ervi Haliday, 1834"
development,4,Days,TRAIND009267,nymph,adult,Aphidius_ervi,"Aphidius ervi Haliday, 1834"
development,4,Days,TRAIND009268,nymph,adult,Aphidius_ervi,"Aphidius ervi Haliday, 1834"
development,4,Days,TRAIND009269,nymph,adult,Aphidius_ervi,"Aphidius ervi Haliday, 1834"
development,4,Days,TRAIND009270,nymph,adult,Aphidius_ervi,"Aphidius ervi Haliday, 1834"
development,4,Days,TRAIND009271,nymph,adult,Aphidius_ervi,"Aphidius ervi Haliday, 1834"
development,4,Days,TRAIND009272,nymph,adult,Aphidius_ervi,"Aphidius ervi Haliday, 1834"
development,4,Days,TRAIND009273,nymph,adult,Aphidius_ervi,"Aphidius ervi Haliday, 1834"
development,4,Days,TRAIND009274,nymph,adult,Aphidius_ervi,"Aphidius ervi Haliday, 1834"
development,4,Days,TRAIND009275,nymph,adult,Aphidius_ervi,"Aphidius ervi Haliday, 1834"
development,4,Days,TRAIND009276,nymph,adult,Aphidius_ervi,"Aphidius ervi Haliday, 1834"
development,4,Days,TRAIND009277,nymph,adult,Aphidius_ervi,"Aphidius ervi Haliday, 1834"
development,5,Days,TRAIND009278,nymph,adult,Aphidius_ervi,"Aphidius ervi Haliday, 1834"
development,5,Days,TRAIND009279,nymph,adult,Aphidius_ervi,"Aphidius ervi Haliday, 1834"
development,5,Days,TRAIND009280,nymph,adult,Aphidius_ervi,"Aphidius ervi Haliday, 1834"
development,5,Days,TRAIND009281,nymph,adult,Aphidius_ervi,"Aphidius ervi Haliday, 1834"
development,5,Days,TRAIND009282,nymph,adult,Aphidius_ervi,"Aphidius ervi Haliday, 1834"
development,5,Days,TRAIND009283,nymph,adult,Aphidius_ervi,"Aphidius ervi Haliday, 1834"
development,5,Days,TRAIND009284,nymph,adult,Aphidius_ervi,"Aphidius ervi Haliday, 1834"
development,5,Days,TRAIND009285,nymph,adult,Aphidius_ervi,"Aphidius ervi Haliday, 1834"
development,5,Days,TRAIND009286,nymph,adult,Aphidius_ervi,"Aphidius ervi Haliday, 1834"
development,5,Days,TRAIND009287,nymph,adult,Aphidius_ervi,"Aphidius ervi Haliday, 1834"
development,5,Days,TRAIND009288,nymph,adult,Aphidius_ervi,"Aphidius ervi Haliday, 1834"
development,5,Days,TRAIND009289,nymph,adult,Aphidius_ervi,"Aphidius ervi Haliday, 1834"
development,5,Days,TRAIND009290,nymph,adult,Aphidius_ervi,"Aphidius ervi Haliday, 1834"
development,5,Days,TRAIND009291,nymph,adult,Aphidius_ervi,"Aphidius ervi Haliday, 1834"
development,5,Days,TRAIND009292,nymph,adult,Aphidius_ervi,"Aphidius ervi Haliday, 1834"
development,5,Days,TRAIND009293,nymph,adult,Aphidius_ervi,"Aphidius ervi Haliday, 1834"
development,5,Days,TRAIND009294,nymph,adult,Aphidius_ervi,"Aphidius ervi Haliday, 1834"
development,5,Days,TRAIND009295,nymph,adult,Aphidius_ervi,"Aphidius ervi Haliday, 1834"
development,5,Days,TRAIND009296,nymph,adult,Aphidius_ervi,"Aphidius ervi Haliday, 1834"
development,6,Days,TRAIND009297,nymph,adult,Aphidius_ervi,"Aphidius ervi Haliday, 1834"
development,6,Days,TRAIND009298,nymph,adult,Aphidius_ervi,"Aphidius ervi Haliday, 1834"
development,6,Days,TRAIND009299,nymph,adult,Aphidius_ervi,"Aphidius ervi Haliday, 1834"
development,6,Days,TRAIND009300,nymph,adult,Aphidius_ervi,"Aphidius ervi Haliday, 1834"
development,6,Days,TRAIND009301,nymph,adult,Aphidius_ervi,"Aphidius ervi Haliday, 1834"
development,6,Days,TRAIND009302,nymph,adult,Aphidius_ervi,"Aphidius ervi Haliday, 1834"
development,6,Days,TRAIND009303,nymph,adult,Aphidius_ervi,"Aphidius ervi Haliday, 1834"
development,6,Days,TRAIND009304,nymph,adult,Aphidius_ervi,"Aphidius ervi Haliday, 1834"
development,6,Days,TRAIND009305,nymph,adult,Aphidius_ervi,"Aphidius ervi Haliday, 1834"
development,6,Days,TRAIND009306,nymph,adult,Aphidius_ervi,"Aphidius ervi Haliday, 1834"
development,6,Days,TRAIND009307,nymph,adult,Aphidius_ervi,"Aphidius ervi Haliday, 1834"
development,6,Days,TRAIND009308,nymph,adult,Aphidius_ervi,"Aphidius ervi Haliday, 1834"
development,6,Days,TRAIND009309,nymph,adult,Aphidius_ervi,"Aphidius ervi Haliday, 1834"
development,6,Days,TRAIND009310,nymph,adult,Aphidius_ervi,"Aphidius ervi Haliday, 1834"
development,7,Days,TRAIND009311,nymph,adult,Aphidius_ervi,"Aphidius ervi Haliday, 1834"
development,7,Days,TRAIND009312,nymph,adult,Aphidius_ervi,"Aphidius ervi Haliday, 1834"
development,7,Days,TRAIND009313,nymph,adult,Aphidius_ervi,"Aphidius ervi Haliday, 1834"
development,7,Days,TRAIND009314,nymph,adult,Aphidius_ervi,"Aphidius ervi Haliday, 1834"
development,7,Days,TRAIND009315,nymph,adult,Aphidius_ervi,"Aphidius ervi Haliday, 1834"
development,7,Days,TRAIND009316,nymph,adult,Aphidius_ervi,"Aphidius ervi Haliday, 1834"
development,7,Days,TRAIND009317,nymph,adult,Aphidius_ervi,"Aphidius ervi Haliday, 1834"
development,7,Days,TRAIND009318,nymph,adult,Aphidius_ervi,"Aphidius ervi Haliday, 1834"
development,7,Days,TRAIND009319,nymph,adult,Aphidius_ervi,"Aphidius ervi Haliday, 1834"
development,7,Days,TRAIND009320,nymph,adult,Aphidius_ervi,"Aphidius ervi Haliday, 1834"
development,7,Days,TRAIND009321,nymph,adult,Aphidius_ervi,"Aphidius ervi Haliday, 1834"
development,7,Days,TRAIND009322,nymph,adult,Aphidius_ervi,"Aphidius ervi Haliday, 1834"
development,7,Days,TRAIND009323,nymph,adult,Aphidius_ervi,"Aphidius ervi Haliday, 1834"
development,7,Days,TRAIND009324,nymph,adult,Aphidius_ervi,"Aphidius ervi Haliday, 1834"
development,7,Days,TRAIND009325,nymph,adult,Aphidius_ervi,"Aphidius ervi Haliday, 1834"
development,7,Days,TRAIND009326,nymph,adult,Aphidius_ervi,"Aphidius ervi Haliday, 1834"
development,7,Days,TRAIND009327,nymph,adult,Aphidius_ervi,"Aphidius ervi Haliday, 1834"
development,7,Days,TRAIND009328,nymph,adult,Aphidius_ervi,"Aphidius ervi Haliday, 1834"
development,7,Days,TRAIND009329,nymph,adult,Aphidius_ervi,"Aphidius ervi Haliday, 1834"
development,7,Days,TRAIND009330,nymph,adult,Aphidius_ervi,"Aphidius ervi Haliday, 1834"
development,7,Days,TRAIND009331,nymph,adult,Aphidius_ervi,"Aphidius ervi Haliday, 1834"
development,7,Days,TRAIND009332,nymph,adult,Aphidius_ervi,"Aphidius ervi Haliday, 1834"
development,7,Days,TRAIND009333,nymph,adult,Aphidius_ervi,"Aphidius ervi Haliday, 1834"
development,7,Days,TRAIND009334,nymph,adult,Aphidius_ervi,"Aphidius ervi Haliday, 1834"
development,7,Days,TRAIND009335,nymph,adult,Aphidius_ervi,"Aphidius ervi Haliday, 1834"
development,7,Days,TRAIND009336,nymph,adult,Aphidius_ervi,"Aphidius ervi Haliday, 1834"
development,7,Days,TRAIND009337,nymph,adult,Aphidius_ervi,"Aphidius ervi Haliday, 1834"
development,7,Days,TRAIND009338,nymph,adult,Aphidius_ervi,"Aphidius ervi Haliday, 1834"
development,8,Days,TRAIND009339,nymph,adult,Aphidius_ervi,"Aphidius ervi Haliday, 1834"
development,9,Days,TRAIND009340,nymph,adult,Aphidius_ervi,"Aphidius ervi Haliday, 1834"
development,10,Days,TRAIND009341,nymph,adult,Aphidius_ervi,"Aphidius ervi Haliday, 1834"
development,10,Days,TRAIND009342,nymph,adult,Aphidius_ervi,"Aphidius ervi Haliday, 1834"
development,10,Days,TRAIND009343,nymph,adult,Aphidius_ervi,"Aphidius ervi Haliday, 1834"
development,10,Days,TRAIND009344,nymph,adult,Aphidius_ervi,"Aphidius ervi Haliday, 1834"
development,10,Days,TRAIND009345,nymph,adult,Aphidius_ervi,"Aphidius ervi Haliday, 1834"
development,10,Days,TRAIND009346,nymph,adult,Aphidius_ervi,"Aphidius ervi Haliday, 1834"
development,10,Days,TRAIND009347,nymph,adult,Aphidius_ervi,"Aphidius ervi Haliday, 1834"
development,10,Days,TRAIND009348,nymph,adult,Aphidius_ervi,"Aphidius ervi Haliday, 1834"
development,10,Days,TRAIND009349,nymph,adult,Aphidius_ervi,"Aphidius ervi Haliday, 1834"
development,10,Days,TRAIND009350,nymph,adult,Aphidius_ervi,"Aphidius ervi Haliday, 1834"
development,10,Days,TRAIND009351,nymph,adult,Aphidius_ervi,"Aphidius ervi Haliday, 1834"
development,10,Days,TRAIND009352,nymph,adult,Aphidius_ervi,"Aphidius ervi Haliday, 1834"
development,10,Days,TRAIND009353,nymph,adult,Aphidius_ervi,"Aphidius ervi Haliday, 1834"
development,10,Days,TRAIND009354,nymph,adult,Aphidius_ervi,"Aphidius ervi Haliday, 1834"
development,10,Days,TRAIND009355,nymph,adult,Aphidius_ervi,"Aphidius ervi Haliday, 1834"
development,10,Days,TRAIND009356,nymph,adult,Aphidius_ervi,"Aphidius ervi Haliday, 1834"
development,11,Days,TRAIND009357,nymph,adult,Aphidius_ervi,"Aphidius ervi Haliday, 1834"
development,12,Days,TRAIND009358,nymph,adult,Aphidius_ervi,"Aphidius ervi Haliday, 1834"
development,12,Days,TRAIND009359,nymph,adult,Aphidius_ervi,"Aphidius ervi Haliday, 1834"
development,12,Days,TRAIND009360,nymph,adult,Aphidius_ervi,"Aphidius ervi Haliday, 1834"
development,12,Days,TRAIND009361,nymph,adult,Aphidius_ervi,"Aphidius ervi Haliday, 1834"
development,12,Days,TRAIND009362,nymph,adult,Aphidius_ervi,"Aphidius ervi Haliday, 1834"
development,12,Days,TRAIND009363,nymph,adult,Aphidius_ervi,"Aphidius ervi Haliday, 1834"
development,12,Days,TRAIND009364,nymph,adult,Aphidius_ervi,"Aphidius ervi Haliday, 1834"
development,12,Days,TRAIND009365,nymph,adult,Aphidius_ervi,"Aphidius ervi Haliday, 1834"
development,12,Days,TRAIND009366,nymph,adult,Aphidius_ervi,"Aphidius ervi Haliday, 1834"
development,12,Days,TRAIND009367,nymph,adult,Aphidius_ervi,"Aphidius ervi Haliday, 1834"
development,12,Days,TRAIND009368,nymph,adult,Aphidius_ervi,"Aphidius ervi Haliday, 1834"
development,12,Days,TRAIND009369,nymph,adult,Aphidius_ervi,"Aphidius ervi Haliday, 1834"
development,12,Days,TRAIND009370,nymph,adult,Aphidius_ervi,"Aphidius ervi Haliday, 1834"
development,12,Days,TRAIND009371,nymph,adult,Aphidius_ervi,"Aphidius ervi Haliday, 1834"
development,13,Days,TRAIND009372,nymph,adult,Aphidius_ervi,"Aphidius ervi Haliday, 1834"
development,13,Days,TRAIND009373,nymph,adult,Aphidius_ervi,"Aphidius ervi Haliday, 1834"
development,13,Days,TRAIND009374,nymph,adult,Aphidius_ervi,"Aphidius ervi Haliday, 1834"
development,13,Days,TRAIND009375,nymph,adult,Aphidius_ervi,"Aphidius ervi Haliday, 1834"
development,13,Days,TRAIND009376,nymph,adult,Aphidius_ervi,"Aphidius ervi Haliday, 1834"
development,13,Days,TRAIND009377,nymph,adult,Aphidius_ervi,"Aphidius ervi Haliday, 1834"
development,13,Days,TRAIND009378,nymph,adult,Aphidius_ervi,"Aphidius ervi Haliday, 1834"
development,13,Days,TRAIND009379,nymph,adult,Aphidius_ervi,"Aphidius ervi Haliday, 1834"
development,13,Days,TRAIND009380,nymph,adult,Aphidius_ervi,"Aphidius ervi Haliday, 1834"
development,13,Days,TRAIND009381,nymph,adult,Aphidius_ervi,"Aphidius ervi Haliday, 1834"
development,13,Days,TRAIND009382,nymph,adult,Aphidius_ervi,"Aphidius ervi Haliday, 1834"
development,14,Days,TRAIND009383,nymph,adult,Aphidius_ervi,"Aphidius ervi Haliday, 1834"
development,15,Days,TRAIND009384,nymph,adult,Aphidius_ervi,"Aphidius ervi Haliday, 1834"
development,16,Days,TRAIND009385,nymph,adult,Aphidius_ervi,"Aphidius ervi Haliday, 1834"
development,16,Days,TRAIND009386,nymph,adult,Aphidius_ervi,"Aphidius ervi Haliday, 1834"
development,16,Days,TRAIND009387,nymph,adult,Aphidius_ervi,"Aphidius ervi Haliday, 1834"
development,16,Days,TRAIND009388,nymph,adult,Aphidius_ervi,"Aphidius ervi Haliday, 1834"
development,16,Days,TRAIND009389,nymph,adult,Aphidius_ervi,"Aphidius ervi Haliday, 1834"
development,16,Days,TRAIND009390,nymph,adult,Aphidius_ervi,"Aphidius ervi Haliday, 1834"
development,16,Days,TRAIND009391,nymph,adult,Aphidius_ervi,"Aphidius ervi Haliday, 1834"
development,16,Days,TRAIND009392,nymph,adult,Aphidius_ervi,"Aphidius ervi Haliday, 1834"
development,16,Days,TRAIND009393,nymph,adult,Aphidius_ervi,"Aphidius ervi Haliday, 1834"
development,16,Days,TRAIND009394,nymph,adult,Aphidius_ervi,"Aphidius ervi Haliday, 1834"
development,16,Days,TRAIND009395,nymph,adult,Aphidius_ervi,"Aphidius ervi Haliday, 1834"
development,16,Days,TRAIND009396,nymph,adult,Aphidius_ervi,"Aphidius ervi Haliday, 1834"
development,16,Days,TRAIND009397,nymph,adult,Aphidius_ervi,"Aphidius ervi Haliday, 1834"
development,16,Days,TRAIND009398,nymph,adult,Aphidius_ervi,"Aphidius ervi Haliday, 1834"
development,16,Days,TRAIND009399,nymph,adult,Aphidius_ervi,"Aphidius ervi Haliday, 1834"
development,17,Days,TRAIND009400,nymph,adult,Aphidius_ervi,"Aphidius ervi Haliday, 1834"
development,18,Days,TRAIND009401,nymph,adult,Aphidius_ervi,"Aphidius ervi Haliday, 1834"
development,18,Days,TRAIND009402,nymph,adult,Aphidius_ervi,"Aphidius ervi Haliday, 1834"
development,18,Days,TRAIND009403,nymph,adult,Aphidius_ervi,"Aphidius ervi Haliday, 1834"
development,18,Days,TRAIND009404,nymph,adult,Aphidius_ervi,"Aphidius ervi Haliday, 1834"
development,18,Days,TRAIND009405,nymph,adult,Aphidius_ervi,"Aphidius ervi Haliday, 1834"
development,1,Days,TRAIND009406,nymph,adult,Aphidius_ervi,"Aphidius ervi Haliday, 1834"
development,1,Days,TRAIND009407,nymph,adult,Aphidius_ervi,"Aphidius ervi Haliday, 1834"
development,2,Days,TRAIND009408,nymph,adult,Aphidius_ervi,"Aphidius ervi Haliday, 1834"
development,3,Days,TRAIND009409,nymph,adult,Aphidius_ervi,"Aphidius ervi Haliday, 1834"
development,4,Days,TRAIND009410,nymph,adult,Aphidius_ervi,"Aphidius ervi Haliday, 1834"
development,4,Days,TRAIND009411,nymph,adult,Aphidius_ervi,"Aphidius ervi Haliday, 1834"
development,4,Days,TRAIND009412,nymph,adult,Aphidius_ervi,"Aphidius ervi Haliday, 1834"
development,5,Days,TRAIND009413,nymph,adult,Aphidius_ervi,"Aphidius ervi Haliday, 1834"
development,6,Days,TRAIND009414,nymph,adult,Aphidius_ervi,"Aphidius ervi Haliday, 1834"
development,7,Days,TRAIND009415,nymph,adult,Aphidius_ervi,"Aphidius ervi Haliday, 1834"
development,8,Days,TRAIND009416,nymph,adult,Aphidius_ervi,"Aphidius ervi Haliday, 1834"
development,8,Days,TRAIND009417,nymph,adult,Aphidius_ervi,"Aphidius ervi Haliday, 1834"
development,8,Days,TRAIND009418,nymph,adult,Aphidius_ervi,"Aphidius ervi Haliday, 1834"
development,8,Days,TRAIND009419,nymph,adult,Aphidius_ervi,"Aphidius ervi Haliday, 1834"
development,9,Days,TRAIND009420,nymph,adult,Aphidius_ervi,"Aphidius ervi Haliday, 1834"
development,9,Days,TRAIND009421,nymph,adult,Aphidius_ervi,"Aphidius ervi Haliday, 1834"
development,10,Days,TRAIND009422,nymph,adult,Aphidius_ervi,"Aphidius ervi Haliday, 1834"
development,11,Days,TRAIND009423,nymph,adult,Aphidius_ervi,"Aphidius ervi Haliday, 1834"
development,12,Days,TRAIND009424,nymph,adult,Aphidius_ervi,"Aphidius ervi Haliday, 1834"
development,12,Days,TRAIND009425,nymph,adult,Aphidius_ervi,"Aphidius ervi Haliday, 1834"
development,12,Days,TRAIND009426,nymph,adult,Aphidius_ervi,"Aphidius ervi Haliday, 1834"
development,13,Days,TRAIND009427,nymph,adult,Aphidius_ervi,"Aphidius ervi Haliday, 1834"
development,14,Days,TRAIND009428,nymph,adult,Aphidius_ervi,"Aphidius ervi Haliday, 1834"
development,15,Days,TRAIND009429,nymph,adult,Aphidius_ervi,"Aphidius ervi Haliday, 1834"
development,16,Days,TRAIND009430,nymph,adult,Aphidius_ervi,"Aphidius ervi Haliday, 1834"
development,17,Days,TRAIND009431,nymph,adult,Aphidius_ervi,"Aphidius ervi Haliday, 1834"
development,18,Days,TRAIND009432,nymph,adult,Aphidius_ervi,"Aphidius ervi Haliday, 1834"
development,18,Days,TRAIND009433,nymph,adult,Aphidius_ervi,"Aphidius ervi Haliday, 1834"
development,18,Days,TRAIND009434,nymph,adult,Aphidius_ervi,"Aphidius ervi Haliday, 1834"
development,18,Days,TRAIND009435,nymph,adult,Aphidius_ervi,"Aphidius ervi Haliday, 1834"
development,18,Days,TRAIND009436,nymph,adult,Aphidius_ervi,"Aphidius ervi Haliday, 1834"
development,18,Days,TRAIND009437,nymph,adult,Aphidius_ervi,"Aphidius ervi Haliday, 1834"
development,19,Days,TRAIND009438,nymph,adult,Aphidius_ervi,"Aphidius ervi Haliday, 1834"
development,20,Days,TRAIND009439,nymph,adult,Aphidius_ervi,"Aphidius ervi Haliday, 1834"
development,21,Days,TRAIND009440,nymph,adult,Aphidius_ervi,"Aphidius ervi Haliday, 1834"
development,21,Days,TRAIND009441,nymph,adult,Aphidius_ervi,"Aphidius ervi Haliday, 1834"
development,21,Days,TRAIND009442,nymph,adult,Aphidius_ervi,"Aphidius ervi Haliday, 1834"
development,22,Days,TRAIND009443,nymph,adult,Aphidius_ervi,"Aphidius ervi Haliday, 1834"
development,23,Days,TRAIND009444,nymph,adult,Aphidius_ervi,"Aphidius ervi Haliday, 1834"
development,24,Days,TRAIND009445,nymph,adult,Aphidius_ervi,"Aphidius ervi Haliday, 1834"
development,24,Days,TRAIND009446,nymph,adult,Aphidius_ervi,"Aphidius ervi Haliday, 1834"
development,24,Days,TRAIND009447,nymph,adult,Aphidius_ervi,"Aphidius ervi Haliday, 1834"
development,25,Days,TRAIND009448,nymph,adult,Aphidius_ervi,"Aphidius ervi Haliday, 1834"
development,26,Days,TRAIND009449,nymph,adult,Aphidius_ervi,"Aphidius ervi Haliday, 1834"
development,27,Days,TRAIND009450,nymph,adult,Aphidius_ervi,"Aphidius ervi Haliday, 1834"
development,28,Days,TRAIND009451,nymph,adult,Aphidius_ervi,"Aphidius ervi Haliday, 1834"
development,29,Days,TRAIND009452,nymph,adult,Aphidius_ervi,"Aphidius ervi Haliday, 1834"
development,30,Days,TRAIND009453,nymph,adult,Aphidius_ervi,"Aphidius ervi Haliday, 1834"
development,31,Days,TRAIND009454,nymph,adult,Aphidius_ervi,"Aphidius ervi Haliday, 1834"
development,32,Days,TRAIND009455,nymph,adult,Aphidius_ervi,"Aphidius ervi Haliday, 1834"
development,33,Days,TRAIND009456,nymph,adult,Aphidius_ervi,"Aphidius ervi Haliday, 1834"
development,34,Days,TRAIND009457,nymph,adult,Aphidius_ervi,"Aphidius ervi Haliday, 1834"
development,35,Days,TRAIND009458,nymph,adult,Aphidius_ervi,"Aphidius ervi Haliday, 1834"
development,36,Days,TRAIND009459,nymph,adult,Aphidius_ervi,"Aphidius ervi Haliday, 1834"
development,37,Days,TRAIND009460,nymph,adult,Aphidius_ervi,"Aphidius ervi Haliday, 1834"
development,38,Days,TRAIND009461,nymph,adult,Aphidius_ervi,"Aphidius ervi Haliday, 1834"
development,39,Days,TRAIND009462,nymph,adult,Aphidius_ervi,"Aphidius ervi Haliday, 1834"
development,39,Days,TRAIND009463,nymph,adult,Aphidius_ervi,"Aphidius ervi Haliday, 1834"
development,39,Days,TRAIND009464,nymph,adult,Aphidius_ervi,"Aphidius ervi Haliday, 1834"
development,39,Days,TRAIND009465,nymph,adult,Aphidius_ervi,"Aphidius ervi Haliday, 1834"
development,39,Days,TRAIND009466,nymph,adult,Aphidius_ervi,"Aphidius ervi Haliday, 1834"
development,39,Days,TRAIND009467,nymph,adult,Aphidius_ervi,"Aphidius ervi Haliday, 1834"
development,39,Days,TRAIND009468,nymph,adult,Aphidius_ervi,"Aphidius ervi Haliday, 1834"
development,39,Days,TRAIND009469,nymph,adult,Aphidius_ervi,"Aphidius ervi Haliday, 1834"
development,40,Days,TRAIND009470,nymph,adult,Aphidius_ervi,"Aphidius ervi Haliday, 1834"
development,40,Days,TRAIND009471,nymph,adult,Aphidius_ervi,"Aphidius ervi Haliday, 1834"
development,40,Days,TRAIND009472,nymph,adult,Aphidius_ervi,"Aphidius ervi Haliday, 1834"
development,40,Days,TRAIND009473,nymph,adult,Aphidius_ervi,"Aphidius ervi Haliday, 1834"
development,40,Days,TRAIND009474,nymph,adult,Aphidius_ervi,"Aphidius ervi Haliday, 1834"
development,40,Days,TRAIND009475,nymph,adult,Aphidius_ervi,"Aphidius ervi Haliday, 1834"
development,40,Days,TRAIND009476,nymph,adult,Aphidius_ervi,"Aphidius ervi Haliday, 1834"
development,41,Days,TRAIND009477,nymph,adult,Aphidius_ervi,"Aphidius ervi Haliday, 1834"
development,41,Days,TRAIND009478,nymph,adult,Aphidius_ervi,"Aphidius ervi Haliday, 1834"
development,41,Days,TRAIND009479,nymph,adult,Aphidius_ervi,"Aphidius ervi Haliday, 1834"
development,41,Days,TRAIND009480,nymph,adult,Aphidius_ervi,"Aphidius ervi Haliday, 1834"
development,41,Days,TRAIND009481,nymph,adult,Aphidius_ervi,"Aphidius ervi Haliday, 1834"
development,42,Days,TRAIND009482,nymph,adult,Aphidius_ervi,"Aphidius ervi Haliday, 1834"
development,42,Days,TRAIND009483,nymph,adult,Aphidius_ervi,"Aphidius ervi Haliday, 1834"
development,43,Days,TRAIND009484,nymph,adult,Aphidius_ervi,"Aphidius ervi Haliday, 1834"
development,44,Days,TRAIND009485,nymph,adult,Aphidius_ervi,"Aphidius ervi Haliday, 1834"
development,45,Days,TRAIND009486,nymph,adult,Aphidius_ervi,"Aphidius ervi Haliday, 1834"
development,45,Days,TRAIND009487,nymph,adult,Aphidius_ervi,"Aphidius ervi Haliday, 1834"
development,45,Days,TRAIND009488,nymph,adult,Aphidius_ervi,"Aphidius ervi Haliday, 1834"
development,45,Days,TRAIND009489,nymph,adult,Aphidius_ervi,"Aphidius ervi Haliday, 1834"
development,45,Days,TRAIND009490,nymph,adult,Aphidius_ervi,"Aphidius ervi Haliday, 1834"
development,45,Days,TRAIND009491,nymph,adult,Aphidius_ervi,"Aphidius ervi Haliday, 1834"
development,45,Days,TRAIND009492,nymph,adult,Aphidius_ervi,"Aphidius ervi Haliday, 1834"
development,45,Days,TRAIND009493,nymph,adult,Aphidius_ervi,"Aphidius ervi Haliday, 1834"
development,45,Days,TRAIND009494,nymph,adult,Aphidius_ervi,"Aphidius ervi Haliday, 1834"
development,45,Days,TRAIND009495,nymph,adult,Aphidius_ervi,"Aphidius ervi Haliday, 1834"
development,45,Days,TRAIND009496,nymph,adult,Aphidius_ervi,"Aphidius ervi Haliday, 1834"
development,45,Days,TRAIND009497,nymph,adult,Aphidius_ervi,"Aphidius ervi Haliday, 1834"
development,45,Days,TRAIND009498,nymph,adult,Aphidius_ervi,"Aphidius ervi Haliday, 1834"
development,1,Days,TRAIND009499,nymph,adult,Aphidius_ervi,"Aphidius ervi Haliday, 1834"
development,1,Days,TRAIND009500,nymph,adult,Aphidius_ervi,"Aphidius ervi Haliday, 1834"
development,1,Days,TRAIND009501,nymph,adult,Aphidius_ervi,"Aphidius ervi Haliday, 1834"
development,1,Days,TRAIND009502,nymph,adult,Aphidius_ervi,"Aphidius ervi Haliday, 1834"
development,1,Days,TRAIND009503,nymph,adult,Aphidius_ervi,"Aphidius ervi Haliday, 1834"
development,1,Days,TRAIND009504,nymph,adult,Aphidius_ervi,"Aphidius ervi Haliday, 1834"
development,1,Days,TRAIND009505,nymph,adult,Aphidius_ervi,"Aphidius ervi Haliday, 1834"
development,1,Days,TRAIND009506,nymph,adult,Aphidius_ervi,"Aphidius ervi Haliday, 1834"
development,1,Days,TRAIND009507,nymph,adult,Aphidius_ervi,"Aphidius ervi Haliday, 1834"
development,2,Days,TRAIND009508,nymph,adult,Aphidius_ervi,"Aphidius ervi Haliday, 1834"
development,2,Days,TRAIND009509,nymph,adult,Aphidius_ervi,"Aphidius ervi Haliday, 1834"
development,2,Days,TRAIND009510,nymph,adult,Aphidius_ervi,"Aphidius ervi Haliday, 1834"
development,2,Days,TRAIND009511,nymph,adult,Aphidius_ervi,"Aphidius ervi Haliday, 1834"
development,2,Days,TRAIND009512,nymph,adult,Aphidius_ervi,"Aphidius ervi Haliday, 1834"
development,2,Days,TRAIND009513,nymph,adult,Aphidius_ervi,"Aphidius ervi Haliday, 1834"
development,2,Days,TRAIND009514,nymph,adult,Aphidius_ervi,"Aphidius ervi Haliday, 1834"
development,2,Days,TRAIND009515,nymph,adult,Aphidius_ervi,"Aphidius ervi Haliday, 1834"
development,2,Days,TRAIND009516,nymph,adult,Aphidius_ervi,"Aphidius ervi Haliday, 1834"
development,2,Days,TRAIND009517,nymph,adult,Aphidius_ervi,"Aphidius ervi Haliday, 1834"
development,2,Days,TRAIND009518,nymph,adult,Aphidius_ervi,"Aphidius ervi Haliday, 1834"
development,2,Days,TRAIND009519,nymph,adult,Aphidius_ervi,"Aphidius ervi Haliday, 1834"
development,2,Days,TRAIND009520,nymph,adult,Aphidius_ervi,"Aphidius ervi Haliday, 1834"
development,2,Days,TRAIND009521,nymph,adult,Aphidius_ervi,"Aphidius ervi Haliday, 1834"
development,2,Days,TRAIND009522,nymph,adult,Aphidius_ervi,"Aphidius ervi Haliday, 1834"
development,2,Days,TRAIND009523,nymph,adult,Aphidius_ervi,"Aphidius ervi Haliday, 1834"
development,2,Days,TRAIND009524,nymph,adult,Aphidius_ervi,"Aphidius ervi Haliday, 1834"
development,2,Days,TRAIND009525,nymph,adult,Aphidius_ervi,"Aphidius ervi Haliday, 1834"
development,2,Days,TRAIND009526,nymph,adult,Aphidius_ervi,"Aphidius ervi Haliday, 1834"
development,2,Days,TRAIND009527,nymph,adult,Aphidius_ervi,"Aphidius ervi Haliday, 1834"
development,2,Days,TRAIND009528,nymph,adult,Aphidius_ervi,"Aphidius ervi Haliday, 1834"
development,2,Days,TRAIND009529,nymph,adult,Aphidius_ervi,"Aphidius ervi Haliday, 1834"
development,2,Days,TRAIND009530,nymph,adult,Aphidius_ervi,"Aphidius ervi Haliday, 1834"
development,2,Days,TRAIND009531,nymph,adult,Aphidius_ervi,"Aphidius ervi Haliday, 1834"
development,2,Days,TRAIND009532,nymph,adult,Aphidius_ervi,"Aphidius ervi Haliday, 1834"
development,3,Days,TRAIND009533,nymph,adult,Aphidius_ervi,"Aphidius ervi Haliday, 1834"
development,3,Days,TRAIND009534,nymph,adult,Aphidius_ervi,"Aphidius ervi Haliday, 1834"
development,3,Days,TRAIND009535,nymph,adult,Aphidius_ervi,"Aphidius ervi Haliday, 1834"
development,3,Days,TRAIND009536,nymph,adult,Aphidius_ervi,"Aphidius ervi Haliday, 1834"
development,3,Days,TRAIND009537,nymph,adult,Aphidius_ervi,"Aphidius ervi Haliday, 1834"
development,3,Days,TRAIND009538,nymph,adult,Aphidius_ervi,"Aphidius ervi Haliday, 1834"
development,3,Days,TRAIND009539,nymph,adult,Aphidius_ervi,"Aphidius ervi Haliday, 1834"
development,3,Days,TRAIND009540,nymph,adult,Aphidius_ervi,"Aphidius ervi Haliday, 1834"
development,3,Days,TRAIND009541,nymph,adult,Aphidius_ervi,"Aphidius ervi Haliday, 1834"
development,3,Days,TRAIND009542,nymph,adult,Aphidius_ervi,"Aphidius ervi Haliday, 1834"
development,3,Days,TRAIND009543,nymph,adult,Aphidius_ervi,"Aphidius ervi Haliday, 1834"
development,3,Days,TRAIND009544,nymph,adult,Aphidius_ervi,"Aphidius ervi Haliday, 1834"
development,3,Days,TRAIND009545,nymph,adult,Aphidius_ervi,"Aphidius ervi Haliday, 1834"
development,3,Days,TRAIND009546,nymph,adult,Aphidius_ervi,"Aphidius ervi Haliday, 1834"
development,3,Days,TRAIND009547,nymph,adult,Aphidius_ervi,"Aphidius ervi Haliday, 1834"
development,3,Days,TRAIND009548,nymph,adult,Aphidius_ervi,"Aphidius ervi Haliday, 1834"
development,3,Days,TRAIND009549,nymph,adult,Aphidius_ervi,"Aphidius ervi Haliday, 1834"
development,3,Days,TRAIND009550,nymph,adult,Aphidius_ervi,"Aphidius ervi Haliday, 1834"
development,3,Days,TRAIND009551,nymph,adult,Aphidius_ervi,"Aphidius ervi Haliday, 1834"
development,3,Days,TRAIND009552,nymph,adult,Aphidius_ervi,"Aphidius ervi Haliday, 1834"
development,3,Days,TRAIND009553,nymph,adult,Aphidius_ervi,"Aphidius ervi Haliday, 1834"
development,3,Days,TRAIND009554,nymph,adult,Aphidius_ervi,"Aphidius ervi Haliday, 1834"
development,3,Days,TRAIND009555,nymph,adult,Aphidius_ervi,"Aphidius ervi Haliday, 1834"
development,3,Days,TRAIND009556,nymph,adult,Aphidius_ervi,"Aphidius ervi Haliday, 1834"
development,3,Days,TRAIND009557,nymph,adult,Aphidius_ervi,"Aphidius ervi Haliday, 1834"
development,3,Days,TRAIND009558,nymph,adult,Aphidius_ervi,"Aphidius ervi Haliday, 1834"
development,3,Days,TRAIND009559,nymph,adult,Aphidius_ervi,"Aphidius ervi Haliday, 1834"
development,3,Days,TRAIND009560,nymph,adult,Aphidius_ervi,"Aphidius ervi Haliday, 1834"
development,3,Days,TRAIND009561,nymph,adult,Aphidius_ervi,"Aphidius ervi Haliday, 1834"
development,3,Days,TRAIND009562,nymph,adult,Aphidius_ervi,"Aphidius ervi Haliday, 1834"
development,4,Days,TRAIND009563,nymph,adult,Aphidius_ervi,"Aphidius ervi Haliday, 1834"
development,4,Days,TRAIND009564,nymph,adult,Aphidius_ervi,"Aphidius ervi Haliday, 1834"
development,4,Days,TRAIND009565,nymph,adult,Aphidius_ervi,"Aphidius ervi Haliday, 1834"
development,4,Days,TRAIND009566,nymph,adult,Aphidius_ervi,"Aphidius ervi Haliday, 1834"
development,4,Days,TRAIND009567,nymph,adult,Aphidius_ervi,"Aphidius ervi Haliday, 1834"
development,4,Days,TRAIND009568,nymph,adult,Aphidius_ervi,"Aphidius ervi Haliday, 1834"
development,4,Days,TRAIND009569,nymph,adult,Aphidius_ervi,"Aphidius ervi Haliday, 1834"
development,4,Days,TRAIND009570,nymph,adult,Aphidius_ervi,"Aphidius ervi Haliday, 1834"
development,4,Days,TRAIND009571,nymph,adult,Aphidius_ervi,"Aphidius ervi Haliday, 1834"
development,4,Days,TRAIND009572,nymph,adult,Aphidius_ervi,"Aphidius ervi Haliday, 1834"
development,4,Days,TRAIND009573,nymph,adult,Aphidius_ervi,"Aphidius ervi Haliday, 1834"
development,4,Days,TRAIND009574,nymph,adult,Aphidius_ervi,"Aphidius ervi Haliday, 1834"
development,4,Days,TRAIND009575,nymph,adult,Aphidius_ervi,"Aphidius ervi Haliday, 1834"
development,4,Days,TRAIND009576,nymph,adult,Aphidius_ervi,"Aphidius ervi Haliday, 1834"
development,4,Days,TRAIND009577,nymph,adult,Aphidius_ervi,"Aphidius ervi Haliday, 1834"
development,4,Days,TRAIND009578,nymph,adult,Aphidius_ervi,"Aphidius ervi Haliday, 1834"
development,4,Days,TRAIND009579,nymph,adult,Aphidius_ervi,"Aphidius ervi Haliday, 1834"
development,4,Days,TRAIND009580,nymph,adult,Aphidius_ervi,"Aphidius ervi Haliday, 1834"
development,4,Days,TRAIND009581,nymph,adult,Aphidius_ervi,"Aphidius ervi Haliday, 1834"
development,4,Days,TRAIND009582,nymph,adult,Aphidius_ervi,"Aphidius ervi Haliday, 1834"
development,4,Days,TRAIND009583,nymph,adult,Aphidius_ervi,"Aphidius ervi Haliday, 1834"
development,4,Days,TRAIND009584,nymph,adult,Aphidius_ervi,"Aphidius ervi Haliday, 1834"
development,4,Days,TRAIND009585,nymph,adult,Aphidius_ervi,"Aphidius ervi Haliday, 1834"
development,4,Days,TRAIND009586,nymph,adult,Aphidius_ervi,"Aphidius ervi Haliday, 1834"
development,4,Days,TRAIND009587,nymph,adult,Aphidius_ervi,"Aphidius ervi Haliday, 1834"
development,4,Days,TRAIND009588,nymph,adult,Aphidius_ervi,"Aphidius ervi Haliday, 1834"
development,4,Days,TRAIND009589,nymph,adult,Aphidius_ervi,"Aphidius ervi Haliday, 1834"
development,4,Days,TRAIND009590,nymph,adult,Aphidius_ervi,"Aphidius ervi Haliday, 1834"
development,4,Days,TRAIND009591,nymph,adult,Aphidius_ervi,"Aphidius ervi Haliday, 1834"
development,4,Days,TRAIND009592,nymph,adult,Aphidius_ervi,"Aphidius ervi Haliday, 1834"
development,4,Days,TRAIND009593,nymph,adult,Aphidius_ervi,"Aphidius ervi Haliday, 1834"
development,4,Days,TRAIND009594,nymph,adult,Aphidius_ervi,"Aphidius ervi Haliday, 1834"
development,4,Days,TRAIND009595,nymph,adult,Aphidius_ervi,"Aphidius ervi Haliday, 1834"
development,4,Days,TRAIND009596,nymph,adult,Aphidius_ervi,"Aphidius ervi Haliday, 1834"
development,4,Days,TRAIND009597,nymph,adult,Aphidius_ervi,"Aphidius ervi Haliday, 1834"
development,5,Days,TRAIND009598,nymph,adult,Aphidius_ervi,"Aphidius ervi Haliday, 1834"
development,5,Days,TRAIND009599,nymph,adult,Aphidius_ervi,"Aphidius ervi Haliday, 1834"
development,5,Days,TRAIND009600,nymph,adult,Aphidius_ervi,"Aphidius ervi Haliday, 1834"
development,5,Days,TRAIND009601,nymph,adult,Aphidius_ervi,"Aphidius ervi Haliday, 1834"
development,5,Days,TRAIND009602,nymph,adult,Aphidius_ervi,"Aphidius ervi Haliday, 1834"
development,5,Days,TRAIND009603,nymph,adult,Aphidius_ervi,"Aphidius ervi Haliday, 1834"
development,5,Days,TRAIND009604,nymph,adult,Aphidius_ervi,"Aphidius ervi Haliday, 1834"
development,5,Days,TRAIND009605,nymph,adult,Aphidius_ervi,"Aphidius ervi Haliday, 1834"
development,5,Days,TRAIND009606,nymph,adult,Aphidius_ervi,"Aphidius ervi Haliday, 1834"
development,5,Days,TRAIND009607,nymph,adult,Aphidius_ervi,"Aphidius ervi Haliday, 1834"
development,5,Days,TRAIND009608,nymph,adult,Aphidius_ervi,"Aphidius ervi Haliday, 1834"
development,5,Days,TRAIND009609,nymph,adult,Aphidius_ervi,"Aphidius ervi Haliday, 1834"
development,5,Days,TRAIND009610,nymph,adult,Aphidius_ervi,"Aphidius ervi Haliday, 1834"
development,5,Days,TRAIND009611,nymph,adult,Aphidius_ervi,"Aphidius ervi Haliday, 1834"
development,5,Days,TRAIND009612,nymph,adult,Aphidius_ervi,"Aphidius ervi Haliday, 1834"
development,5,Days,TRAIND009613,nymph,adult,Aphidius_ervi,"Aphidius ervi Haliday, 1834"
development,5,Days,TRAIND009614,nymph,adult,Aphidius_ervi,"Aphidius ervi Haliday, 1834"
development,5,Days,TRAIND009615,nymph,adult,Aphidius_ervi,"Aphidius ervi Haliday, 1834"
development,5,Days,TRAIND009616,nymph,adult,Aphidius_ervi,"Aphidius ervi Haliday, 1834"
development,6,Days,TRAIND009617,nymph,adult,Aphidius_ervi,"Aphidius ervi Haliday, 1834"
development,6,Days,TRAIND009618,nymph,adult,Aphidius_ervi,"Aphidius ervi Haliday, 1834"
development,6,Days,TRAIND009619,nymph,adult,Aphidius_ervi,"Aphidius ervi Haliday, 1834"
development,6,Days,TRAIND009620,nymph,adult,Aphidius_ervi,"Aphidius ervi Haliday, 1834"
development,6,Days,TRAIND009621,nymph,adult,Aphidius_ervi,"Aphidius ervi Haliday, 1834"
development,6,Days,TRAIND009622,nymph,adult,Aphidius_ervi,"Aphidius ervi Haliday, 1834"
development,6,Days,TRAIND009623,nymph,adult,Aphidius_ervi,"Aphidius ervi Haliday, 1834"
development,6,Days,TRAIND009624,nymph,adult,Aphidius_ervi,"Aphidius ervi Haliday, 1834"
development,6,Days,TRAIND009625,nymph,adult,Aphidius_ervi,"Aphidius ervi Haliday, 1834"
development,6,Days,TRAIND009626,nymph,adult,Aphidius_ervi,"Aphidius ervi Haliday, 1834"
development,6,Days,TRAIND009627,nymph,adult,Aphidius_ervi,"Aphidius ervi Haliday, 1834"
development,6,Days,TRAIND009628,nymph,adult,Aphidius_ervi,"Aphidius ervi Haliday, 1834"
development,6,Days,TRAIND009629,nymph,adult,Aphidius_ervi,"Aphidius ervi Haliday, 1834"
development,6,Days,TRAIND009630,nymph,adult,Aphidius_ervi,"Aphidius ervi Haliday, 1834"
development,6,Days,TRAIND009631,nymph,adult,Aphidius_ervi,"Aphidius ervi Haliday, 1834"
development,6,Days,TRAIND009632,nymph,adult,Aphidius_ervi,"Aphidius ervi Haliday, 1834"
development,6,Days,TRAIND009633,nymph,adult,Aphidius_ervi,"Aphidius ervi Haliday, 1834"
development,6,Days,TRAIND009634,nymph,adult,Aphidius_ervi,"Aphidius ervi Haliday, 1834"
development,6,Days,TRAIND009635,nymph,adult,Aphidius_ervi,"Aphidius ervi Haliday, 1834"
development,6,Days,TRAIND009636,nymph,adult,Aphidius_ervi,"Aphidius ervi Haliday, 1834"
development,6,Days,TRAIND009637,nymph,adult,Aphidius_ervi,"Aphidius ervi Haliday, 1834"
development,6,Days,TRAIND009638,nymph,adult,Aphidius_ervi,"Aphidius ervi Haliday, 1834"
development,6,Days,TRAIND009639,nymph,adult,Aphidius_ervi,"Aphidius ervi Haliday, 1834"
development,6,Days,TRAIND009640,nymph,adult,Aphidius_ervi,"Aphidius ervi Haliday, 1834"
development,6,Days,TRAIND009641,nymph,adult,Aphidius_ervi,"Aphidius ervi Haliday, 1834"
development,6,Days,TRAIND009642,nymph,adult,Aphidius_ervi,"Aphidius ervi Haliday, 1834"
development,6,Days,TRAIND009643,nymph,adult,Aphidius_ervi,"Aphidius ervi Haliday, 1834"
development,7,Days,TRAIND009644,nymph,adult,Aphidius_ervi,"Aphidius ervi Haliday, 1834"
development,7,Days,TRAIND009645,nymph,adult,Aphidius_ervi,"Aphidius ervi Haliday, 1834"
development,7,Days,TRAIND009646,nymph,adult,Aphidius_ervi,"Aphidius ervi Haliday, 1834"
development,7,Days,TRAIND009647,nymph,adult,Aphidius_ervi,"Aphidius ervi Haliday, 1834"
development,7,Days,TRAIND009648,nymph,adult,Aphidius_ervi,"Aphidius ervi Haliday, 1834"
development,7,Days,TRAIND009649,nymph,adult,Aphidius_ervi,"Aphidius ervi Haliday, 1834"
development,7,Days,TRAIND009650,nymph,adult,Aphidius_ervi,"Aphidius ervi Haliday, 1834"
development,7,Days,TRAIND009651,nymph,adult,Aphidius_ervi,"Aphidius ervi Haliday, 1834"
development,7,Days,TRAIND009652,nymph,adult,Aphidius_ervi,"Aphidius ervi Haliday, 1834"
development,7,Days,TRAIND009653,nymph,adult,Aphidius_ervi,"Aphidius ervi Haliday, 1834"
development,7,Days,TRAIND009654,nymph,adult,Aphidius_ervi,"Aphidius ervi Haliday, 1834"
development,7,Days,TRAIND009655,nymph,adult,Aphidius_ervi,"Aphidius ervi Haliday, 1834"
development,7,Days,TRAIND009656,nymph,adult,Aphidius_ervi,"Aphidius ervi Haliday, 1834"
development,7,Days,TRAIND009657,nymph,adult,Aphidius_ervi,"Aphidius ervi Haliday, 1834"
development,7,Days,TRAIND009658,nymph,adult,Aphidius_ervi,"Aphidius ervi Haliday, 1834"
development,7,Days,TRAIND009659,nymph,adult,Aphidius_ervi,"Aphidius ervi Haliday, 1834"
development,7,Days,TRAIND009660,nymph,adult,Aphidius_ervi,"Aphidius ervi Haliday, 1834"
development,7,Days,TRAIND009661,nymph,adult,Aphidius_ervi,"Aphidius ervi Haliday, 1834"
development,8,Days,TRAIND009662,nymph,adult,Aphidius_ervi,"Aphidius ervi Haliday, 1834"
development,8,Days,TRAIND009663,nymph,adult,Aphidius_ervi,"Aphidius ervi Haliday, 1834"
development,8,Days,TRAIND009664,nymph,adult,Aphidius_ervi,"Aphidius ervi Haliday, 1834"
development,8,Days,TRAIND009665,nymph,adult,Aphidius_ervi,"Aphidius ervi Haliday, 1834"
development,8,Days,TRAIND009666,nymph,adult,Aphidius_ervi,"Aphidius ervi Haliday, 1834"
development,8,Days,TRAIND009667,nymph,adult,Aphidius_ervi,"Aphidius ervi Haliday, 1834"
development,8,Days,TRAIND009668,nymph,adult,Aphidius_ervi,"Aphidius ervi Haliday, 1834"
development,8,Days,TRAIND009669,nymph,adult,Aphidius_ervi,"Aphidius ervi Haliday, 1834"
development,8,Days,TRAIND009670,nymph,adult,Aphidius_ervi,"Aphidius ervi Haliday, 1834"
development,8,Days,TRAIND009671,nymph,adult,Aphidius_ervi,"Aphidius ervi Haliday, 1834"
development,8,Days,TRAIND009672,nymph,adult,Aphidius_ervi,"Aphidius ervi Haliday, 1834"
development,9,Days,TRAIND009673,nymph,adult,Aphidius_ervi,"Aphidius ervi Haliday, 1834"
development,9,Days,TRAIND009674,nymph,adult,Aphidius_ervi,"Aphidius ervi Haliday, 1834"
development,9,Days,TRAIND009675,nymph,adult,Aphidius_ervi,"Aphidius ervi Haliday, 1834"
development,9,Days,TRAIND009676,nymph,adult,Aphidius_ervi,"Aphidius ervi Haliday, 1834"
development,9,Days,TRAIND009677,nymph,adult,Aphidius_ervi,"Aphidius ervi Haliday, 1834"
development,9,Days,TRAIND009678,nymph,adult,Aphidius_ervi,"Aphidius ervi Haliday, 1834"
development,1,Days,TRAIND009679,nymph,adult,Aphidius_ervi,"Aphidius ervi Haliday, 1834"
development,1,Days,TRAIND009680,nymph,adult,Aphidius_ervi,"Aphidius ervi Haliday, 1834"
development,2,Days,TRAIND009681,nymph,adult,Aphidius_ervi,"Aphidius ervi Haliday, 1834"
development,2,Days,TRAIND009682,nymph,adult,Aphidius_ervi,"Aphidius ervi Haliday, 1834"
development,2,Days,TRAIND009683,nymph,adult,Aphidius_ervi,"Aphidius ervi Haliday, 1834"
development,3,Days,TRAIND009684,nymph,adult,Aphidius_ervi,"Aphidius ervi Haliday, 1834"
development,3,Days,TRAIND009685,nymph,adult,Aphidius_ervi,"Aphidius ervi Haliday, 1834"
development,3,Days,TRAIND009686,nymph,adult,Aphidius_ervi,"Aphidius ervi Haliday, 1834"
development,3,Days,TRAIND009687,nymph,adult,Aphidius_ervi,"Aphidius ervi Haliday, 1834"
development,3,Days,TRAIND009688,nymph,adult,Aphidius_ervi,"Aphidius ervi Haliday, 1834"
development,4,Days,TRAIND009689,nymph,adult,Aphidius_ervi,"Aphidius ervi Haliday, 1834"
development,5,Days,TRAIND009690,nymph,adult,Aphidius_ervi,"Aphidius ervi Haliday, 1834"
development,5,Days,TRAIND009691,nymph,adult,Aphidius_ervi,"Aphidius ervi Haliday, 1834"
development,5,Days,TRAIND009692,nymph,adult,Aphidius_ervi,"Aphidius ervi Haliday, 1834"
development,5,Days,TRAIND009693,nymph,adult,Aphidius_ervi,"Aphidius ervi Haliday, 1834"
development,6,Days,TRAIND009694,nymph,adult,Aphidius_ervi,"Aphidius ervi Haliday, 1834"
development,6,Days,TRAIND009695,nymph,adult,Aphidius_ervi,"Aphidius ervi Haliday, 1834"
development,6,Days,TRAIND009696,nymph,adult,Aphidius_ervi,"Aphidius ervi Haliday, 1834"
development,6,Days,TRAIND009697,nymph,adult,Aphidius_ervi,"Aphidius ervi Haliday, 1834"
development,6,Days,TRAIND009698,nymph,adult,Aphidius_ervi,"Aphidius ervi Haliday, 1834"
development,6,Days,TRAIND009699,nymph,adult,Aphidius_ervi,"Aphidius ervi Haliday, 1834"
development,6,Days,TRAIND009700,nymph,adult,Aphidius_ervi,"Aphidius ervi Haliday, 1834"
development,6,Days,TRAIND009701,nymph,adult,Aphidius_ervi,"Aphidius ervi Haliday, 1834"
development,6,Days,TRAIND009702,nymph,adult,Aphidius_ervi,"Aphidius ervi Haliday, 1834"
development,6,Days,TRAIND009703,nymph,adult,Aphidius_ervi,"Aphidius ervi Haliday, 1834"
development,6,Days,TRAIND009704,nymph,adult,Aphidius_ervi,"Aphidius ervi Haliday, 1834"
development,6,Days,TRAIND009705,nymph,adult,Aphidius_ervi,"Aphidius ervi Haliday, 1834"
development,6,Days,TRAIND009706,nymph,adult,Aphidius_ervi,"Aphidius ervi Haliday, 1834"
development,6,Days,TRAIND009707,nymph,adult,Aphidius_ervi,"Aphidius ervi Haliday, 1834"
development,6,Days,TRAIND009708,nymph,adult,Aphidius_ervi,"Aphidius ervi Haliday, 1834"
development,6,Days,TRAIND009709,nymph,adult,Aphidius_ervi,"Aphidius ervi Haliday, 1834"
development,6,Days,TRAIND009710,nymph,adult,Aphidius_ervi,"Aphidius ervi Haliday, 1834"
development,6,Days,TRAIND009711,nymph,adult,Aphidius_ervi,"Aphidius ervi Haliday, 1834"
development,6,Days,TRAIND009712,nymph,adult,Aphidius_ervi,"Aphidius ervi Haliday, 1834"
development,6,Days,TRAIND009713,nymph,adult,Aphidius_ervi,"Aphidius ervi Haliday, 1834"
development,6,Days,TRAIND009714,nymph,adult,Aphidius_ervi,"Aphidius ervi Haliday, 1834"
development,6,Days,TRAIND009715,nymph,adult,Aphidius_ervi,"Aphidius ervi Haliday, 1834"
development,6,Days,TRAIND009716,nymph,adult,Aphidius_ervi,"Aphidius ervi Haliday, 1834"
development,6,Days,TRAIND009717,nymph,adult,Aphidius_ervi,"Aphidius ervi Haliday, 1834"
development,6,Days,TRAIND009718,nymph,adult,Aphidius_ervi,"Aphidius ervi Haliday, 1834"
development,7,Days,TRAIND009719,nymph,adult,Aphidius_ervi,"Aphidius ervi Haliday, 1834"
development,7,Days,TRAIND009720,nymph,adult,Aphidius_ervi,"Aphidius ervi Haliday, 1834"
development,7,Days,TRAIND009721,nymph,adult,Aphidius_ervi,"Aphidius ervi Haliday, 1834"
development,7,Days,TRAIND009722,nymph,adult,Aphidius_ervi,"Aphidius ervi Haliday, 1834"
development,7,Days,TRAIND009723,nymph,adult,Aphidius_ervi,"Aphidius ervi Haliday, 1834"
development,7,Days,TRAIND009724,nymph,adult,Aphidius_ervi,"Aphidius ervi Haliday, 1834"
development,7,Days,TRAIND009725,nymph,adult,Aphidius_ervi,"Aphidius ervi Haliday, 1834"
development,7,Days,TRAIND009726,nymph,adult,Aphidius_ervi,"Aphidius ervi Haliday, 1834"
development,7,Days,TRAIND009727,nymph,adult,Aphidius_ervi,"Aphidius ervi Haliday, 1834"
development,7,Days,TRAIND009728,nymph,adult,Aphidius_ervi,"Aphidius ervi Haliday, 1834"
development,7,Days,TRAIND009729,nymph,adult,Aphidius_ervi,"Aphidius ervi Haliday, 1834"
development,7,Days,TRAIND009730,nymph,adult,Aphidius_ervi,"Aphidius ervi Haliday, 1834"
development,7,Days,TRAIND009731,nymph,adult,Aphidius_ervi,"Aphidius ervi Haliday, 1834"
development,7,Days,TRAIND009732,nymph,adult,Aphidius_ervi,"Aphidius ervi Haliday, 1834"
development,7,Days,TRAIND009733,nymph,adult,Aphidius_ervi,"Aphidius ervi Haliday, 1834"
development,7,Days,TRAIND009734,nymph,adult,Aphidius_ervi,"Aphidius ervi Haliday, 1834"
development,7,Days,TRAIND009735,nymph,adult,Aphidius_ervi,"Aphidius ervi Haliday, 1834"
development,7,Days,TRAIND009736,nymph,adult,Aphidius_ervi,"Aphidius ervi Haliday, 1834"
development,7,Days,TRAIND009737,nymph,adult,Aphidius_ervi,"Aphidius ervi Haliday, 1834"
development,8,Days,TRAIND009738,nymph,adult,Aphidius_ervi,"Aphidius ervi Haliday, 1834"
development,9,Days,TRAIND009739,nymph,adult,Aphidius_ervi,"Aphidius ervi Haliday, 1834"
development,9,Days,TRAIND009740,nymph,adult,Aphidius_ervi,"Aphidius ervi Haliday, 1834"
development,9,Days,TRAIND009741,nymph,adult,Aphidius_ervi,"Aphidius ervi Haliday, 1834"
development,9,Days,TRAIND009742,nymph,adult,Aphidius_ervi,"Aphidius ervi Haliday, 1834"
development,9,Days,TRAIND009743,nymph,adult,Aphidius_ervi,"Aphidius ervi Haliday, 1834"
development,9,Days,TRAIND009744,nymph,adult,Aphidius_ervi,"Aphidius ervi Haliday, 1834"
development,9,Days,TRAIND009745,nymph,adult,Aphidius_ervi,"Aphidius ervi Haliday, 1834"
development,10,Days,TRAIND009746,nymph,adult,Aphidius_ervi,"Aphidius ervi Haliday, 1834"
development,10,Days,TRAIND009747,nymph,adult,Aphidius_ervi,"Aphidius ervi Haliday, 1834"
development,10,Days,TRAIND009748,nymph,adult,Aphidius_ervi,"Aphidius ervi Haliday, 1834"
development,10,Days,TRAIND009749,nymph,adult,Aphidius_ervi,"Aphidius ervi Haliday, 1834"
development,10,Days,TRAIND009750,nymph,adult,Aphidius_ervi,"Aphidius ervi Haliday, 1834"
development,10,Days,TRAIND009751,nymph,adult,Aphidius_ervi,"Aphidius ervi Haliday, 1834"
development,10,Days,TRAIND009752,nymph,adult,Aphidius_ervi,"Aphidius ervi Haliday, 1834"
development,10,Days,TRAIND009753,nymph,adult,Aphidius_ervi,"Aphidius ervi Haliday, 1834"
development,10,Days,TRAIND009754,nymph,adult,Aphidius_ervi,"Aphidius ervi Haliday, 1834"
development,10,Days,TRAIND009755,nymph,adult,Aphidius_ervi,"Aphidius ervi Haliday, 1834"
development,10,Days,TRAIND009756,nymph,adult,Aphidius_ervi,"Aphidius ervi Haliday, 1834"
development,10,Days,TRAIND009757,nymph,adult,Aphidius_ervi,"Aphidius ervi Haliday, 1834"
development,10,Days,TRAIND009758,nymph,adult,Aphidius_ervi,"Aphidius ervi Haliday, 1834"
development,10,Days,TRAIND009759,nymph,adult,Aphidius_ervi,"Aphidius ervi Haliday, 1834"
development,10,Days,TRAIND009760,nymph,adult,Aphidius_ervi,"Aphidius ervi Haliday, 1834"
development,11,Days,TRAIND009761,nymph,adult,Aphidius_ervi,"Aphidius ervi Haliday, 1834"
development,11,Days,TRAIND009762,nymph,adult,Aphidius_ervi,"Aphidius ervi Haliday, 1834"
development,11,Days,TRAIND009763,nymph,adult,Aphidius_ervi,"Aphidius ervi Haliday, 1834"
development,11,Days,TRAIND009764,nymph,adult,Aphidius_ervi,"Aphidius ervi Haliday, 1834"
development,11,Days,TRAIND009765,nymph,adult,Aphidius_ervi,"Aphidius ervi Haliday, 1834"
development,12,Days,TRAIND009766,nymph,adult,Aphidius_ervi,"Aphidius ervi Haliday, 1834"
development,12,Days,TRAIND009767,nymph,adult,Aphidius_ervi,"Aphidius ervi Haliday, 1834"
development,12,Days,TRAIND009768,nymph,adult,Aphidius_ervi,"Aphidius ervi Haliday, 1834"
development,12,Days,TRAIND009769,nymph,adult,Aphidius_ervi,"Aphidius ervi Haliday, 1834"
development,12,Days,TRAIND009770,nymph,adult,Aphidius_ervi,"Aphidius ervi Haliday, 1834"
development,12,Days,TRAIND009771,nymph,adult,Aphidius_ervi,"Aphidius ervi Haliday, 1834"
development,12,Days,TRAIND009772,nymph,adult,Aphidius_ervi,"Aphidius ervi Haliday, 1834"
development,12,Days,TRAIND009773,nymph,adult,Aphidius_ervi,"Aphidius ervi Haliday, 1834"
development,12,Days,TRAIND009774,nymph,adult,Aphidius_ervi,"Aphidius ervi Haliday, 1834"
development,12,Days,TRAIND009775,nymph,adult,Aphidius_ervi,"Aphidius ervi Haliday, 1834"
development,12,Days,TRAIND009776,nymph,adult,Aphidius_ervi,"Aphidius ervi Haliday, 1834"
development,12,Days,TRAIND009777,nymph,adult,Aphidius_ervi,"Aphidius ervi Haliday, 1834"
development,13,Days,TRAIND009778,nymph,adult,Aphidius_ervi,"Aphidius ervi Haliday, 1834"
development,13,Days,TRAIND009779,nymph,adult,Aphidius_ervi,"Aphidius ervi Haliday, 1834"
development,13,Days,TRAIND009780,nymph,adult,Aphidius_ervi,"Aphidius ervi Haliday, 1834"
development,13,Days,TRAIND009781,nymph,adult,Aphidius_ervi,"Aphidius ervi Haliday, 1834"
development,13,Days,TRAIND009782,nymph,adult,Aphidius_ervi,"Aphidius ervi Haliday, 1834"
development,13,Days,TRAIND009783,nymph,adult,Aphidius_ervi,"Aphidius ervi Haliday, 1834"
development,13,Days,TRAIND009784,nymph,adult,Aphidius_ervi,"Aphidius ervi Haliday, 1834"
development,13,Days,TRAIND009785,nymph,adult,Aphidius_ervi,"Aphidius ervi Haliday, 1834"
development,13,Days,TRAIND009786,nymph,adult,Aphidius_ervi,"Aphidius ervi Haliday, 1834"
development,14,Days,TRAIND009787,nymph,adult,Aphidius_ervi,"Aphidius ervi Haliday, 1834"
development,14,Days,TRAIND009788,nymph,adult,Aphidius_ervi,"Aphidius ervi Haliday, 1834"
development,14,Days,TRAIND009789,nymph,adult,Aphidius_ervi,"Aphidius ervi Haliday, 1834"
development,15,Days,TRAIND009790,nymph,adult,Aphidius_ervi,"Aphidius ervi Haliday, 1834"
development,15,Days,TRAIND009791,nymph,adult,Aphidius_ervi,"Aphidius ervi Haliday, 1834"
development,15,Days,TRAIND009792,nymph,adult,Aphidius_ervi,"Aphidius ervi Haliday, 1834"
development,15,Days,TRAIND009793,nymph,adult,Aphidius_ervi,"Aphidius ervi Haliday, 1834"
development,15,Days,TRAIND009794,nymph,adult,Aphidius_ervi,"Aphidius ervi Haliday, 1834"
development,16,Days,TRAIND009795,nymph,adult,Aphidius_ervi,"Aphidius ervi Haliday, 1834"
development,16,Days,TRAIND009796,nymph,adult,Aphidius_ervi,"Aphidius ervi Haliday, 1834"
development,1,Days,TRAIND010041,"","",Aphidius_ervi,"Aphidius ervi Haliday, 1834"
development,1,Days,TRAIND010042,"","",Aphidius_ervi,"Aphidius ervi Haliday, 1834"
development,1,Days,TRAIND010043,"","",Aphidius_ervi,"Aphidius ervi Haliday, 1834"
development,1,Days,TRAIND010044,"","",Aphidius_ervi,"Aphidius ervi Haliday, 1834"
development,1,Days,TRAIND010045,"","",Aphidius_ervi,"Aphidius ervi Haliday, 1834"
development,1,Days,TRAIND010046,"","",Aphidius_ervi,"Aphidius ervi Haliday, 1834"
development,1,Days,TRAIND010047,"","",Aphidius_ervi,"Aphidius ervi Haliday, 1834"
development,1,Days,TRAIND010048,"","",Aphidius_ervi,"Aphidius ervi Haliday, 1834"
development,1,Days,TRAIND010049,"","",Aphidius_ervi,"Aphidius ervi Haliday, 1834"
development,1,Days,TRAIND010050,"","",Aphidius_ervi,"Aphidius ervi Haliday, 1834"
development,1,Days,TRAIND010051,"","",Aphidius_ervi,"Aphidius ervi Haliday, 1834"
development,1,Days,TRAIND010052,"","",Aphidius_ervi,"Aphidius ervi Haliday, 1834"
development,1,Days,TRAIND010053,"","",Aphidius_ervi,"Aphidius ervi Haliday, 1834"
development,1,Days,TRAIND010054,"","",Aphidius_ervi,"Aphidius ervi Haliday, 1834"
development,1,Days,TRAIND010055,"","",Aphidius_ervi,"Aphidius ervi Haliday, 1834"
development,1,Days,TRAIND010056,"","",Aphidius_ervi,"Aphidius ervi Haliday, 1834"
development,1,Days,TRAIND010057,"","",Aphidius_ervi,"Aphidius ervi Haliday, 1834"
development,1,Days,TRAIND010058,"","",Aphidius_ervi,"Aphidius ervi Haliday, 1834"
development,1,Days,TRAIND010059,"","",Aphidius_ervi,"Aphidius ervi Haliday, 1834"
development,1,Days,TRAIND010060,"","",Aphidius_ervi,"Aphidius ervi Haliday, 1834"
development,1,Days,TRAIND010061,"","",Aphidius_ervi,"Aphidius ervi Haliday, 1834"
development,1,Days,TRAIND010062,"","",Aphidius_ervi,"Aphidius ervi Haliday, 1834"
development,1,Days,TRAIND010063,"","",Aphidius_ervi,"Aphidius ervi Haliday, 1834"
development,1,Days,TRAIND010064,"","",Aphidius_ervi,"Aphidius ervi Haliday, 1834"
development,1,Days,TRAIND010065,"","",Aphidius_ervi,"Aphidius ervi Haliday, 1834"
development,1,Days,TRAIND010066,"","",Aphidius_ervi,"Aphidius ervi Haliday, 1834"
development,2,Days,TRAIND010067,"","",Aphidius_ervi,"Aphidius ervi Haliday, 1834"
development,2,Days,TRAIND010068,"","",Aphidius_ervi,"Aphidius ervi Haliday, 1834"
development,2,Days,TRAIND010069,"","",Aphidius_ervi,"Aphidius ervi Haliday, 1834"
development,2,Days,TRAIND010070,"","",Aphidius_ervi,"Aphidius ervi Haliday, 1834"
development,2,Days,TRAIND010071,"","",Aphidius_ervi,"Aphidius ervi Haliday, 1834"
development,2,Days,TRAIND010072,"","",Aphidius_ervi,"Aphidius ervi Haliday, 1834"
development,2,Days,TRAIND010073,"","",Aphidius_ervi,"Aphidius ervi Haliday, 1834"
development,2,Days,TRAIND010074,"","",Aphidius_ervi,"Aphidius ervi Haliday, 1834"
development,2,Days,TRAIND010075,"","",Aphidius_ervi,"Aphidius ervi Haliday, 1834"
development,2,Days,TRAIND010076,"","",Aphidius_ervi,"Aphidius ervi Haliday, 1834"
development,2,Days,TRAIND010077,"","",Aphidius_ervi,"Aphidius ervi Haliday, 1834"
development,2,Days,TRAIND010078,"","",Aphidius_ervi,"Aphidius ervi Haliday, 1834"
development,2,Days,TRAIND010079,"","",Aphidius_ervi,"Aphidius ervi Haliday, 1834"
development,2,Days,TRAIND010080,"","",Aphidius_ervi,"Aphidius ervi Haliday, 1834"
development,2,Days,TRAIND010081,"","",Aphidius_ervi,"Aphidius ervi Haliday, 1834"
development,2,Days,TRAIND010082,"","",Aphidius_ervi,"Aphidius ervi Haliday, 1834"
development,2,Days,TRAIND010083,"","",Aphidius_ervi,"Aphidius ervi Haliday, 1834"
development,2,Days,TRAIND010084,"","",Aphidius_ervi,"Aphidius ervi Haliday, 1834"
development,2,Days,TRAIND010085,"","",Aphidius_ervi,"Aphidius ervi Haliday, 1834"
development,2,Days,TRAIND010086,"","",Aphidius_ervi,"Aphidius ervi Haliday, 1834"
development,2,Days,TRAIND010087,"","",Aphidius_ervi,"Aphidius ervi Haliday, 1834"
development,2,Days,TRAIND010088,"","",Aphidius_ervi,"Aphidius ervi Haliday, 1834"
development,2,Days,TRAIND010089,"","",Aphidius_ervi,"Aphidius ervi Haliday, 1834"
development,2,Days,TRAIND010090,"","",Aphidius_ervi,"Aphidius ervi Haliday, 1834"
development,2,Days,TRAIND010091,"","",Aphidius_ervi,"Aphidius ervi Haliday, 1834"
development,2,Days,TRAIND010092,"","",Aphidius_ervi,"Aphidius ervi Haliday, 1834"
development,2,Days,TRAIND010093,"","",Aphidius_ervi,"Aphidius ervi Haliday, 1834"
development,2,Days,TRAIND010094,"","",Aphidius_ervi,"Aphidius ervi Haliday, 1834"
development,2,Days,TRAIND010095,"","",Aphidius_ervi,"Aphidius ervi Haliday, 1834"
development,2,Days,TRAIND010096,"","",Aphidius_ervi,"Aphidius ervi Haliday, 1834"
development,2,Days,TRAIND010097,"","",Aphidius_ervi,"Aphidius ervi Haliday, 1834"
development,2,Days,TRAIND010098,"","",Aphidius_ervi,"Aphidius ervi Haliday, 1834"
development,2,Days,TRAIND010099,"","",Aphidius_ervi,"Aphidius ervi Haliday, 1834"
development,2,Days,TRAIND010100,"","",Aphidius_ervi,"Aphidius ervi Haliday, 1834"
development,2,Days,TRAIND010101,"","",Aphidius_ervi,"Aphidius ervi Haliday, 1834"
development,2,Days,TRAIND010102,"","",Aphidius_ervi,"Aphidius ervi Haliday, 1834"
development,2,Days,TRAIND010103,"","",Aphidius_ervi,"Aphidius ervi Haliday, 1834"
development,2,Days,TRAIND010104,"","",Aphidius_ervi,"Aphidius ervi Haliday, 1834"
development,2,Days,TRAIND010105,"","",Aphidius_ervi,"Aphidius ervi Haliday, 1834"
development,2,Days,TRAIND010106,"","",Aphidius_ervi,"Aphidius ervi Haliday, 1834"
development,2,Days,TRAIND010107,"","",Aphidius_ervi,"Aphidius ervi Haliday, 1834"
development,2,Days,TRAIND010108,"","",Aphidius_ervi,"Aphidius ervi Haliday, 1834"
development,2,Days,TRAIND010109,"","",Aphidius_ervi,"Aphidius ervi Haliday, 1834"
development,2,Days,TRAIND010110,"","",Aphidius_ervi,"Aphidius ervi Haliday, 1834"
development,2,Days,TRAIND010111,"","",Aphidius_ervi,"Aphidius ervi Haliday, 1834"
development,2,Days,TRAIND010112,"","",Aphidius_ervi,"Aphidius ervi Haliday, 1834"
development,2,Days,TRAIND010113,"","",Aphidius_ervi,"Aphidius ervi Haliday, 1834"
development,2,Days,TRAIND010114,"","",Aphidius_ervi,"Aphidius ervi Haliday, 1834"
development,2,Days,TRAIND010115,"","",Aphidius_ervi,"Aphidius ervi Haliday, 1834"
development,2,Days,TRAIND010116,"","",Aphidius_ervi,"Aphidius ervi Haliday, 1834"
development,2,Days,TRAIND010117,"","",Aphidius_ervi,"Aphidius ervi Haliday, 1834"
development,2,Days,TRAIND010118,"","",Aphidius_ervi,"Aphidius ervi Haliday, 1834"
development,2,Days,TRAIND010119,"","",Aphidius_ervi,"Aphidius ervi Haliday, 1834"
development,2,Days,TRAIND010120,"","",Aphidius_ervi,"Aphidius ervi Haliday, 1834"
development,2,Days,TRAIND010121,"","",Aphidius_ervi,"Aphidius ervi Haliday, 1834"
development,3,Days,TRAIND010122,"","",Aphidius_ervi,"Aphidius ervi Haliday, 1834"
development,3,Days,TRAIND010123,"","",Aphidius_ervi,"Aphidius ervi Haliday, 1834"
development,3,Days,TRAIND010124,"","",Aphidius_ervi,"Aphidius ervi Haliday, 1834"
development,3,Days,TRAIND010125,"","",Aphidius_ervi,"Aphidius ervi Haliday, 1834"
development,3,Days,TRAIND010126,"","",Aphidius_ervi,"Aphidius ervi Haliday, 1834"
development,3,Days,TRAIND010127,"","",Aphidius_ervi,"Aphidius ervi Haliday, 1834"
development,3,Days,TRAIND010128,"","",Aphidius_ervi,"Aphidius ervi Haliday, 1834"
development,3,Days,TRAIND010129,"","",Aphidius_ervi,"Aphidius ervi Haliday, 1834"
development,3,Days,TRAIND010130,"","",Aphidius_ervi,"Aphidius ervi Haliday, 1834"
development,3,Days,TRAIND010131,"","",Aphidius_ervi,"Aphidius ervi Haliday, 1834"
development,3,Days,TRAIND010132,"","",Aphidius_ervi,"Aphidius ervi Haliday, 1834"
development,3,Days,TRAIND010133,"","",Aphidius_ervi,"Aphidius ervi Haliday, 1834"
development,3,Days,TRAIND010134,"","",Aphidius_ervi,"Aphidius ervi Haliday, 1834"
development,3,Days,TRAIND010135,"","",Aphidius_ervi,"Aphidius ervi Haliday, 1834"
development,3,Days,TRAIND010136,"","",Aphidius_ervi,"Aphidius ervi Haliday, 1834"
development,3,Days,TRAIND010137,"","",Aphidius_ervi,"Aphidius ervi Haliday, 1834"
development,3,Days,TRAIND010138,"","",Aphidius_ervi,"Aphidius ervi Haliday, 1834"
development,3,Days,TRAIND010139,"","",Aphidius_ervi,"Aphidius ervi Haliday, 1834"
development,3,Days,TRAIND010140,"","",Aphidius_ervi,"Aphidius ervi Haliday, 1834"
development,3,Days,TRAIND010141,"","",Aphidius_ervi,"Aphidius ervi Haliday, 1834"
development,3,Days,TRAIND010142,"","",Aphidius_ervi,"Aphidius ervi Haliday, 1834"
development,3,Days,TRAIND010143,"","",Aphidius_ervi,"Aphidius ervi Haliday, 1834"
development,3,Days,TRAIND010144,"","",Aphidius_ervi,"Aphidius ervi Haliday, 1834"
development,3,Days,TRAIND010145,"","",Aphidius_ervi,"Aphidius ervi Haliday, 1834"
development,3,Days,TRAIND010146,"","",Aphidius_ervi,"Aphidius ervi Haliday, 1834"
development,3,Days,TRAIND010147,"","",Aphidius_ervi,"Aphidius ervi Haliday, 1834"
development,3,Days,TRAIND010148,"","",Aphidius_ervi,"Aphidius ervi Haliday, 1834"
development,3,Days,TRAIND010149,"","",Aphidius_ervi,"Aphidius ervi Haliday, 1834"
development,3,Days,TRAIND010150,"","",Aphidius_ervi,"Aphidius ervi Haliday, 1834"
development,3,Days,TRAIND010151,"","",Aphidius_ervi,"Aphidius ervi Haliday, 1834"
development,3,Days,TRAIND010152,"","",Aphidius_ervi,"Aphidius ervi Haliday, 1834"
development,3,Days,TRAIND010153,"","",Aphidius_ervi,"Aphidius ervi Haliday, 1834"
development,3,Days,TRAIND010154,"","",Aphidius_ervi,"Aphidius ervi Haliday, 1834"
development,3,Days,TRAIND010155,"","",Aphidius_ervi,"Aphidius ervi Haliday, 1834"
development,3,Days,TRAIND010156,"","",Aphidius_ervi,"Aphidius ervi Haliday, 1834"
development,3,Days,TRAIND010157,"","",Aphidius_ervi,"Aphidius ervi Haliday, 1834"
development,3,Days,TRAIND010158,"","",Aphidius_ervi,"Aphidius ervi Haliday, 1834"
development,3,Days,TRAIND010159,"","",Aphidius_ervi,"Aphidius ervi Haliday, 1834"
development,3,Days,TRAIND010160,"","",Aphidius_ervi,"Aphidius ervi Haliday, 1834"
development,3,Days,TRAIND010161,"","",Aphidius_ervi,"Aphidius ervi Haliday, 1834"
development,3,Days,TRAIND010162,"","",Aphidius_ervi,"Aphidius ervi Haliday, 1834"
development,3,Days,TRAIND010163,"","",Aphidius_ervi,"Aphidius ervi Haliday, 1834"
development,3,Days,TRAIND010164,"","",Aphidius_ervi,"Aphidius ervi Haliday, 1834"
development,3,Days,TRAIND010165,"","",Aphidius_ervi,"Aphidius ervi Haliday, 1834"
development,3,Days,TRAIND010166,"","",Aphidius_ervi,"Aphidius ervi Haliday, 1834"
development,3,Days,TRAIND010167,"","",Aphidius_ervi,"Aphidius ervi Haliday, 1834"
development,3,Days,TRAIND010168,"","",Aphidius_ervi,"Aphidius ervi Haliday, 1834"
development,3,Days,TRAIND010169,"","",Aphidius_ervi,"Aphidius ervi Haliday, 1834"
development,3,Days,TRAIND010170,"","",Aphidius_ervi,"Aphidius ervi Haliday, 1834"
development,3,Days,TRAIND010171,"","",Aphidius_ervi,"Aphidius ervi Haliday, 1834"
development,3,Days,TRAIND010172,"","",Aphidius_ervi,"Aphidius ervi Haliday, 1834"
development,3,Days,TRAIND010173,"","",Aphidius_ervi,"Aphidius ervi Haliday, 1834"
development,3,Days,TRAIND010174,"","",Aphidius_ervi,"Aphidius ervi Haliday, 1834"
development,3,Days,TRAIND010175,"","",Aphidius_ervi,"Aphidius ervi Haliday, 1834"
development,3,Days,TRAIND010176,"","",Aphidius_ervi,"Aphidius ervi Haliday, 1834"
development,3,Days,TRAIND010177,"","",Aphidius_ervi,"Aphidius ervi Haliday, 1834"
development,3,Days,TRAIND010178,"","",Aphidius_ervi,"Aphidius ervi Haliday, 1834"
development,3,Days,TRAIND010179,"","",Aphidius_ervi,"Aphidius ervi Haliday, 1834"
development,3,Days,TRAIND010180,"","",Aphidius_ervi,"Aphidius ervi Haliday, 1834"
development,3,Days,TRAIND010181,"","",Aphidius_ervi,"Aphidius ervi Haliday, 1834"
development,3,Days,TRAIND010182,"","",Aphidius_ervi,"Aphidius ervi Haliday, 1834"
development,3,Days,TRAIND010183,"","",Aphidius_ervi,"Aphidius ervi Haliday, 1834"
development,3,Days,TRAIND010184,"","",Aphidius_ervi,"Aphidius ervi Haliday, 1834"
development,3,Days,TRAIND010185,"","",Aphidius_ervi,"Aphidius ervi Haliday, 1834"
development,3,Days,TRAIND010186,"","",Aphidius_ervi,"Aphidius ervi Haliday, 1834"
development,3,Days,TRAIND010187,"","",Aphidius_ervi,"Aphidius ervi Haliday, 1834"
development,3,Days,TRAIND010188,"","",Aphidius_ervi,"Aphidius ervi Haliday, 1834"
development,3,Days,TRAIND010189,"","",Aphidius_ervi,"Aphidius ervi Haliday, 1834"
development,3,Days,TRAIND010190,"","",Aphidius_ervi,"Aphidius ervi Haliday, 1834"
development,3,Days,TRAIND010191,"","",Aphidius_ervi,"Aphidius ervi Haliday, 1834"
development,3,Days,TRAIND010192,"","",Aphidius_ervi,"Aphidius ervi Haliday, 1834"
development,3,Days,TRAIND010193,"","",Aphidius_ervi,"Aphidius ervi Haliday, 1834"
development,4,Days,TRAIND010194,"","",Aphidius_ervi,"Aphidius ervi Haliday, 1834"
development,4,Days,TRAIND010195,"","",Aphidius_ervi,"Aphidius ervi Haliday, 1834"
development,4,Days,TRAIND010196,"","",Aphidius_ervi,"Aphidius ervi Haliday, 1834"
development,4,Days,TRAIND010197,"","",Aphidius_ervi,"Aphidius ervi Haliday, 1834"
development,4,Days,TRAIND010198,"","",Aphidius_ervi,"Aphidius ervi Haliday, 1834"
development,4,Days,TRAIND010199,"","",Aphidius_ervi,"Aphidius ervi Haliday, 1834"
development,4,Days,TRAIND010200,"","",Aphidius_ervi,"Aphidius ervi Haliday, 1834"
development,4,Days,TRAIND010201,"","",Aphidius_ervi,"Aphidius ervi Haliday, 1834"
development,4,Days,TRAIND010202,"","",Aphidius_ervi,"Aphidius ervi Haliday, 1834"
development,4,Days,TRAIND010203,"","",Aphidius_ervi,"Aphidius ervi Haliday, 1834"
development,4,Days,TRAIND010204,"","",Aphidius_ervi,"Aphidius ervi Haliday, 1834"
development,4,Days,TRAIND010205,"","",Aphidius_ervi,"Aphidius ervi Haliday, 1834"
development,4,Days,TRAIND010206,"","",Aphidius_ervi,"Aphidius ervi Haliday, 1834"
development,4,Days,TRAIND010207,"","",Aphidius_ervi,"Aphidius ervi Haliday, 1834"
development,4,Days,TRAIND010208,"","",Aphidius_ervi,"Aphidius ervi Haliday, 1834"
development,4,Days,TRAIND010209,"","",Aphidius_ervi,"Aphidius ervi Haliday, 1834"
development,4,Days,TRAIND010210,"","",Aphidius_ervi,"Aphidius ervi Haliday, 1834"
development,4,Days,TRAIND010211,"","",Aphidius_ervi,"Aphidius ervi Haliday, 1834"
development,4,Days,TRAIND010212,"","",Aphidius_ervi,"Aphidius ervi Haliday, 1834"
development,4,Days,TRAIND010213,"","",Aphidius_ervi,"Aphidius ervi Haliday, 1834"
development,4,Days,TRAIND010214,"","",Aphidius_ervi,"Aphidius ervi Haliday, 1834"
development,4,Days,TRAIND010215,"","",Aphidius_ervi,"Aphidius ervi Haliday, 1834"
development,5,Days,TRAIND010216,"","",Aphidius_ervi,"Aphidius ervi Haliday, 1834"
development,5,Days,TRAIND010217,"","",Aphidius_ervi,"Aphidius ervi Haliday, 1834"
development,5,Days,TRAIND010218,"","",Aphidius_ervi,"Aphidius ervi Haliday, 1834"
development,5,Days,TRAIND010219,"","",Aphidius_ervi,"Aphidius ervi Haliday, 1834"
development,5,Days,TRAIND010220,"","",Aphidius_ervi,"Aphidius ervi Haliday, 1834"
development,1,Days,TRAIND010221,"","",Aphidius_ervi,"Aphidius ervi Haliday, 1834"
development,1,Days,TRAIND010222,"","",Aphidius_ervi,"Aphidius ervi Haliday, 1834"
development,2,Days,TRAIND010223,"","",Aphidius_ervi,"Aphidius ervi Haliday, 1834"
development,2,Days,TRAIND010224,"","",Aphidius_ervi,"Aphidius ervi Haliday, 1834"
development,3,Days,TRAIND010225,"","",Aphidius_ervi,"Aphidius ervi Haliday, 1834"
development,3,Days,TRAIND010226,"","",Aphidius_ervi,"Aphidius ervi Haliday, 1834"
development,3,Days,TRAIND010227,"","",Aphidius_ervi,"Aphidius ervi Haliday, 1834"
development,3,Days,TRAIND010228,"","",Aphidius_ervi,"Aphidius ervi Haliday, 1834"
development,3,Days,TRAIND010229,"","",Aphidius_ervi,"Aphidius ervi Haliday, 1834"
development,3,Days,TRAIND010230,"","",Aphidius_ervi,"Aphidius ervi Haliday, 1834"
development,3,Days,TRAIND010231,"","",Aphidius_ervi,"Aphidius ervi Haliday, 1834"
development,3,Days,TRAIND010232,"","",Aphidius_ervi,"Aphidius ervi Haliday, 1834"
development,4,Days,TRAIND010233,"","",Aphidius_ervi,"Aphidius ervi Haliday, 1834"
development,4,Days,TRAIND010234,"","",Aphidius_ervi,"Aphidius ervi Haliday, 1834"
development,4,Days,TRAIND010235,"","",Aphidius_ervi,"Aphidius ervi Haliday, 1834"
development,4,Days,TRAIND010236,"","",Aphidius_ervi,"Aphidius ervi Haliday, 1834"
development,4,Days,TRAIND010237,"","",Aphidius_ervi,"Aphidius ervi Haliday, 1834"
development,4,Days,TRAIND010238,"","",Aphidius_ervi,"Aphidius ervi Haliday, 1834"
development,4,Days,TRAIND010239,"","",Aphidius_ervi,"Aphidius ervi Haliday, 1834"
development,4,Days,TRAIND010240,"","",Aphidius_ervi,"Aphidius ervi Haliday, 1834"
development,4,Days,TRAIND010241,"","",Aphidius_ervi,"Aphidius ervi Haliday, 1834"
development,5,Days,TRAIND010242,"","",Aphidius_ervi,"Aphidius ervi Haliday, 1834"
development,5,Days,TRAIND010243,"","",Aphidius_ervi,"Aphidius ervi Haliday, 1834"
development,5,Days,TRAIND010244,"","",Aphidius_ervi,"Aphidius ervi Haliday, 1834"
development,5,Days,TRAIND010245,"","",Aphidius_ervi,"Aphidius ervi Haliday, 1834"
development,6,Days,TRAIND010246,"","",Aphidius_ervi,"Aphidius ervi Haliday, 1834"
development,6,Days,TRAIND010247,"","",Aphidius_ervi,"Aphidius ervi Haliday, 1834"
development,6,Days,TRAIND010248,"","",Aphidius_ervi,"Aphidius ervi Haliday, 1834"
development,6,Days,TRAIND010249,"","",Aphidius_ervi,"Aphidius ervi Haliday, 1834"
development,7,Days,TRAIND010250,"","",Aphidius_ervi,"Aphidius ervi Haliday, 1834"
development,7,Days,TRAIND010251,"","",Aphidius_ervi,"Aphidius ervi Haliday, 1834"
development,7,Days,TRAIND010252,"","",Aphidius_ervi,"Aphidius ervi Haliday, 1834"
development,7,Days,TRAIND010253,"","",Aphidius_ervi,"Aphidius ervi Haliday, 1834"
development,7,Days,TRAIND010254,"","",Aphidius_ervi,"Aphidius ervi Haliday, 1834"
development,8,Days,TRAIND010255,"","",Aphidius_ervi,"Aphidius ervi Haliday, 1834"
development,8,Days,TRAIND010256,"","",Aphidius_ervi,"Aphidius ervi Haliday, 1834"
development,9,Days,TRAIND010257,"","",Aphidius_ervi,"Aphidius ervi Haliday, 1834"
development,9,Days,TRAIND010258,"","",Aphidius_ervi,"Aphidius ervi Haliday, 1834"
development,9,Days,TRAIND010259,"","",Aphidius_ervi,"Aphidius ervi Haliday, 1834"
development,13,Days,TRAIND010260,"","",Aphidius_ervi,"Aphidius ervi Haliday, 1834"
development,1,Days,TRAIND010261,"","",Aphidius_ervi,"Aphidius ervi Haliday, 1834"
development,1,Days,TRAIND010262,"","",Aphidius_ervi,"Aphidius ervi Haliday, 1834"
development,1,Days,TRAIND010263,"","",Aphidius_ervi,"Aphidius ervi Haliday, 1834"
development,1,Days,TRAIND010264,"","",Aphidius_ervi,"Aphidius ervi Haliday, 1834"
development,1,Days,TRAIND010265,"","",Aphidius_ervi,"Aphidius ervi Haliday, 1834"
development,1,Days,TRAIND010266,"","",Aphidius_ervi,"Aphidius ervi Haliday, 1834"
development,1,Days,TRAIND010267,"","",Aphidius_ervi,"Aphidius ervi Haliday, 1834"
development,1,Days,TRAIND010268,"","",Aphidius_ervi,"Aphidius ervi Haliday, 1834"
development,2,Days,TRAIND010269,"","",Aphidius_ervi,"Aphidius ervi Haliday, 1834"
development,2,Days,TRAIND010270,"","",Aphidius_ervi,"Aphidius ervi Haliday, 1834"
development,2,Days,TRAIND010271,"","",Aphidius_ervi,"Aphidius ervi Haliday, 1834"
development,2,Days,TRAIND010272,"","",Aphidius_ervi,"Aphidius ervi Haliday, 1834"
development,2,Days,TRAIND010273,"","",Aphidius_ervi,"Aphidius ervi Haliday, 1834"
development,2,Days,TRAIND010274,"","",Aphidius_ervi,"Aphidius ervi Haliday, 1834"
development,2,Days,TRAIND010275,"","",Aphidius_ervi,"Aphidius ervi Haliday, 1834"
development,2,Days,TRAIND010276,"","",Aphidius_ervi,"Aphidius ervi Haliday, 1834"
development,2,Days,TRAIND010277,"","",Aphidius_ervi,"Aphidius ervi Haliday, 1834"
development,2,Days,TRAIND010278,"","",Aphidius_ervi,"Aphidius ervi Haliday, 1834"
development,2,Days,TRAIND010279,"","",Aphidius_ervi,"Aphidius ervi Haliday, 1834"
development,2,Days,TRAIND010280,"","",Aphidius_ervi,"Aphidius ervi Haliday, 1834"
development,2,Days,TRAIND010281,"","",Aphidius_ervi,"Aphidius ervi Haliday, 1834"
development,2,Days,TRAIND010282,"","",Aphidius_ervi,"Aphidius ervi Haliday, 1834"
development,2,Days,TRAIND010283,"","",Aphidius_ervi,"Aphidius ervi Haliday, 1834"
development,2,Days,TRAIND010284,"","",Aphidius_ervi,"Aphidius ervi Haliday, 1834"
development,2,Days,TRAIND010285,"","",Aphidius_ervi,"Aphidius ervi Haliday, 1834"
development,2,Days,TRAIND010286,"","",Aphidius_ervi,"Aphidius ervi Haliday, 1834"
development,2,Days,TRAIND010287,"","",Aphidius_ervi,"Aphidius ervi Haliday, 1834"
development,2,Days,TRAIND010288,"","",Aphidius_ervi,"Aphidius ervi Haliday, 1834"
development,2,Days,TRAIND010289,"","",Aphidius_ervi,"Aphidius ervi Haliday, 1834"
development,2,Days,TRAIND010290,"","",Aphidius_ervi,"Aphidius ervi Haliday, 1834"
development,2,Days,TRAIND010291,"","",Aphidius_ervi,"Aphidius ervi Haliday, 1834"
development,2,Days,TRAIND010292,"","",Aphidius_ervi,"Aphidius ervi Haliday, 1834"
development,2,Days,TRAIND010293,"","",Aphidius_ervi,"Aphidius ervi Haliday, 1834"
development,2,Days,TRAIND010294,"","",Aphidius_ervi,"Aphidius ervi Haliday, 1834"
development,2,Days,TRAIND010295,"","",Aphidius_ervi,"Aphidius ervi Haliday, 1834"
development,2,Days,TRAIND010296,"","",Aphidius_ervi,"Aphidius ervi Haliday, 1834"
development,2,Days,TRAIND010297,"","",Aphidius_ervi,"Aphidius ervi Haliday, 1834"
development,2,Days,TRAIND010298,"","",Aphidius_ervi,"Aphidius ervi Haliday, 1834"
development,2,Days,TRAIND010299,"","",Aphidius_ervi,"Aphidius ervi Haliday, 1834"
development,2,Days,TRAIND010300,"","",Aphidius_ervi,"Aphidius ervi Haliday, 1834"
development,2,Days,TRAIND010301,"","",Aphidius_ervi,"Aphidius ervi Haliday, 1834"
development,2,Days,TRAIND010302,"","",Aphidius_ervi,"Aphidius ervi Haliday, 1834"
development,2,Days,TRAIND010303,"","",Aphidius_ervi,"Aphidius ervi Haliday, 1834"
development,2,Days,TRAIND010304,"","",Aphidius_ervi,"Aphidius ervi Haliday, 1834"
development,2,Days,TRAIND010305,"","",Aphidius_ervi,"Aphidius ervi Haliday, 1834"
development,2,Days,TRAIND010306,"","",Aphidius_ervi,"Aphidius ervi Haliday, 1834"
development,2,Days,TRAIND010307,"","",Aphidius_ervi,"Aphidius ervi Haliday, 1834"
development,2,Days,TRAIND010308,"","",Aphidius_ervi,"Aphidius ervi Haliday, 1834"
development,2,Days,TRAIND010309,"","",Aphidius_ervi,"Aphidius ervi Haliday, 1834"
development,2,Days,TRAIND010310,"","",Aphidius_ervi,"Aphidius ervi Haliday, 1834"
development,2,Days,TRAIND010311,"","",Aphidius_ervi,"Aphidius ervi Haliday, 1834"
development,2,Days,TRAIND010312,"","",Aphidius_ervi,"Aphidius ervi Haliday, 1834"
development,2,Days,TRAIND010313,"","",Aphidius_ervi,"Aphidius ervi Haliday, 1834"
development,2,Days,TRAIND010314,"","",Aphidius_ervi,"Aphidius ervi Haliday, 1834"
development,2,Days,TRAIND010315,"","",Aphidius_ervi,"Aphidius ervi Haliday, 1834"
development,2,Days,TRAIND010316,"","",Aphidius_ervi,"Aphidius ervi Haliday, 1834"
development,2,Days,TRAIND010317,"","",Aphidius_ervi,"Aphidius ervi Haliday, 1834"
development,2,Days,TRAIND010318,"","",Aphidius_ervi,"Aphidius ervi Haliday, 1834"
development,2,Days,TRAIND010319,"","",Aphidius_ervi,"Aphidius ervi Haliday, 1834"
development,3,Days,TRAIND010320,"","",Aphidius_ervi,"Aphidius ervi Haliday, 1834"
development,3,Days,TRAIND010321,"","",Aphidius_ervi,"Aphidius ervi Haliday, 1834"
development,3,Days,TRAIND010322,"","",Aphidius_ervi,"Aphidius ervi Haliday, 1834"
development,3,Days,TRAIND010323,"","",Aphidius_ervi,"Aphidius ervi Haliday, 1834"
development,3,Days,TRAIND010324,"","",Aphidius_ervi,"Aphidius ervi Haliday, 1834"
development,3,Days,TRAIND010325,"","",Aphidius_ervi,"Aphidius ervi Haliday, 1834"
development,3,Days,TRAIND010326,"","",Aphidius_ervi,"Aphidius ervi Haliday, 1834"
development,3,Days,TRAIND010327,"","",Aphidius_ervi,"Aphidius ervi Haliday, 1834"
development,3,Days,TRAIND010328,"","",Aphidius_ervi,"Aphidius ervi Haliday, 1834"
development,3,Days,TRAIND010329,"","",Aphidius_ervi,"Aphidius ervi Haliday, 1834"
development,3,Days,TRAIND010330,"","",Aphidius_ervi,"Aphidius ervi Haliday, 1834"
development,3,Days,TRAIND010331,"","",Aphidius_ervi,"Aphidius ervi Haliday, 1834"
development,3,Days,TRAIND010332,"","",Aphidius_ervi,"Aphidius ervi Haliday, 1834"
development,3,Days,TRAIND010333,"","",Aphidius_ervi,"Aphidius ervi Haliday, 1834"
development,3,Days,TRAIND010334,"","",Aphidius_ervi,"Aphidius ervi Haliday, 1834"
development,3,Days,TRAIND010335,"","",Aphidius_ervi,"Aphidius ervi Haliday, 1834"
development,3,Days,TRAIND010336,"","",Aphidius_ervi,"Aphidius ervi Haliday, 1834"
development,3,Days,TRAIND010337,"","",Aphidius_ervi,"Aphidius ervi Haliday, 1834"
development,3,Days,TRAIND010338,"","",Aphidius_ervi,"Aphidius ervi Haliday, 1834"
development,3,Days,TRAIND010339,"","",Aphidius_ervi,"Aphidius ervi Haliday, 1834"
development,3,Days,TRAIND010340,"","",Aphidius_ervi,"Aphidius ervi Haliday, 1834"
development,3,Days,TRAIND010341,"","",Aphidius_ervi,"Aphidius ervi Haliday, 1834"
development,3,Days,TRAIND010342,"","",Aphidius_ervi,"Aphidius ervi Haliday, 1834"
development,3,Days,TRAIND010343,"","",Aphidius_ervi,"Aphidius ervi Haliday, 1834"
development,3,Days,TRAIND010344,"","",Aphidius_ervi,"Aphidius ervi Haliday, 1834"
development,3,Days,TRAIND010345,"","",Aphidius_ervi,"Aphidius ervi Haliday, 1834"
development,3,Days,TRAIND010346,"","",Aphidius_ervi,"Aphidius ervi Haliday, 1834"
development,3,Days,TRAIND010347,"","",Aphidius_ervi,"Aphidius ervi Haliday, 1834"
development,3,Days,TRAIND010348,"","",Aphidius_ervi,"Aphidius ervi Haliday, 1834"
development,3,Days,TRAIND010349,"","",Aphidius_ervi,"Aphidius ervi Haliday, 1834"
development,3,Days,TRAIND010350,"","",Aphidius_ervi,"Aphidius ervi Haliday, 1834"
development,3,Days,TRAIND010351,"","",Aphidius_ervi,"Aphidius ervi Haliday, 1834"
development,3,Days,TRAIND010352,"","",Aphidius_ervi,"Aphidius ervi Haliday, 1834"
development,3,Days,TRAIND010353,"","",Aphidius_ervi,"Aphidius ervi Haliday, 1834"
development,3,Days,TRAIND010354,"","",Aphidius_ervi,"Aphidius ervi Haliday, 1834"
development,3,Days,TRAIND010355,"","",Aphidius_ervi,"Aphidius ervi Haliday, 1834"
development,3,Days,TRAIND010356,"","",Aphidius_ervi,"Aphidius ervi Haliday, 1834"
development,3,Days,TRAIND010357,"","",Aphidius_ervi,"Aphidius ervi Haliday, 1834"
development,3,Days,TRAIND010358,"","",Aphidius_ervi,"Aphidius ervi Haliday, 1834"
development,3,Days,TRAIND010359,"","",Aphidius_ervi,"Aphidius ervi Haliday, 1834"
development,3,Days,TRAIND010360,"","",Aphidius_ervi,"Aphidius ervi Haliday, 1834"
development,3,Days,TRAIND010361,"","",Aphidius_ervi,"Aphidius ervi Haliday, 1834"
development,3,Days,TRAIND010362,"","",Aphidius_ervi,"Aphidius ervi Haliday, 1834"
development,3,Days,TRAIND010363,"","",Aphidius_ervi,"Aphidius ervi Haliday, 1834"
development,3,Days,TRAIND010364,"","",Aphidius_ervi,"Aphidius ervi Haliday, 1834"
development,3,Days,TRAIND010365,"","",Aphidius_ervi,"Aphidius ervi Haliday, 1834"
development,3,Days,TRAIND010366,"","",Aphidius_ervi,"Aphidius ervi Haliday, 1834"
development,3,Days,TRAIND010367,"","",Aphidius_ervi,"Aphidius ervi Haliday, 1834"
development,3,Days,TRAIND010368,"","",Aphidius_ervi,"Aphidius ervi Haliday, 1834"
development,3,Days,TRAIND010369,"","",Aphidius_ervi,"Aphidius ervi Haliday, 1834"
development,3,Days,TRAIND010370,"","",Aphidius_ervi,"Aphidius ervi Haliday, 1834"
development,3,Days,TRAIND010371,"","",Aphidius_ervi,"Aphidius ervi Haliday, 1834"
development,3,Days,TRAIND010372,"","",Aphidius_ervi,"Aphidius ervi Haliday, 1834"
development,3,Days,TRAIND010373,"","",Aphidius_ervi,"Aphidius ervi Haliday, 1834"
development,3,Days,TRAIND010374,"","",Aphidius_ervi,"Aphidius ervi Haliday, 1834"
development,3,Days,TRAIND010375,"","",Aphidius_ervi,"Aphidius ervi Haliday, 1834"
development,4,Days,TRAIND010376,"","",Aphidius_ervi,"Aphidius ervi Haliday, 1834"
development,4,Days,TRAIND010377,"","",Aphidius_ervi,"Aphidius ervi Haliday, 1834"
development,4,Days,TRAIND010378,"","",Aphidius_ervi,"Aphidius ervi Haliday, 1834"
development,4,Days,TRAIND010379,"","",Aphidius_ervi,"Aphidius ervi Haliday, 1834"
development,4,Days,TRAIND010380,"","",Aphidius_ervi,"Aphidius ervi Haliday, 1834"
development,4,Days,TRAIND010381,"","",Aphidius_ervi,"Aphidius ervi Haliday, 1834"
development,4,Days,TRAIND010382,"","",Aphidius_ervi,"Aphidius ervi Haliday, 1834"
development,4,Days,TRAIND010383,"","",Aphidius_ervi,"Aphidius ervi Haliday, 1834"
development,4,Days,TRAIND010384,"","",Aphidius_ervi,"Aphidius ervi Haliday, 1834"
development,4,Days,TRAIND010385,"","",Aphidius_ervi,"Aphidius ervi Haliday, 1834"
development,4,Days,TRAIND010386,"","",Aphidius_ervi,"Aphidius ervi Haliday, 1834"
development,4,Days,TRAIND010387,"","",Aphidius_ervi,"Aphidius ervi Haliday, 1834"
development,4,Days,TRAIND010388,"","",Aphidius_ervi,"Aphidius ervi Haliday, 1834"
development,4,Days,TRAIND010389,"","",Aphidius_ervi,"Aphidius ervi Haliday, 1834"
development,4,Days,TRAIND010390,"","",Aphidius_ervi,"Aphidius ervi Haliday, 1834"
development,4,Days,TRAIND010391,"","",Aphidius_ervi,"Aphidius ervi Haliday, 1834"
development,4,Days,TRAIND010392,"","",Aphidius_ervi,"Aphidius ervi Haliday, 1834"
development,4,Days,TRAIND010393,"","",Aphidius_ervi,"Aphidius ervi Haliday, 1834"
development,4,Days,TRAIND010394,"","",Aphidius_ervi,"Aphidius ervi Haliday, 1834"
development,4,Days,TRAIND010395,"","",Aphidius_ervi,"Aphidius ervi Haliday, 1834"
development,4,Days,TRAIND010396,"","",Aphidius_ervi,"Aphidius ervi Haliday, 1834"
development,4,Days,TRAIND010397,"","",Aphidius_ervi,"Aphidius ervi Haliday, 1834"
development,4,Days,TRAIND010398,"","",Aphidius_ervi,"Aphidius ervi Haliday, 1834"
development,4,Days,TRAIND010399,"","",Aphidius_ervi,"Aphidius ervi Haliday, 1834"
development,4,Days,TRAIND010400,"","",Aphidius_ervi,"Aphidius ervi Haliday, 1834"
development,4,Days,TRAIND010401,"","",Aphidius_ervi,"Aphidius ervi Haliday, 1834"
development,4,Days,TRAIND010402,"","",Aphidius_ervi,"Aphidius ervi Haliday, 1834"
development,4,Days,TRAIND010403,"","",Aphidius_ervi,"Aphidius ervi Haliday, 1834"
development,4,Days,TRAIND010404,"","",Aphidius_ervi,"Aphidius ervi Haliday, 1834"
development,4,Days,TRAIND010405,"","",Aphidius_ervi,"Aphidius ervi Haliday, 1834"
development,4,Days,TRAIND010406,"","",Aphidius_ervi,"Aphidius ervi Haliday, 1834"
development,4,Days,TRAIND010407,"","",Aphidius_ervi,"Aphidius ervi Haliday, 1834"
development,4,Days,TRAIND010408,"","",Aphidius_ervi,"Aphidius ervi Haliday, 1834"
development,4,Days,TRAIND010409,"","",Aphidius_ervi,"Aphidius ervi Haliday, 1834"
development,4,Days,TRAIND010410,"","",Aphidius_ervi,"Aphidius ervi Haliday, 1834"
development,4,Days,TRAIND010411,"","",Aphidius_ervi,"Aphidius ervi Haliday, 1834"
development,4,Days,TRAIND010412,"","",Aphidius_ervi,"Aphidius ervi Haliday, 1834"
development,4,Days,TRAIND010413,"","",Aphidius_ervi,"Aphidius ervi Haliday, 1834"
development,4,Days,TRAIND010414,"","",Aphidius_ervi,"Aphidius ervi Haliday, 1834"
development,4,Days,TRAIND010415,"","",Aphidius_ervi,"Aphidius ervi Haliday, 1834"
development,4,Days,TRAIND010416,"","",Aphidius_ervi,"Aphidius ervi Haliday, 1834"
development,4,Days,TRAIND010417,"","",Aphidius_ervi,"Aphidius ervi Haliday, 1834"
development,4,Days,TRAIND010418,"","",Aphidius_ervi,"Aphidius ervi Haliday, 1834"
development,4,Days,TRAIND010419,"","",Aphidius_ervi,"Aphidius ervi Haliday, 1834"
development,4,Days,TRAIND010420,"","",Aphidius_ervi,"Aphidius ervi Haliday, 1834"
development,4,Days,TRAIND010421,"","",Aphidius_ervi,"Aphidius ervi Haliday, 1834"
development,4,Days,TRAIND010422,"","",Aphidius_ervi,"Aphidius ervi Haliday, 1834"
development,4,Days,TRAIND010423,"","",Aphidius_ervi,"Aphidius ervi Haliday, 1834"
development,4,Days,TRAIND010424,"","",Aphidius_ervi,"Aphidius ervi Haliday, 1834"
development,4,Days,TRAIND010425,"","",Aphidius_ervi,"Aphidius ervi Haliday, 1834"
development,4,Days,TRAIND010426,"","",Aphidius_ervi,"Aphidius ervi Haliday, 1834"
development,4,Days,TRAIND010427,"","",Aphidius_ervi,"Aphidius ervi Haliday, 1834"
development,4,Days,TRAIND010428,"","",Aphidius_ervi,"Aphidius ervi Haliday, 1834"
development,4,Days,TRAIND010429,"","",Aphidius_ervi,"Aphidius ervi Haliday, 1834"
development,4,Days,TRAIND010430,"","",Aphidius_ervi,"Aphidius ervi Haliday, 1834"
development,4,Days,TRAIND010431,"","",Aphidius_ervi,"Aphidius ervi Haliday, 1834"
development,4,Days,TRAIND010432,"","",Aphidius_ervi,"Aphidius ervi Haliday, 1834"
development,4,Days,TRAIND010433,"","",Aphidius_ervi,"Aphidius ervi Haliday, 1834"
development,4,Days,TRAIND010434,"","",Aphidius_ervi,"Aphidius ervi Haliday, 1834"
development,4,Days,TRAIND010435,"","",Aphidius_ervi,"Aphidius ervi Haliday, 1834"
development,4,Days,TRAIND010436,"","",Aphidius_ervi,"Aphidius ervi Haliday, 1834"
development,4,Days,TRAIND010437,"","",Aphidius_ervi,"Aphidius ervi Haliday, 1834"
development,4,Days,TRAIND010438,"","",Aphidius_ervi,"Aphidius ervi Haliday, 1834"
development,4,Days,TRAIND010439,"","",Aphidius_ervi,"Aphidius ervi Haliday, 1834"
development,4,Days,TRAIND010440,"","",Aphidius_ervi,"Aphidius ervi Haliday, 1834"
development,4,Days,TRAIND010441,"","",Aphidius_ervi,"Aphidius ervi Haliday, 1834"
development,4,Days,TRAIND010442,"","",Aphidius_ervi,"Aphidius ervi Haliday, 1834"
development,4,Days,TRAIND010443,"","",Aphidius_ervi,"Aphidius ervi Haliday, 1834"
development,4,Days,TRAIND010444,"","",Aphidius_ervi,"Aphidius ervi Haliday, 1834"
development,4,Days,TRAIND010445,"","",Aphidius_ervi,"Aphidius ervi Haliday, 1834"
development,4,Days,TRAIND010446,"","",Aphidius_ervi,"Aphidius ervi Haliday, 1834"
development,4,Days,TRAIND010447,"","",Aphidius_ervi,"Aphidius ervi Haliday, 1834"
development,4,Days,TRAIND010448,"","",Aphidius_ervi,"Aphidius ervi Haliday, 1834"
development,4,Days,TRAIND010449,"","",Aphidius_ervi,"Aphidius ervi Haliday, 1834"
development,4,Days,TRAIND010450,"","",Aphidius_ervi,"Aphidius ervi Haliday, 1834"
development,4,Days,TRAIND010451,"","",Aphidius_ervi,"Aphidius ervi Haliday, 1834"
development,4,Days,TRAIND010452,"","",Aphidius_ervi,"Aphidius ervi Haliday, 1834"
development,4,Days,TRAIND010453,"","",Aphidius_ervi,"Aphidius ervi Haliday, 1834"
development,4,Days,TRAIND010454,"","",Aphidius_ervi,"Aphidius ervi Haliday, 1834"
development,4,Days,TRAIND010455,"","",Aphidius_ervi,"Aphidius ervi Haliday, 1834"
development,4,Days,TRAIND010456,"","",Aphidius_ervi,"Aphidius ervi Haliday, 1834"
development,4,Days,TRAIND010457,"","",Aphidius_ervi,"Aphidius ervi Haliday, 1834"
development,4,Days,TRAIND010458,"","",Aphidius_ervi,"Aphidius ervi Haliday, 1834"
development,4,Days,TRAIND010459,"","",Aphidius_ervi,"Aphidius ervi Haliday, 1834"
development,4,Days,TRAIND010460,"","",Aphidius_ervi,"Aphidius ervi Haliday, 1834"
development,4,Days,TRAIND010461,"","",Aphidius_ervi,"Aphidius ervi Haliday, 1834"
development,4,Days,TRAIND010462,"","",Aphidius_ervi,"Aphidius ervi Haliday, 1834"
development,4,Days,TRAIND010463,"","",Aphidius_ervi,"Aphidius ervi Haliday, 1834"
development,5,Days,TRAIND010464,"","",Aphidius_ervi,"Aphidius ervi Haliday, 1834"
development,5,Days,TRAIND010465,"","",Aphidius_ervi,"Aphidius ervi Haliday, 1834"
development,5,Days,TRAIND010466,"","",Aphidius_ervi,"Aphidius ervi Haliday, 1834"
development,5,Days,TRAIND010467,"","",Aphidius_ervi,"Aphidius ervi Haliday, 1834"
development,5,Days,TRAIND010468,"","",Aphidius_ervi,"Aphidius ervi Haliday, 1834"
development,5,Days,TRAIND010469,"","",Aphidius_ervi,"Aphidius ervi Haliday, 1834"
development,5,Days,TRAIND010470,"","",Aphidius_ervi,"Aphidius ervi Haliday, 1834"
development,5,Days,TRAIND010471,"","",Aphidius_ervi,"Aphidius ervi Haliday, 1834"
development,5,Days,TRAIND010472,"","",Aphidius_ervi,"Aphidius ervi Haliday, 1834"
development,5,Days,TRAIND010473,"","",Aphidius_ervi,"Aphidius ervi Haliday, 1834"
development,5,Days,TRAIND010474,"","",Aphidius_ervi,"Aphidius ervi Haliday, 1834"
development,5,Days,TRAIND010475,"","",Aphidius_ervi,"Aphidius ervi Haliday, 1834"
development,5,Days,TRAIND010476,"","",Aphidius_ervi,"Aphidius ervi Haliday, 1834"
development,5,Days,TRAIND010477,"","",Aphidius_ervi,"Aphidius ervi Haliday, 1834"
development,5,Days,TRAIND010478,"","",Aphidius_ervi,"Aphidius ervi Haliday, 1834"
development,5,Days,TRAIND010479,"","",Aphidius_ervi,"Aphidius ervi Haliday, 1834"
development,5,Days,TRAIND010480,"","",Aphidius_ervi,"Aphidius ervi Haliday, 1834"
development,5,Days,TRAIND010481,"","",Aphidius_ervi,"Aphidius ervi Haliday, 1834"
development,5,Days,TRAIND010482,"","",Aphidius_ervi,"Aphidius ervi Haliday, 1834"
development,5,Days,TRAIND010483,"","",Aphidius_ervi,"Aphidius ervi Haliday, 1834"
development,5,Days,TRAIND010484,"","",Aphidius_ervi,"Aphidius ervi Haliday, 1834"
development,5,Days,TRAIND010485,"","",Aphidius_ervi,"Aphidius ervi Haliday, 1834"
development,5,Days,TRAIND010486,"","",Aphidius_ervi,"Aphidius ervi Haliday, 1834"
development,5,Days,TRAIND010487,"","",Aphidius_ervi,"Aphidius ervi Haliday, 1834"
development,5,Days,TRAIND010488,"","",Aphidius_ervi,"Aphidius ervi Haliday, 1834"
development,5,Days,TRAIND010489,"","",Aphidius_ervi,"Aphidius ervi Haliday, 1834"
development,5,Days,TRAIND010490,"","",Aphidius_ervi,"Aphidius ervi Haliday, 1834"
development,5,Days,TRAIND010491,"","",Aphidius_ervi,"Aphidius ervi Haliday, 1834"
development,5,Days,TRAIND010492,"","",Aphidius_ervi,"Aphidius ervi Haliday, 1834"
development,5,Days,TRAIND010493,"","",Aphidius_ervi,"Aphidius ervi Haliday, 1834"
development,5,Days,TRAIND010494,"","",Aphidius_ervi,"Aphidius ervi Haliday, 1834"
development,5,Days,TRAIND010495,"","",Aphidius_ervi,"Aphidius ervi Haliday, 1834"
development,5,Days,TRAIND010496,"","",Aphidius_ervi,"Aphidius ervi Haliday, 1834"
development,5,Days,TRAIND010497,"","",Aphidius_ervi,"Aphidius ervi Haliday, 1834"
development,5,Days,TRAIND010498,"","",Aphidius_ervi,"Aphidius ervi Haliday, 1834"
development,5,Days,TRAIND010499,"","",Aphidius_ervi,"Aphidius ervi Haliday, 1834"
development,5,Days,TRAIND010500,"","",Aphidius_ervi,"Aphidius ervi Haliday, 1834"
development,5,Days,TRAIND010501,"","",Aphidius_ervi,"Aphidius ervi Haliday, 1834"
development,5,Days,TRAIND010502,"","",Aphidius_ervi,"Aphidius ervi Haliday, 1834"
development,5,Days,TRAIND010503,"","",Aphidius_ervi,"Aphidius ervi Haliday, 1834"
development,5,Days,TRAIND010504,"","",Aphidius_ervi,"Aphidius ervi Haliday, 1834"
development,5,Days,TRAIND010505,"","",Aphidius_ervi,"Aphidius ervi Haliday, 1834"
development,5,Days,TRAIND010506,"","",Aphidius_ervi,"Aphidius ervi Haliday, 1834"
development,5,Days,TRAIND010507,"","",Aphidius_ervi,"Aphidius ervi Haliday, 1834"
development,5,Days,TRAIND010508,"","",Aphidius_ervi,"Aphidius ervi Haliday, 1834"
development,5,Days,TRAIND010509,"","",Aphidius_ervi,"Aphidius ervi Haliday, 1834"
development,5,Days,TRAIND010510,"","",Aphidius_ervi,"Aphidius ervi Haliday, 1834"
development,5,Days,TRAIND010511,"","",Aphidius_ervi,"Aphidius ervi Haliday, 1834"
development,5,Days,TRAIND010512,"","",Aphidius_ervi,"Aphidius ervi Haliday, 1834"
development,5,Days,TRAIND010513,"","",Aphidius_ervi,"Aphidius ervi Haliday, 1834"
development,5,Days,TRAIND010514,"","",Aphidius_ervi,"Aphidius ervi Haliday, 1834"
development,5,Days,TRAIND010515,"","",Aphidius_ervi,"Aphidius ervi Haliday, 1834"
development,5,Days,TRAIND010516,"","",Aphidius_ervi,"Aphidius ervi Haliday, 1834"
development,5,Days,TRAIND010517,"","",Aphidius_ervi,"Aphidius ervi Haliday, 1834"
development,5,Days,TRAIND010518,"","",Aphidius_ervi,"Aphidius ervi Haliday, 1834"
development,5,Days,TRAIND010519,"","",Aphidius_ervi,"Aphidius ervi Haliday, 1834"
development,5,Days,TRAIND010520,"","",Aphidius_ervi,"Aphidius ervi Haliday, 1834"
development,5,Days,TRAIND010521,"","",Aphidius_ervi,"Aphidius ervi Haliday, 1834"
development,5,Days,TRAIND010522,"","",Aphidius_ervi,"Aphidius ervi Haliday, 1834"
development,5,Days,TRAIND010523,"","",Aphidius_ervi,"Aphidius ervi Haliday, 1834"
development,5,Days,TRAIND010524,"","",Aphidius_ervi,"Aphidius ervi Haliday, 1834"
development,5,Days,TRAIND010525,"","",Aphidius_ervi,"Aphidius ervi Haliday, 1834"
development,6,Days,TRAIND010526,"","",Aphidius_ervi,"Aphidius ervi Haliday, 1834"
development,6,Days,TRAIND010527,"","",Aphidius_ervi,"Aphidius ervi Haliday, 1834"
development,6,Days,TRAIND010528,"","",Aphidius_ervi,"Aphidius ervi Haliday, 1834"
development,6,Days,TRAIND010529,"","",Aphidius_ervi,"Aphidius ervi Haliday, 1834"
development,6,Days,TRAIND010530,"","",Aphidius_ervi,"Aphidius ervi Haliday, 1834"
development,6,Days,TRAIND010531,"","",Aphidius_ervi,"Aphidius ervi Haliday, 1834"
development,6,Days,TRAIND010532,"","",Aphidius_ervi,"Aphidius ervi Haliday, 1834"
development,6,Days,TRAIND010533,"","",Aphidius_ervi,"Aphidius ervi Haliday, 1834"
development,6,Days,TRAIND010534,"","",Aphidius_ervi,"Aphidius ervi Haliday, 1834"
development,6,Days,TRAIND010535,"","",Aphidius_ervi,"Aphidius ervi Haliday, 1834"
development,6,Days,TRAIND010536,"","",Aphidius_ervi,"Aphidius ervi Haliday, 1834"
development,6,Days,TRAIND010537,"","",Aphidius_ervi,"Aphidius ervi Haliday, 1834"
development,6,Days,TRAIND010538,"","",Aphidius_ervi,"Aphidius ervi Haliday, 1834"
development,6,Days,TRAIND010539,"","",Aphidius_ervi,"Aphidius ervi Haliday, 1834"
development,6,Days,TRAIND010540,"","",Aphidius_ervi,"Aphidius ervi Haliday, 1834"
development,6,Days,TRAIND010541,"","",Aphidius_ervi,"Aphidius ervi Haliday, 1834"
development,6,Days,TRAIND010542,"","",Aphidius_ervi,"Aphidius ervi Haliday, 1834"
development,6,Days,TRAIND010543,"","",Aphidius_ervi,"Aphidius ervi Haliday, 1834"
development,6,Days,TRAIND010544,"","",Aphidius_ervi,"Aphidius ervi Haliday, 1834"
development,6,Days,TRAIND010545,"","",Aphidius_ervi,"Aphidius ervi Haliday, 1834"
development,6,Days,TRAIND010546,"","",Aphidius_ervi,"Aphidius ervi Haliday, 1834"
development,6,Days,TRAIND010547,"","",Aphidius_ervi,"Aphidius ervi Haliday, 1834"
development,6,Days,TRAIND010548,"","",Aphidius_ervi,"Aphidius ervi Haliday, 1834"
development,6,Days,TRAIND010549,"","",Aphidius_ervi,"Aphidius ervi Haliday, 1834"
development,6,Days,TRAIND010550,"","",Aphidius_ervi,"Aphidius ervi Haliday, 1834"
development,6,Days,TRAIND010551,"","",Aphidius_ervi,"Aphidius ervi Haliday, 1834"
development,6,Days,TRAIND010552,"","",Aphidius_ervi,"Aphidius ervi Haliday, 1834"
development,6,Days,TRAIND010553,"","",Aphidius_ervi,"Aphidius ervi Haliday, 1834"
development,6,Days,TRAIND010554,"","",Aphidius_ervi,"Aphidius ervi Haliday, 1834"
development,6,Days,TRAIND010555,"","",Aphidius_ervi,"Aphidius ervi Haliday, 1834"
development,6,Days,TRAIND010556,"","",Aphidius_ervi,"Aphidius ervi Haliday, 1834"
development,6,Days,TRAIND010557,"","",Aphidius_ervi,"Aphidius ervi Haliday, 1834"
development,6,Days,TRAIND010558,"","",Aphidius_ervi,"Aphidius ervi Haliday, 1834"
development,6,Days,TRAIND010559,"","",Aphidius_ervi,"Aphidius ervi Haliday, 1834"
development,6,Days,TRAIND010560,"","",Aphidius_ervi,"Aphidius ervi Haliday, 1834"
development,6,Days,TRAIND010561,"","",Aphidius_ervi,"Aphidius ervi Haliday, 1834"
development,6,Days,TRAIND010562,"","",Aphidius_ervi,"Aphidius ervi Haliday, 1834"
development,7,Days,TRAIND010563,"","",Aphidius_ervi,"Aphidius ervi Haliday, 1834"
development,7,Days,TRAIND010564,"","",Aphidius_ervi,"Aphidius ervi Haliday, 1834"
development,7,Days,TRAIND010565,"","",Aphidius_ervi,"Aphidius ervi Haliday, 1834"
development,7,Days,TRAIND010566,"","",Aphidius_ervi,"Aphidius ervi Haliday, 1834"
development,7,Days,TRAIND010567,"","",Aphidius_ervi,"Aphidius ervi Haliday, 1834"
development,7,Days,TRAIND010568,"","",Aphidius_ervi,"Aphidius ervi Haliday, 1834"
development,7,Days,TRAIND010569,"","",Aphidius_ervi,"Aphidius ervi Haliday, 1834"
development,7,Days,TRAIND010570,"","",Aphidius_ervi,"Aphidius ervi Haliday, 1834"
development,7,Days,TRAIND010571,"","",Aphidius_ervi,"Aphidius ervi Haliday, 1834"
development,7,Days,TRAIND010572,"","",Aphidius_ervi,"Aphidius ervi Haliday, 1834"
development,7,Days,TRAIND010573,"","",Aphidius_ervi,"Aphidius ervi Haliday, 1834"
development,7,Days,TRAIND010574,"","",Aphidius_ervi,"Aphidius ervi Haliday, 1834"
development,7,Days,TRAIND010575,"","",Aphidius_ervi,"Aphidius ervi Haliday, 1834"
development,7,Days,TRAIND010576,"","",Aphidius_ervi,"Aphidius ervi Haliday, 1834"
development,7,Days,TRAIND010577,"","",Aphidius_ervi,"Aphidius ervi Haliday, 1834"
development,7,Days,TRAIND010578,"","",Aphidius_ervi,"Aphidius ervi Haliday, 1834"
development,7,Days,TRAIND010579,"","",Aphidius_ervi,"Aphidius ervi Haliday, 1834"
development,7,Days,TRAIND010580,"","",Aphidius_ervi,"Aphidius ervi Haliday, 1834"
development,7,Days,TRAIND010581,"","",Aphidius_ervi,"Aphidius ervi Haliday, 1834"
development,7,Days,TRAIND010582,"","",Aphidius_ervi,"Aphidius ervi Haliday, 1834"
development,7,Days,TRAIND010583,"","",Aphidius_ervi,"Aphidius ervi Haliday, 1834"
development,7,Days,TRAIND010584,"","",Aphidius_ervi,"Aphidius ervi Haliday, 1834"
development,7,Days,TRAIND010585,"","",Aphidius_ervi,"Aphidius ervi Haliday, 1834"
development,7,Days,TRAIND010586,"","",Aphidius_ervi,"Aphidius ervi Haliday, 1834"
development,7,Days,TRAIND010587,"","",Aphidius_ervi,"Aphidius ervi Haliday, 1834"
development,7,Days,TRAIND010588,"","",Aphidius_ervi,"Aphidius ervi Haliday, 1834"
development,7,Days,TRAIND010589,"","",Aphidius_ervi,"Aphidius ervi Haliday, 1834"
development,7,Days,TRAIND010590,"","",Aphidius_ervi,"Aphidius ervi Haliday, 1834"
development,7,Days,TRAIND010591,"","",Aphidius_ervi,"Aphidius ervi Haliday, 1834"
development,7,Days,TRAIND010592,"","",Aphidius_ervi,"Aphidius ervi Haliday, 1834"
development,8,Days,TRAIND010593,"","",Aphidius_ervi,"Aphidius ervi Haliday, 1834"
development,8,Days,TRAIND010594,"","",Aphidius_ervi,"Aphidius ervi Haliday, 1834"
development,8,Days,TRAIND010595,"","",Aphidius_ervi,"Aphidius ervi Haliday, 1834"
development,8,Days,TRAIND010596,"","",Aphidius_ervi,"Aphidius ervi Haliday, 1834"
development,8,Days,TRAIND010597,"","",Aphidius_ervi,"Aphidius ervi Haliday, 1834"
development,8,Days,TRAIND010598,"","",Aphidius_ervi,"Aphidius ervi Haliday, 1834"
development,8,Days,TRAIND010599,"","",Aphidius_ervi,"Aphidius ervi Haliday, 1834"
development,8,Days,TRAIND010600,"","",Aphidius_ervi,"Aphidius ervi Haliday, 1834"
development,8,Days,TRAIND010601,"","",Aphidius_ervi,"Aphidius ervi Haliday, 1834"
development,8,Days,TRAIND010602,"","",Aphidius_ervi,"Aphidius ervi Haliday, 1834"
development,8,Days,TRAIND010603,"","",Aphidius_ervi,"Aphidius ervi Haliday, 1834"
development,8,Days,TRAIND010604,"","",Aphidius_ervi,"Aphidius ervi Haliday, 1834"
development,9,Days,TRAIND010605,"","",Aphidius_ervi,"Aphidius ervi Haliday, 1834"
development,9,Days,TRAIND010606,"","",Aphidius_ervi,"Aphidius ervi Haliday, 1834"
development,9,Days,TRAIND010607,"","",Aphidius_ervi,"Aphidius ervi Haliday, 1834"
development,9,Days,TRAIND010608,"","",Aphidius_ervi,"Aphidius ervi Haliday, 1834"
development,10,Days,TRAIND010609,"","",Aphidius_ervi,"Aphidius ervi Haliday, 1834"
development,10,Days,TRAIND010610,"","",Aphidius_ervi,"Aphidius ervi Haliday, 1834"
development,10,Days,TRAIND010611,"","",Aphidius_ervi,"Aphidius ervi Haliday, 1834"
development,10,Days,TRAIND010612,"","",Aphidius_ervi,"Aphidius ervi Haliday, 1834"
development,11,Days,TRAIND010613,"","",Aphidius_ervi,"Aphidius ervi Haliday, 1834"
development,11,Days,TRAIND010614,"","",Aphidius_ervi,"Aphidius ervi Haliday, 1834"
development,11,Days,TRAIND010615,"","",Aphidius_ervi,"Aphidius ervi Haliday, 1834"
development,11,Days,TRAIND010616,"","",Aphidius_ervi,"Aphidius ervi Haliday, 1834"
development,12,Days,TRAIND010617,"","",Aphidius_ervi,"Aphidius ervi Haliday, 1834"
development,12,Days,TRAIND010618,"","",Aphidius_ervi,"Aphidius ervi Haliday, 1834"
development,12,Days,TRAIND010619,"","",Aphidius_ervi,"Aphidius ervi Haliday, 1834"
development,12,Days,TRAIND010620,"","",Aphidius_ervi,"Aphidius ervi Haliday, 1834"
development,12,Days,TRAIND010621,"","",Aphidius_ervi,"Aphidius ervi Haliday, 1834"
development,12,Days,TRAIND010622,"","",Aphidius_ervi,"Aphidius ervi Haliday, 1834"
development,12,Days,TRAIND010623,"","",Aphidius_ervi,"Aphidius ervi Haliday, 1834"
development,12,Days,TRAIND010624,"","",Aphidius_ervi,"Aphidius ervi Haliday, 1834"
development,12,Days,TRAIND010625,"","",Aphidius_ervi,"Aphidius ervi Haliday, 1834"
development,12,Days,TRAIND010626,"","",Aphidius_ervi,"Aphidius ervi Haliday, 1834"
development,12,Days,TRAIND010627,"","",Aphidius_ervi,"Aphidius ervi Haliday, 1834"
development,12,Days,TRAIND010628,"","",Aphidius_ervi,"Aphidius ervi Haliday, 1834"
development,12,Days,TRAIND010629,"","",Aphidius_ervi,"Aphidius ervi Haliday, 1834"
development,12,Days,TRAIND010630,"","",Aphidius_ervi,"Aphidius ervi Haliday, 1834"
development,12,Days,TRAIND010631,"","",Aphidius_ervi,"Aphidius ervi Haliday, 1834"
development,12,Days,TRAIND010632,"","",Aphidius_ervi,"Aphidius ervi Haliday, 1834"
development,12,Days,TRAIND010633,"","",Aphidius_ervi,"Aphidius ervi Haliday, 1834"
development,13,Days,TRAIND010634,"","",Aphidius_ervi,"Aphidius ervi Haliday, 1834"
development,13,Days,TRAIND010635,"","",Aphidius_ervi,"Aphidius ervi Haliday, 1834"
development,13,Days,TRAIND010636,"","",Aphidius_ervi,"Aphidius ervi Haliday, 1834"
development,13,Days,TRAIND010637,"","",Aphidius_ervi,"Aphidius ervi Haliday, 1834"
development,13,Days,TRAIND010638,"","",Aphidius_ervi,"Aphidius ervi Haliday, 1834"
development,13,Days,TRAIND010639,"","",Aphidius_ervi,"Aphidius ervi Haliday, 1834"
development,13,Days,TRAIND010640,"","",Aphidius_ervi,"Aphidius ervi Haliday, 1834"
development,13,Days,TRAIND010641,"","",Aphidius_ervi,"Aphidius ervi Haliday, 1834"
development,13,Days,TRAIND010642,"","",Aphidius_ervi,"Aphidius ervi Haliday, 1834"
development,13,Days,TRAIND010643,"","",Aphidius_ervi,"Aphidius ervi Haliday, 1834"
development,13,Days,TRAIND010644,"","",Aphidius_ervi,"Aphidius ervi Haliday, 1834"
development,13,Days,TRAIND010645,"","",Aphidius_ervi,"Aphidius ervi Haliday, 1834"
development,14,Days,TRAIND010646,"","",Aphidius_ervi,"Aphidius ervi Haliday, 1834"
development,14,Days,TRAIND010647,"","",Aphidius_ervi,"Aphidius ervi Haliday, 1834"
development,14,Days,TRAIND010648,"","",Aphidius_ervi,"Aphidius ervi Haliday, 1834"
development,14,Days,TRAIND010649,"","",Aphidius_ervi,"Aphidius ervi Haliday, 1834"
development,15,Days,TRAIND010650,"","",Aphidius_ervi,"Aphidius ervi Haliday, 1834"
development,15,Days,TRAIND010651,"","",Aphidius_ervi,"Aphidius ervi Haliday, 1834"
development,15,Days,TRAIND010652,"","",Aphidius_ervi,"Aphidius ervi Haliday, 1834"
development,15,Days,TRAIND010653,"","",Aphidius_ervi,"Aphidius ervi Haliday, 1834"
development,15,Days,TRAIND010654,"","",Aphidius_ervi,"Aphidius ervi Haliday, 1834"
development,15,Days,TRAIND010655,"","",Aphidius_ervi,"Aphidius ervi Haliday, 1834"
development,15,Days,TRAIND010656,"","",Aphidius_ervi,"Aphidius ervi Haliday, 1834"
development,16,Days,TRAIND010657,"","",Aphidius_ervi,"Aphidius ervi Haliday, 1834"
development,16,Days,TRAIND010658,"","",Aphidius_ervi,"Aphidius ervi Haliday, 1834"
development,16,Days,TRAIND010659,"","",Aphidius_ervi,"Aphidius ervi Haliday, 1834"
development,16,Days,TRAIND010660,"","",Aphidius_ervi,"Aphidius ervi Haliday, 1834"
development,17,Days,TRAIND010661,"","",Aphidius_ervi,"Aphidius ervi Haliday, 1834"
development,17,Days,TRAIND010662,"","",Aphidius_ervi,"Aphidius ervi Haliday, 1834"
development,17,Days,TRAIND010663,"","",Aphidius_ervi,"Aphidius ervi Haliday, 1834"
development,17,Days,TRAIND010664,"","",Aphidius_ervi,"Aphidius ervi Haliday, 1834"
development,17,Days,TRAIND010665,"","",Aphidius_ervi,"Aphidius ervi Haliday, 1834"
development,17,Days,TRAIND010666,"","",Aphidius_ervi,"Aphidius ervi Haliday, 1834"
development,17,Days,TRAIND010667,"","",Aphidius_ervi,"Aphidius ervi Haliday, 1834"
development,17,Days,TRAIND010668,"","",Aphidius_ervi,"Aphidius ervi Haliday, 1834"
development,17,Days,TRAIND010669,"","",Aphidius_ervi,"Aphidius ervi Haliday, 1834"
development,18,Days,TRAIND010670,"","",Aphidius_ervi,"Aphidius ervi Haliday, 1834"
development,18,Days,TRAIND010671,"","",Aphidius_ervi,"Aphidius ervi Haliday, 1834"
development,18,Days,TRAIND010672,"","",Aphidius_ervi,"Aphidius ervi Haliday, 1834"
development,18,Days,TRAIND010673,"","",Aphidius_ervi,"Aphidius ervi Haliday, 1834"
development,18,Days,TRAIND010674,"","",Aphidius_ervi,"Aphidius ervi Haliday, 1834"
development,18,Days,TRAIND010675,"","",Aphidius_ervi,"Aphidius ervi Haliday, 1834"
development,18,Days,TRAIND010676,"","",Aphidius_ervi,"Aphidius ervi Haliday, 1834"
development,19,Days,TRAIND010677,"","",Aphidius_ervi,"Aphidius ervi Haliday, 1834"
development,20,Days,TRAIND010678,"","",Aphidius_ervi,"Aphidius ervi Haliday, 1834"
development,22,Days,TRAIND010679,"","",Aphidius_ervi,"Aphidius ervi Haliday, 1834"
development,24,Days,TRAIND010680,"","",Aphidius_ervi,"Aphidius ervi Haliday, 1834"
development,24,Days,TRAIND010681,"","",Aphidius_ervi,"Aphidius ervi Haliday, 1834"
development,24,Days,TRAIND010682,"","",Aphidius_ervi,"Aphidius ervi Haliday, 1834"
development,25,Days,TRAIND010683,"","",Aphidius_ervi,"Aphidius ervi Haliday, 1834"
development,25,Days,TRAIND010684,"","",Aphidius_ervi,"Aphidius ervi Haliday, 1834"
development,26,Days,TRAIND010685,"","",Aphidius_ervi,"Aphidius ervi Haliday, 1834"
development,28,Days,TRAIND010686,"","",Aphidius_ervi,"Aphidius ervi Haliday, 1834"
development,1,Days,TRAIND010687,"","",Aphidius_ervi,"Aphidius ervi Haliday, 1834"
development,1,Days,TRAIND010688,"","",Aphidius_ervi,"Aphidius ervi Haliday, 1834"
development,1,Days,TRAIND010689,"","",Aphidius_ervi,"Aphidius ervi Haliday, 1834"
development,1,Days,TRAIND010690,"","",Aphidius_ervi,"Aphidius ervi Haliday, 1834"
development,1,Days,TRAIND010691,"","",Aphidius_ervi,"Aphidius ervi Haliday, 1834"
development,1,Days,TRAIND010692,"","",Aphidius_ervi,"Aphidius ervi Haliday, 1834"
development,1,Days,TRAIND010693,"","",Aphidius_ervi,"Aphidius ervi Haliday, 1834"
development,1,Days,TRAIND010694,"","",Aphidius_ervi,"Aphidius ervi Haliday, 1834"
development,1,Days,TRAIND010695,"","",Aphidius_ervi,"Aphidius ervi Haliday, 1834"
development,1,Days,TRAIND010696,"","",Aphidius_ervi,"Aphidius ervi Haliday, 1834"
development,1,Days,TRAIND010697,"","",Aphidius_ervi,"Aphidius ervi Haliday, 1834"
development,1,Days,TRAIND010698,"","",Aphidius_ervi,"Aphidius ervi Haliday, 1834"
development,1,Days,TRAIND010699,"","",Aphidius_ervi,"Aphidius ervi Haliday, 1834"
development,1,Days,TRAIND010700,"","",Aphidius_ervi,"Aphidius ervi Haliday, 1834"
development,2,Days,TRAIND010701,"","",Aphidius_ervi,"Aphidius ervi Haliday, 1834"
development,2,Days,TRAIND010702,"","",Aphidius_ervi,"Aphidius ervi Haliday, 1834"
development,2,Days,TRAIND010703,"","",Aphidius_ervi,"Aphidius ervi Haliday, 1834"
development,2,Days,TRAIND010704,"","",Aphidius_ervi,"Aphidius ervi Haliday, 1834"
development,2,Days,TRAIND010705,"","",Aphidius_ervi,"Aphidius ervi Haliday, 1834"
development,2,Days,TRAIND010706,"","",Aphidius_ervi,"Aphidius ervi Haliday, 1834"
development,2,Days,TRAIND010707,"","",Aphidius_ervi,"Aphidius ervi Haliday, 1834"
development,2,Days,TRAIND010708,"","",Aphidius_ervi,"Aphidius ervi Haliday, 1834"
development,2,Days,TRAIND010709,"","",Aphidius_ervi,"Aphidius ervi Haliday, 1834"
development,2,Days,TRAIND010710,"","",Aphidius_ervi,"Aphidius ervi Haliday, 1834"
development,2,Days,TRAIND010711,"","",Aphidius_ervi,"Aphidius ervi Haliday, 1834"
development,2,Days,TRAIND010712,"","",Aphidius_ervi,"Aphidius ervi Haliday, 1834"
development,2,Days,TRAIND010713,"","",Aphidius_ervi,"Aphidius ervi Haliday, 1834"
development,2,Days,TRAIND010714,"","",Aphidius_ervi,"Aphidius ervi Haliday, 1834"
development,2,Days,TRAIND010715,"","",Aphidius_ervi,"Aphidius ervi Haliday, 1834"
development,2,Days,TRAIND010716,"","",Aphidius_ervi,"Aphidius ervi Haliday, 1834"
development,2,Days,TRAIND010717,"","",Aphidius_ervi,"Aphidius ervi Haliday, 1834"
development,2,Days,TRAIND010718,"","",Aphidius_ervi,"Aphidius ervi Haliday, 1834"
development,2,Days,TRAIND010719,"","",Aphidius_ervi,"Aphidius ervi Haliday, 1834"
development,2,Days,TRAIND010720,"","",Aphidius_ervi,"Aphidius ervi Haliday, 1834"
development,2,Days,TRAIND010721,"","",Aphidius_ervi,"Aphidius ervi Haliday, 1834"
development,2,Days,TRAIND010722,"","",Aphidius_ervi,"Aphidius ervi Haliday, 1834"
development,2,Days,TRAIND010723,"","",Aphidius_ervi,"Aphidius ervi Haliday, 1834"
development,2,Days,TRAIND010724,"","",Aphidius_ervi,"Aphidius ervi Haliday, 1834"
development,2,Days,TRAIND010725,"","",Aphidius_ervi,"Aphidius ervi Haliday, 1834"
development,2,Days,TRAIND010726,"","",Aphidius_ervi,"Aphidius ervi Haliday, 1834"
development,2,Days,TRAIND010727,"","",Aphidius_ervi,"Aphidius ervi Haliday, 1834"
development,2,Days,TRAIND010728,"","",Aphidius_ervi,"Aphidius ervi Haliday, 1834"
development,2,Days,TRAIND010729,"","",Aphidius_ervi,"Aphidius ervi Haliday, 1834"
development,2,Days,TRAIND010730,"","",Aphidius_ervi,"Aphidius ervi Haliday, 1834"
development,2,Days,TRAIND010731,"","",Aphidius_ervi,"Aphidius ervi Haliday, 1834"
development,2,Days,TRAIND010732,"","",Aphidius_ervi,"Aphidius ervi Haliday, 1834"
development,3,Days,TRAIND010733,"","",Aphidius_ervi,"Aphidius ervi Haliday, 1834"
development,3,Days,TRAIND010734,"","",Aphidius_ervi,"Aphidius ervi Haliday, 1834"
development,3,Days,TRAIND010735,"","",Aphidius_ervi,"Aphidius ervi Haliday, 1834"
development,3,Days,TRAIND010736,"","",Aphidius_ervi,"Aphidius ervi Haliday, 1834"
development,3,Days,TRAIND010737,"","",Aphidius_ervi,"Aphidius ervi Haliday, 1834"
development,3,Days,TRAIND010738,"","",Aphidius_ervi,"Aphidius ervi Haliday, 1834"
development,3,Days,TRAIND010739,"","",Aphidius_ervi,"Aphidius ervi Haliday, 1834"
development,3,Days,TRAIND010740,"","",Aphidius_ervi,"Aphidius ervi Haliday, 1834"
development,3,Days,TRAIND010741,"","",Aphidius_ervi,"Aphidius ervi Haliday, 1834"
development,3,Days,TRAIND010742,"","",Aphidius_ervi,"Aphidius ervi Haliday, 1834"
development,3,Days,TRAIND010743,"","",Aphidius_ervi,"Aphidius ervi Haliday, 1834"
development,3,Days,TRAIND010744,"","",Aphidius_ervi,"Aphidius ervi Haliday, 1834"
development,3,Days,TRAIND010745,"","",Aphidius_ervi,"Aphidius ervi Haliday, 1834"
development,3,Days,TRAIND010746,"","",Aphidius_ervi,"Aphidius ervi Haliday, 1834"
development,3,Days,TRAIND010747,"","",Aphidius_ervi,"Aphidius ervi Haliday, 1834"
development,3,Days,TRAIND010748,"","",Aphidius_ervi,"Aphidius ervi Haliday, 1834"
development,3,Days,TRAIND010749,"","",Aphidius_ervi,"Aphidius ervi Haliday, 1834"
development,3,Days,TRAIND010750,"","",Aphidius_ervi,"Aphidius ervi Haliday, 1834"
development,3,Days,TRAIND010751,"","",Aphidius_ervi,"Aphidius ervi Haliday, 1834"
development,3,Days,TRAIND010752,"","",Aphidius_ervi,"Aphidius ervi Haliday, 1834"
development,3,Days,TRAIND010753,"","",Aphidius_ervi,"Aphidius ervi Haliday, 1834"
development,3,Days,TRAIND010754,"","",Aphidius_ervi,"Aphidius ervi Haliday, 1834"
development,3,Days,TRAIND010755,"","",Aphidius_ervi,"Aphidius ervi Haliday, 1834"
development,3,Days,TRAIND010756,"","",Aphidius_ervi,"Aphidius ervi Haliday, 1834"
development,3,Days,TRAIND010757,"","",Aphidius_ervi,"Aphidius ervi Haliday, 1834"
development,4,Days,TRAIND010758,"","",Aphidius_ervi,"Aphidius ervi Haliday, 1834"
development,4,Days,TRAIND010759,"","",Aphidius_ervi,"Aphidius ervi Haliday, 1834"
development,4,Days,TRAIND010760,"","",Aphidius_ervi,"Aphidius ervi Haliday, 1834"
development,4,Days,TRAIND010761,"","",Aphidius_ervi,"Aphidius ervi Haliday, 1834"
development,4,Days,TRAIND010762,"","",Aphidius_ervi,"Aphidius ervi Haliday, 1834"
development,4,Days,TRAIND010763,"","",Aphidius_ervi,"Aphidius ervi Haliday, 1834"
development,4,Days,TRAIND010764,"","",Aphidius_ervi,"Aphidius ervi Haliday, 1834"
development,4,Days,TRAIND010765,"","",Aphidius_ervi,"Aphidius ervi Haliday, 1834"
development,4,Days,TRAIND010766,"","",Aphidius_ervi,"Aphidius ervi Haliday, 1834"
development,4,Days,TRAIND010767,"","",Aphidius_ervi,"Aphidius ervi Haliday, 1834"
development,4,Days,TRAIND010768,"","",Aphidius_ervi,"Aphidius ervi Haliday, 1834"
development,4,Days,TRAIND010769,"","",Aphidius_ervi,"Aphidius ervi Haliday, 1834"
development,4,Days,TRAIND010770,"","",Aphidius_ervi,"Aphidius ervi Haliday, 1834"
development,4,Days,TRAIND010771,"","",Aphidius_ervi,"Aphidius ervi Haliday, 1834"
development,4,Days,TRAIND010772,"","",Aphidius_ervi,"Aphidius ervi Haliday, 1834"
development,4,Days,TRAIND010773,"","",Aphidius_ervi,"Aphidius ervi Haliday, 1834"
development,4,Days,TRAIND010774,"","",Aphidius_ervi,"Aphidius ervi Haliday, 1834"
development,4,Days,TRAIND010775,"","",Aphidius_ervi,"Aphidius ervi Haliday, 1834"
development,4,Days,TRAIND010776,"","",Aphidius_ervi,"Aphidius ervi Haliday, 1834"
development,4,Days,TRAIND010777,"","",Aphidius_ervi,"Aphidius ervi Haliday, 1834"
development,4,Days,TRAIND010778,"","",Aphidius_ervi,"Aphidius ervi Haliday, 1834"
development,4,Days,TRAIND010779,"","",Aphidius_ervi,"Aphidius ervi Haliday, 1834"
development,4,Days,TRAIND010780,"","",Aphidius_ervi,"Aphidius ervi Haliday, 1834"
development,4,Days,TRAIND010781,"","",Aphidius_ervi,"Aphidius ervi Haliday, 1834"
development,4,Days,TRAIND010782,"","",Aphidius_ervi,"Aphidius ervi Haliday, 1834"
development,4,Days,TRAIND010783,"","",Aphidius_ervi,"Aphidius ervi Haliday, 1834"
development,4,Days,TRAIND010784,"","",Aphidius_ervi,"Aphidius ervi Haliday, 1834"
development,4,Days,TRAIND010785,"","",Aphidius_ervi,"Aphidius ervi Haliday, 1834"
development,4,Days,TRAIND010786,"","",Aphidius_ervi,"Aphidius ervi Haliday, 1834"
development,4,Days,TRAIND010787,"","",Aphidius_ervi,"Aphidius ervi Haliday, 1834"
development,4,Days,TRAIND010788,"","",Aphidius_ervi,"Aphidius ervi Haliday, 1834"
development,4,Days,TRAIND010789,"","",Aphidius_ervi,"Aphidius ervi Haliday, 1834"
development,4,Days,TRAIND010790,"","",Aphidius_ervi,"Aphidius ervi Haliday, 1834"
development,4,Days,TRAIND010791,"","",Aphidius_ervi,"Aphidius ervi Haliday, 1834"
development,4,Days,TRAIND010792,"","",Aphidius_ervi,"Aphidius ervi Haliday, 1834"
development,4,Days,TRAIND010793,"","",Aphidius_ervi,"Aphidius ervi Haliday, 1834"
development,4,Days,TRAIND010794,"","",Aphidius_ervi,"Aphidius ervi Haliday, 1834"
development,4,Days,TRAIND010795,"","",Aphidius_ervi,"Aphidius ervi Haliday, 1834"
development,4,Days,TRAIND010796,"","",Aphidius_ervi,"Aphidius ervi Haliday, 1834"
development,5,Days,TRAIND010797,"","",Aphidius_ervi,"Aphidius ervi Haliday, 1834"
development,5,Days,TRAIND010798,"","",Aphidius_ervi,"Aphidius ervi Haliday, 1834"
development,5,Days,TRAIND010799,"","",Aphidius_ervi,"Aphidius ervi Haliday, 1834"
development,5,Days,TRAIND010800,"","",Aphidius_ervi,"Aphidius ervi Haliday, 1834"
development,5,Days,TRAIND010801,"","",Aphidius_ervi,"Aphidius ervi Haliday, 1834"
development,5,Days,TRAIND010802,"","",Aphidius_ervi,"Aphidius ervi Haliday, 1834"
development,5,Days,TRAIND010803,"","",Aphidius_ervi,"Aphidius ervi Haliday, 1834"
development,5,Days,TRAIND010804,"","",Aphidius_ervi,"Aphidius ervi Haliday, 1834"
development,5,Days,TRAIND010805,"","",Aphidius_ervi,"Aphidius ervi Haliday, 1834"
development,5,Days,TRAIND010806,"","",Aphidius_ervi,"Aphidius ervi Haliday, 1834"
development,5,Days,TRAIND010807,"","",Aphidius_ervi,"Aphidius ervi Haliday, 1834"
development,5,Days,TRAIND010808,"","",Aphidius_ervi,"Aphidius ervi Haliday, 1834"
development,5,Days,TRAIND010809,"","",Aphidius_ervi,"Aphidius ervi Haliday, 1834"
development,5,Days,TRAIND010810,"","",Aphidius_ervi,"Aphidius ervi Haliday, 1834"
development,5,Days,TRAIND010811,"","",Aphidius_ervi,"Aphidius ervi Haliday, 1834"
development,5,Days,TRAIND010812,"","",Aphidius_ervi,"Aphidius ervi Haliday, 1834"
development,5,Days,TRAIND010813,"","",Aphidius_ervi,"Aphidius ervi Haliday, 1834"
development,5,Days,TRAIND010814,"","",Aphidius_ervi,"Aphidius ervi Haliday, 1834"
development,5,Days,TRAIND010815,"","",Aphidius_ervi,"Aphidius ervi Haliday, 1834"
development,5,Days,TRAIND010816,"","",Aphidius_ervi,"Aphidius ervi Haliday, 1834"
development,5,Days,TRAIND010817,"","",Aphidius_ervi,"Aphidius ervi Haliday, 1834"
development,5,Days,TRAIND010818,"","",Aphidius_ervi,"Aphidius ervi Haliday, 1834"
development,5,Days,TRAIND010819,"","",Aphidius_ervi,"Aphidius ervi Haliday, 1834"
development,6,Days,TRAIND010820,"","",Aphidius_ervi,"Aphidius ervi Haliday, 1834"
development,6,Days,TRAIND010821,"","",Aphidius_ervi,"Aphidius ervi Haliday, 1834"
development,6,Days,TRAIND010822,"","",Aphidius_ervi,"Aphidius ervi Haliday, 1834"
development,6,Days,TRAIND010823,"","",Aphidius_ervi,"Aphidius ervi Haliday, 1834"
development,6,Days,TRAIND010824,"","",Aphidius_ervi,"Aphidius ervi Haliday, 1834"
development,6,Days,TRAIND010825,"","",Aphidius_ervi,"Aphidius ervi Haliday, 1834"
development,6,Days,TRAIND010826,"","",Aphidius_ervi,"Aphidius ervi Haliday, 1834"
development,6,Days,TRAIND010827,"","",Aphidius_ervi,"Aphidius ervi Haliday, 1834"
development,6,Days,TRAIND010828,"","",Aphidius_ervi,"Aphidius ervi Haliday, 1834"
development,6,Days,TRAIND010829,"","",Aphidius_ervi,"Aphidius ervi Haliday, 1834"
development,6,Days,TRAIND010830,"","",Aphidius_ervi,"Aphidius ervi Haliday, 1834"
development,6,Days,TRAIND010831,"","",Aphidius_ervi,"Aphidius ervi Haliday, 1834"
development,6,Days,TRAIND010832,"","",Aphidius_ervi,"Aphidius ervi Haliday, 1834"
development,6,Days,TRAIND010833,"","",Aphidius_ervi,"Aphidius ervi Haliday, 1834"
development,6,Days,TRAIND010834,"","",Aphidius_ervi,"Aphidius ervi Haliday, 1834"
development,7,Days,TRAIND010835,"","",Aphidius_ervi,"Aphidius ervi Haliday, 1834"
development,7,Days,TRAIND010836,"","",Aphidius_ervi,"Aphidius ervi Haliday, 1834"
development,7,Days,TRAIND010837,"","",Aphidius_ervi,"Aphidius ervi Haliday, 1834"
development,7,Days,TRAIND010838,"","",Aphidius_ervi,"Aphidius ervi Haliday, 1834"
development,7,Days,TRAIND010839,"","",Aphidius_ervi,"Aphidius ervi Haliday, 1834"
development,7,Days,TRAIND010840,"","",Aphidius_ervi,"Aphidius ervi Haliday, 1834"
development,7,Days,TRAIND010841,"","",Aphidius_ervi,"Aphidius ervi Haliday, 1834"
development,7,Days,TRAIND010842,"","",Aphidius_ervi,"Aphidius ervi Haliday, 1834"
development,7,Days,TRAIND010843,"","",Aphidius_ervi,"Aphidius ervi Haliday, 1834"
development,7,Days,TRAIND010844,"","",Aphidius_ervi,"Aphidius ervi Haliday, 1834"
development,7,Days,TRAIND010845,"","",Aphidius_ervi,"Aphidius ervi Haliday, 1834"
development,7,Days,TRAIND010846,"","",Aphidius_ervi,"Aphidius ervi Haliday, 1834"
development,8,Days,TRAIND010847,"","",Aphidius_ervi,"Aphidius ervi Haliday, 1834"
development,8,Days,TRAIND010848,"","",Aphidius_ervi,"Aphidius ervi Haliday, 1834"
development,8,Days,TRAIND010849,"","",Aphidius_ervi,"Aphidius ervi Haliday, 1834"
development,8,Days,TRAIND010850,"","",Aphidius_ervi,"Aphidius ervi Haliday, 1834"
development,8,Days,TRAIND010851,"","",Aphidius_ervi,"Aphidius ervi Haliday, 1834"
development,8,Days,TRAIND010852,"","",Aphidius_ervi,"Aphidius ervi Haliday, 1834"
development,8,Days,TRAIND010853,"","",Aphidius_ervi,"Aphidius ervi Haliday, 1834"
development,8,Days,TRAIND010854,"","",Aphidius_ervi,"Aphidius ervi Haliday, 1834"
development,8,Days,TRAIND010855,"","",Aphidius_ervi,"Aphidius ervi Haliday, 1834"
development,8,Days,TRAIND010856,"","",Aphidius_ervi,"Aphidius ervi Haliday, 1834"
development,8,Days,TRAIND010857,"","",Aphidius_ervi,"Aphidius ervi Haliday, 1834"
development,8,Days,TRAIND010858,"","",Aphidius_ervi,"Aphidius ervi Haliday, 1834"
development,8,Days,TRAIND010859,"","",Aphidius_ervi,"Aphidius ervi Haliday, 1834"
development,8,Days,TRAIND010860,"","",Aphidius_ervi,"Aphidius ervi Haliday, 1834"
development,9,Days,TRAIND010861,"","",Aphidius_ervi,"Aphidius ervi Haliday, 1834"
development,9,Days,TRAIND010862,"","",Aphidius_ervi,"Aphidius ervi Haliday, 1834"
development,9,Days,TRAIND010863,"","",Aphidius_ervi,"Aphidius ervi Haliday, 1834"
development,9,Days,TRAIND010864,"","",Aphidius_ervi,"Aphidius ervi Haliday, 1834"
development,9,Days,TRAIND010865,"","",Aphidius_ervi,"Aphidius ervi Haliday, 1834"
development,9,Days,TRAIND010866,"","",Aphidius_ervi,"Aphidius ervi Haliday, 1834"
development,9,Days,TRAIND010867,"","",Aphidius_ervi,"Aphidius ervi Haliday, 1834"
development,9,Days,TRAIND010868,"","",Aphidius_ervi,"Aphidius ervi Haliday, 1834"
development,9,Days,TRAIND010869,"","",Aphidius_ervi,"Aphidius ervi Haliday, 1834"
development,9,Days,TRAIND010870,"","",Aphidius_ervi,"Aphidius ervi Haliday, 1834"
development,9,Days,TRAIND010871,"","",Aphidius_ervi,"Aphidius ervi Haliday, 1834"
development,9,Days,TRAIND010872,"","",Aphidius_ervi,"Aphidius ervi Haliday, 1834"
development,9,Days,TRAIND010873,"","",Aphidius_ervi,"Aphidius ervi Haliday, 1834"
development,9,Days,TRAIND010874,"","",Aphidius_ervi,"Aphidius ervi Haliday, 1834"
development,9,Days,TRAIND010875,"","",Aphidius_ervi,"Aphidius ervi Haliday, 1834"
development,10,Days,TRAIND010876,"","",Aphidius_ervi,"Aphidius ervi Haliday, 1834"
development,10,Days,TRAIND010877,"","",Aphidius_ervi,"Aphidius ervi Haliday, 1834"
development,10,Days,TRAIND010878,"","",Aphidius_ervi,"Aphidius ervi Haliday, 1834"
development,10,Days,TRAIND010879,"","",Aphidius_ervi,"Aphidius ervi Haliday, 1834"
development,10,Days,TRAIND010880,"","",Aphidius_ervi,"Aphidius ervi Haliday, 1834"
development,10,Days,TRAIND010881,"","",Aphidius_ervi,"Aphidius ervi Haliday, 1834"
development,10,Days,TRAIND010882,"","",Aphidius_ervi,"Aphidius ervi Haliday, 1834"
development,10,Days,TRAIND010883,"","",Aphidius_ervi,"Aphidius ervi Haliday, 1834"
development,10,Days,TRAIND010884,"","",Aphidius_ervi,"Aphidius ervi Haliday, 1834"
development,10,Days,TRAIND010885,"","",Aphidius_ervi,"Aphidius ervi Haliday, 1834"
development,11,Days,TRAIND010886,"","",Aphidius_ervi,"Aphidius ervi Haliday, 1834"
development,11,Days,TRAIND010887,"","",Aphidius_ervi,"Aphidius ervi Haliday, 1834"
development,11,Days,TRAIND010888,"","",Aphidius_ervi,"Aphidius ervi Haliday, 1834"
development,11,Days,TRAIND010889,"","",Aphidius_ervi,"Aphidius ervi Haliday, 1834"
development,11,Days,TRAIND010890,"","",Aphidius_ervi,"Aphidius ervi Haliday, 1834"
development,11,Days,TRAIND010891,"","",Aphidius_ervi,"Aphidius ervi Haliday, 1834"
development,11,Days,TRAIND010892,"","",Aphidius_ervi,"Aphidius ervi Haliday, 1834"
development,11,Days,TRAIND010893,"","",Aphidius_ervi,"Aphidius ervi Haliday, 1834"
development,11,Days,TRAIND010894,"","",Aphidius_ervi,"Aphidius ervi Haliday, 1834"
development,11,Days,TRAIND010895,"","",Aphidius_ervi,"Aphidius ervi Haliday, 1834"
development,11,Days,TRAIND010896,"","",Aphidius_ervi,"Aphidius ervi Haliday, 1834"
development,11,Days,TRAIND010897,"","",Aphidius_ervi,"Aphidius ervi Haliday, 1834"
development,11,Days,TRAIND010898,"","",Aphidius_ervi,"Aphidius ervi Haliday, 1834"
development,11,Days,TRAIND010899,"","",Aphidius_ervi,"Aphidius ervi Haliday, 1834"
development,12,Days,TRAIND010900,"","",Aphidius_ervi,"Aphidius ervi Haliday, 1834"
development,12,Days,TRAIND010901,"","",Aphidius_ervi,"Aphidius ervi Haliday, 1834"
development,12,Days,TRAIND010902,"","",Aphidius_ervi,"Aphidius ervi Haliday, 1834"
development,12,Days,TRAIND010903,"","",Aphidius_ervi,"Aphidius ervi Haliday, 1834"
development,12,Days,TRAIND010904,"","",Aphidius_ervi,"Aphidius ervi Haliday, 1834"
development,12,Days,TRAIND010905,"","",Aphidius_ervi,"Aphidius ervi Haliday, 1834"
development,12,Days,TRAIND010906,"","",Aphidius_ervi,"Aphidius ervi Haliday, 1834"
development,12,Days,TRAIND010907,"","",Aphidius_ervi,"Aphidius ervi Haliday, 1834"
development,12,Days,TRAIND010908,"","",Aphidius_ervi,"Aphidius ervi Haliday, 1834"
development,12,Days,TRAIND010909,"","",Aphidius_ervi,"Aphidius ervi Haliday, 1834"
development,12,Days,TRAIND010910,"","",Aphidius_ervi,"Aphidius ervi Haliday, 1834"
development,13,Days,TRAIND010911,"","",Aphidius_ervi,"Aphidius ervi Haliday, 1834"
development,13,Days,TRAIND010912,"","",Aphidius_ervi,"Aphidius ervi Haliday, 1834"
development,13,Days,TRAIND010913,"","",Aphidius_ervi,"Aphidius ervi Haliday, 1834"
development,13,Days,TRAIND010914,"","",Aphidius_ervi,"Aphidius ervi Haliday, 1834"
development,13,Days,TRAIND010915,"","",Aphidius_ervi,"Aphidius ervi Haliday, 1834"
development,13,Days,TRAIND010916,"","",Aphidius_ervi,"Aphidius ervi Haliday, 1834"
development,13,Days,TRAIND010917,"","",Aphidius_ervi,"Aphidius ervi Haliday, 1834"
development,13,Days,TRAIND010918,"","",Aphidius_ervi,"Aphidius ervi Haliday, 1834"
development,13,Days,TRAIND010919,"","",Aphidius_ervi,"Aphidius ervi Haliday, 1834"
development,13,Days,TRAIND010920,"","",Aphidius_ervi,"Aphidius ervi Haliday, 1834"
development,13,Days,TRAIND010921,"","",Aphidius_ervi,"Aphidius ervi Haliday, 1834"
development,13,Days,TRAIND010922,"","",Aphidius_ervi,"Aphidius ervi Haliday, 1834"
development,13,Days,TRAIND010923,"","",Aphidius_ervi,"Aphidius ervi Haliday, 1834"
development,13,Days,TRAIND010924,"","",Aphidius_ervi,"Aphidius ervi Haliday, 1834"
development,13,Days,TRAIND010925,"","",Aphidius_ervi,"Aphidius ervi Haliday, 1834"
development,13,Days,TRAIND010926,"","",Aphidius_ervi,"Aphidius ervi Haliday, 1834"
development,13,Days,TRAIND010927,"","",Aphidius_ervi,"Aphidius ervi Haliday, 1834"
development,13,Days,TRAIND010928,"","",Aphidius_ervi,"Aphidius ervi Haliday, 1834"
development,14,Days,TRAIND010929,"","",Aphidius_ervi,"Aphidius ervi Haliday, 1834"
development,14,Days,TRAIND010930,"","",Aphidius_ervi,"Aphidius ervi Haliday, 1834"
development,14,Days,TRAIND010931,"","",Aphidius_ervi,"Aphidius ervi Haliday, 1834"
development,15,Days,TRAIND010932,"","",Aphidius_ervi,"Aphidius ervi Haliday, 1834"
development,15,Days,TRAIND010933,"","",Aphidius_ervi,"Aphidius ervi Haliday, 1834"
development,15,Days,TRAIND010934,"","",Aphidius_ervi,"Aphidius ervi Haliday, 1834"
development,15,Days,TRAIND010935,"","",Aphidius_ervi,"Aphidius ervi Haliday, 1834"
development,15,Days,TRAIND010936,"","",Aphidius_ervi,"Aphidius ervi Haliday, 1834"
development,15,Days,TRAIND010937,"","",Aphidius_ervi,"Aphidius ervi Haliday, 1834"
development,15,Days,TRAIND010938,"","",Aphidius_ervi,"Aphidius ervi Haliday, 1834"
development,15,Days,TRAIND010939,"","",Aphidius_ervi,"Aphidius ervi Haliday, 1834"
development,15,Days,TRAIND010940,"","",Aphidius_ervi,"Aphidius ervi Haliday, 1834"
development,16,Days,TRAIND010941,"","",Aphidius_ervi,"Aphidius ervi Haliday, 1834"
development,16,Days,TRAIND010942,"","",Aphidius_ervi,"Aphidius ervi Haliday, 1834"
development,16,Days,TRAIND010943,"","",Aphidius_ervi,"Aphidius ervi Haliday, 1834"
development,16,Days,TRAIND010944,"","",Aphidius_ervi,"Aphidius ervi Haliday, 1834"
development,16,Days,TRAIND010945,"","",Aphidius_ervi,"Aphidius ervi Haliday, 1834"
development,16,Days,TRAIND010946,"","",Aphidius_ervi,"Aphidius ervi Haliday, 1834"
development,16,Days,TRAIND010947,"","",Aphidius_ervi,"Aphidius ervi Haliday, 1834"
development,16,Days,TRAIND010948,"","",Aphidius_ervi,"Aphidius ervi Haliday, 1834"
development,16,Days,TRAIND010949,"","",Aphidius_ervi,"Aphidius ervi Haliday, 1834"
development,16,Days,TRAIND010950,"","",Aphidius_ervi,"Aphidius ervi Haliday, 1834"
development,16,Days,TRAIND010951,"","",Aphidius_ervi,"Aphidius ervi Haliday, 1834"
development,16,Days,TRAIND010952,"","",Aphidius_ervi,"Aphidius ervi Haliday, 1834"
development,16,Days,TRAIND010953,"","",Aphidius_ervi,"Aphidius ervi Haliday, 1834"
development,17,Days,TRAIND010954,"","",Aphidius_ervi,"Aphidius ervi Haliday, 1834"
development,17,Days,TRAIND010955,"","",Aphidius_ervi,"Aphidius ervi Haliday, 1834"
development,17,Days,TRAIND010956,"","",Aphidius_ervi,"Aphidius ervi Haliday, 1834"
development,17,Days,TRAIND010957,"","",Aphidius_ervi,"Aphidius ervi Haliday, 1834"
development,17,Days,TRAIND010958,"","",Aphidius_ervi,"Aphidius ervi Haliday, 1834"
development,17,Days,TRAIND010959,"","",Aphidius_ervi,"Aphidius ervi Haliday, 1834"
development,17,Days,TRAIND010960,"","",Aphidius_ervi,"Aphidius ervi Haliday, 1834"
development,17,Days,TRAIND010961,"","",Aphidius_ervi,"Aphidius ervi Haliday, 1834"
development,17,Days,TRAIND010962,"","",Aphidius_ervi,"Aphidius ervi Haliday, 1834"
development,17,Days,TRAIND010963,"","",Aphidius_ervi,"Aphidius ervi Haliday, 1834"
development,17,Days,TRAIND010964,"","",Aphidius_ervi,"Aphidius ervi Haliday, 1834"
development,17,Days,TRAIND010965,"","",Aphidius_ervi,"Aphidius ervi Haliday, 1834"
development,17,Days,TRAIND010966,"","",Aphidius_ervi,"Aphidius ervi Haliday, 1834"
development,19,Days,TRAIND010967,"","",Aphidius_ervi,"Aphidius ervi Haliday, 1834"
development,19,Days,TRAIND010968,"","",Aphidius_ervi,"Aphidius ervi Haliday, 1834"
development,19,Days,TRAIND010969,"","",Aphidius_ervi,"Aphidius ervi Haliday, 1834"
development,19,Days,TRAIND010970,"","",Aphidius_ervi,"Aphidius ervi Haliday, 1834"
development,20,Days,TRAIND010971,"","",Aphidius_ervi,"Aphidius ervi Haliday, 1834"
development,20,Days,TRAIND010972,"","",Aphidius_ervi,"Aphidius ervi Haliday, 1834"
development,20,Days,TRAIND010973,"","",Aphidius_ervi,"Aphidius ervi Haliday, 1834"
development,20,Days,TRAIND010974,"","",Aphidius_ervi,"Aphidius ervi Haliday, 1834"
development,21,Days,TRAIND010975,"","",Aphidius_ervi,"Aphidius ervi Haliday, 1834"
development,21,Days,TRAIND010976,"","",Aphidius_ervi,"Aphidius ervi Haliday, 1834"
development,21,Days,TRAIND010977,"","",Aphidius_ervi,"Aphidius ervi Haliday, 1834"
development,21,Days,TRAIND010978,"","",Aphidius_ervi,"Aphidius ervi Haliday, 1834"
development,21,Days,TRAIND010979,"","",Aphidius_ervi,"Aphidius ervi Haliday, 1834"
development,21,Days,TRAIND010980,"","",Aphidius_ervi,"Aphidius ervi Haliday, 1834"
development,21,Days,TRAIND010981,"","",Aphidius_ervi,"Aphidius ervi Haliday, 1834"
development,21,Days,TRAIND010982,"","",Aphidius_ervi,"Aphidius ervi Haliday, 1834"
development,21,Days,TRAIND010983,"","",Aphidius_ervi,"Aphidius ervi Haliday, 1834"
development,22,Days,TRAIND010984,"","",Aphidius_ervi,"Aphidius ervi Haliday, 1834"
development,22,Days,TRAIND010985,"","",Aphidius_ervi,"Aphidius ervi Haliday, 1834"
development,22,Days,TRAIND010986,"","",Aphidius_ervi,"Aphidius ervi Haliday, 1834"
development,22,Days,TRAIND010987,"","",Aphidius_ervi,"Aphidius ervi Haliday, 1834"
development,26,Days,TRAIND010988,"","",Aphidius_ervi,"Aphidius ervi Haliday, 1834"
development,28,Days,TRAIND010989,"","",Aphidius_ervi,"Aphidius ervi Haliday, 1834"
development,29,Days,TRAIND010990,"","",Aphidius_ervi,"Aphidius ervi Haliday, 1834"
development,1,Days,TRAIND010991,"","",Aphidius_ervi,"Aphidius ervi Haliday, 1834"
development,1,Days,TRAIND010992,"","",Aphidius_ervi,"Aphidius ervi Haliday, 1834"
development,1,Days,TRAIND010993,"","",Aphidius_ervi,"Aphidius ervi Haliday, 1834"
development,1,Days,TRAIND010994,"","",Aphidius_ervi,"Aphidius ervi Haliday, 1834"
development,1,Days,TRAIND010995,"","",Aphidius_ervi,"Aphidius ervi Haliday, 1834"
development,1,Days,TRAIND010996,"","",Aphidius_ervi,"Aphidius ervi Haliday, 1834"
development,1,Days,TRAIND010997,"","",Aphidius_ervi,"Aphidius ervi Haliday, 1834"
development,1,Days,TRAIND010998,"","",Aphidius_ervi,"Aphidius ervi Haliday, 1834"
development,2,Days,TRAIND010999,"","",Aphidius_ervi,"Aphidius ervi Haliday, 1834"
development,2,Days,TRAIND011000,"","",Aphidius_ervi,"Aphidius ervi Haliday, 1834"
development,2,Days,TRAIND011001,"","",Aphidius_ervi,"Aphidius ervi Haliday, 1834"
development,2,Days,TRAIND011002,"","",Aphidius_ervi,"Aphidius ervi Haliday, 1834"
development,2,Days,TRAIND011003,"","",Aphidius_ervi,"Aphidius ervi Haliday, 1834"
development,2,Days,TRAIND011004,"","",Aphidius_ervi,"Aphidius ervi Haliday, 1834"
development,2,Days,TRAIND011005,"","",Aphidius_ervi,"Aphidius ervi Haliday, 1834"
development,2,Days,TRAIND011006,"","",Aphidius_ervi,"Aphidius ervi Haliday, 1834"
development,2,Days,TRAIND011007,"","",Aphidius_ervi,"Aphidius ervi Haliday, 1834"
development,2,Days,TRAIND011008,"","",Aphidius_ervi,"Aphidius ervi Haliday, 1834"
development,2,Days,TRAIND011009,"","",Aphidius_ervi,"Aphidius ervi Haliday, 1834"
development,2,Days,TRAIND011010,"","",Aphidius_ervi,"Aphidius ervi Haliday, 1834"
development,2,Days,TRAIND011011,"","",Aphidius_ervi,"Aphidius ervi Haliday, 1834"
development,2,Days,TRAIND011012,"","",Aphidius_ervi,"Aphidius ervi Haliday, 1834"
development,2,Days,TRAIND011013,"","",Aphidius_ervi,"Aphidius ervi Haliday, 1834"
development,2,Days,TRAIND011014,"","",Aphidius_ervi,"Aphidius ervi Haliday, 1834"
development,2,Days,TRAIND011015,"","",Aphidius_ervi,"Aphidius ervi Haliday, 1834"
development,2,Days,TRAIND011016,"","",Aphidius_ervi,"Aphidius ervi Haliday, 1834"
development,2,Days,TRAIND011017,"","",Aphidius_ervi,"Aphidius ervi Haliday, 1834"
development,2,Days,TRAIND011018,"","",Aphidius_ervi,"Aphidius ervi Haliday, 1834"
development,2,Days,TRAIND011019,"","",Aphidius_ervi,"Aphidius ervi Haliday, 1834"
development,2,Days,TRAIND011020,"","",Aphidius_ervi,"Aphidius ervi Haliday, 1834"
development,2,Days,TRAIND011021,"","",Aphidius_ervi,"Aphidius ervi Haliday, 1834"
development,2,Days,TRAIND011022,"","",Aphidius_ervi,"Aphidius ervi Haliday, 1834"
development,2,Days,TRAIND011023,"","",Aphidius_ervi,"Aphidius ervi Haliday, 1834"
development,2,Days,TRAIND011024,"","",Aphidius_ervi,"Aphidius ervi Haliday, 1834"
development,2,Days,TRAIND011025,"","",Aphidius_ervi,"Aphidius ervi Haliday, 1834"
development,2,Days,TRAIND011026,"","",Aphidius_ervi,"Aphidius ervi Haliday, 1834"
development,2,Days,TRAIND011027,"","",Aphidius_ervi,"Aphidius ervi Haliday, 1834"
development,2,Days,TRAIND011028,"","",Aphidius_ervi,"Aphidius ervi Haliday, 1834"
development,2,Days,TRAIND011029,"","",Aphidius_ervi,"Aphidius ervi Haliday, 1834"
development,2,Days,TRAIND011030,"","",Aphidius_ervi,"Aphidius ervi Haliday, 1834"
development,2,Days,TRAIND011031,"","",Aphidius_ervi,"Aphidius ervi Haliday, 1834"
development,2,Days,TRAIND011032,"","",Aphidius_ervi,"Aphidius ervi Haliday, 1834"
development,2,Days,TRAIND011033,"","",Aphidius_ervi,"Aphidius ervi Haliday, 1834"
development,2,Days,TRAIND011034,"","",Aphidius_ervi,"Aphidius ervi Haliday, 1834"
development,2,Days,TRAIND011035,"","",Aphidius_ervi,"Aphidius ervi Haliday, 1834"
development,2,Days,TRAIND011036,"","",Aphidius_ervi,"Aphidius ervi Haliday, 1834"
development,2,Days,TRAIND011037,"","",Aphidius_ervi,"Aphidius ervi Haliday, 1834"
development,2,Days,TRAIND011038,"","",Aphidius_ervi,"Aphidius ervi Haliday, 1834"
development,2,Days,TRAIND011039,"","",Aphidius_ervi,"Aphidius ervi Haliday, 1834"
development,2,Days,TRAIND011040,"","",Aphidius_ervi,"Aphidius ervi Haliday, 1834"
development,2,Days,TRAIND011041,"","",Aphidius_ervi,"Aphidius ervi Haliday, 1834"
development,2,Days,TRAIND011042,"","",Aphidius_ervi,"Aphidius ervi Haliday, 1834"
development,2,Days,TRAIND011043,"","",Aphidius_ervi,"Aphidius ervi Haliday, 1834"
development,2,Days,TRAIND011044,"","",Aphidius_ervi,"Aphidius ervi Haliday, 1834"
development,2,Days,TRAIND011045,"","",Aphidius_ervi,"Aphidius ervi Haliday, 1834"
development,2,Days,TRAIND011046,"","",Aphidius_ervi,"Aphidius ervi Haliday, 1834"
development,2,Days,TRAIND011047,"","",Aphidius_ervi,"Aphidius ervi Haliday, 1834"
development,2,Days,TRAIND011048,"","",Aphidius_ervi,"Aphidius ervi Haliday, 1834"
development,2,Days,TRAIND011049,"","",Aphidius_ervi,"Aphidius ervi Haliday, 1834"
development,3,Days,TRAIND011050,"","",Aphidius_ervi,"Aphidius ervi Haliday, 1834"
development,3,Days,TRAIND011051,"","",Aphidius_ervi,"Aphidius ervi Haliday, 1834"
development,3,Days,TRAIND011052,"","",Aphidius_ervi,"Aphidius ervi Haliday, 1834"
development,3,Days,TRAIND011053,"","",Aphidius_ervi,"Aphidius ervi Haliday, 1834"
development,3,Days,TRAIND011054,"","",Aphidius_ervi,"Aphidius ervi Haliday, 1834"
development,3,Days,TRAIND011055,"","",Aphidius_ervi,"Aphidius ervi Haliday, 1834"
development,3,Days,TRAIND011056,"","",Aphidius_ervi,"Aphidius ervi Haliday, 1834"
development,3,Days,TRAIND011057,"","",Aphidius_ervi,"Aphidius ervi Haliday, 1834"
development,3,Days,TRAIND011058,"","",Aphidius_ervi,"Aphidius ervi Haliday, 1834"
development,3,Days,TRAIND011059,"","",Aphidius_ervi,"Aphidius ervi Haliday, 1834"
development,3,Days,TRAIND011060,"","",Aphidius_ervi,"Aphidius ervi Haliday, 1834"
development,3,Days,TRAIND011061,"","",Aphidius_ervi,"Aphidius ervi Haliday, 1834"
development,3,Days,TRAIND011062,"","",Aphidius_ervi,"Aphidius ervi Haliday, 1834"
development,3,Days,TRAIND011063,"","",Aphidius_ervi,"Aphidius ervi Haliday, 1834"
development,3,Days,TRAIND011064,"","",Aphidius_ervi,"Aphidius ervi Haliday, 1834"
development,3,Days,TRAIND011065,"","",Aphidius_ervi,"Aphidius ervi Haliday, 1834"
development,3,Days,TRAIND011066,"","",Aphidius_ervi,"Aphidius ervi Haliday, 1834"
development,3,Days,TRAIND011067,"","",Aphidius_ervi,"Aphidius ervi Haliday, 1834"
development,3,Days,TRAIND011068,"","",Aphidius_ervi,"Aphidius ervi Haliday, 1834"
development,3,Days,TRAIND011069,"","",Aphidius_ervi,"Aphidius ervi Haliday, 1834"
development,3,Days,TRAIND011070,"","",Aphidius_ervi,"Aphidius ervi Haliday, 1834"
development,3,Days,TRAIND011071,"","",Aphidius_ervi,"Aphidius ervi Haliday, 1834"
development,3,Days,TRAIND011072,"","",Aphidius_ervi,"Aphidius ervi Haliday, 1834"
development,3,Days,TRAIND011073,"","",Aphidius_ervi,"Aphidius ervi Haliday, 1834"
development,3,Days,TRAIND011074,"","",Aphidius_ervi,"Aphidius ervi Haliday, 1834"
development,3,Days,TRAIND011075,"","",Aphidius_ervi,"Aphidius ervi Haliday, 1834"
development,3,Days,TRAIND011076,"","",Aphidius_ervi,"Aphidius ervi Haliday, 1834"
development,3,Days,TRAIND011077,"","",Aphidius_ervi,"Aphidius ervi Haliday, 1834"
development,3,Days,TRAIND011078,"","",Aphidius_ervi,"Aphidius ervi Haliday, 1834"
development,3,Days,TRAIND011079,"","",Aphidius_ervi,"Aphidius ervi Haliday, 1834"
development,3,Days,TRAIND011080,"","",Aphidius_ervi,"Aphidius ervi Haliday, 1834"
development,3,Days,TRAIND011081,"","",Aphidius_ervi,"Aphidius ervi Haliday, 1834"
development,3,Days,TRAIND011082,"","",Aphidius_ervi,"Aphidius ervi Haliday, 1834"
development,3,Days,TRAIND011083,"","",Aphidius_ervi,"Aphidius ervi Haliday, 1834"
development,3,Days,TRAIND011084,"","",Aphidius_ervi,"Aphidius ervi Haliday, 1834"
development,3,Days,TRAIND011085,"","",Aphidius_ervi,"Aphidius ervi Haliday, 1834"
development,3,Days,TRAIND011086,"","",Aphidius_ervi,"Aphidius ervi Haliday, 1834"
development,3,Days,TRAIND011087,"","",Aphidius_ervi,"Aphidius ervi Haliday, 1834"
development,3,Days,TRAIND011088,"","",Aphidius_ervi,"Aphidius ervi Haliday, 1834"
development,3,Days,TRAIND011089,"","",Aphidius_ervi,"Aphidius ervi Haliday, 1834"
development,3,Days,TRAIND011090,"","",Aphidius_ervi,"Aphidius ervi Haliday, 1834"
development,3,Days,TRAIND011091,"","",Aphidius_ervi,"Aphidius ervi Haliday, 1834"
development,3,Days,TRAIND011092,"","",Aphidius_ervi,"Aphidius ervi Haliday, 1834"
development,3,Days,TRAIND011093,"","",Aphidius_ervi,"Aphidius ervi Haliday, 1834"
development,3,Days,TRAIND011094,"","",Aphidius_ervi,"Aphidius ervi Haliday, 1834"
development,3,Days,TRAIND011095,"","",Aphidius_ervi,"Aphidius ervi Haliday, 1834"
development,3,Days,TRAIND011096,"","",Aphidius_ervi,"Aphidius ervi Haliday, 1834"
development,3,Days,TRAIND011097,"","",Aphidius_ervi,"Aphidius ervi Haliday, 1834"
development,3,Days,TRAIND011098,"","",Aphidius_ervi,"Aphidius ervi Haliday, 1834"
development,3,Days,TRAIND011099,"","",Aphidius_ervi,"Aphidius ervi Haliday, 1834"
development,3,Days,TRAIND011100,"","",Aphidius_ervi,"Aphidius ervi Haliday, 1834"
development,3,Days,TRAIND011101,"","",Aphidius_ervi,"Aphidius ervi Haliday, 1834"
development,3,Days,TRAIND011102,"","",Aphidius_ervi,"Aphidius ervi Haliday, 1834"
development,3,Days,TRAIND011103,"","",Aphidius_ervi,"Aphidius ervi Haliday, 1834"
development,3,Days,TRAIND011104,"","",Aphidius_ervi,"Aphidius ervi Haliday, 1834"
development,3,Days,TRAIND011105,"","",Aphidius_ervi,"Aphidius ervi Haliday, 1834"
development,4,Days,TRAIND011106,"","",Aphidius_ervi,"Aphidius ervi Haliday, 1834"
development,4,Days,TRAIND011107,"","",Aphidius_ervi,"Aphidius ervi Haliday, 1834"
development,4,Days,TRAIND011108,"","",Aphidius_ervi,"Aphidius ervi Haliday, 1834"
development,4,Days,TRAIND011109,"","",Aphidius_ervi,"Aphidius ervi Haliday, 1834"
development,4,Days,TRAIND011110,"","",Aphidius_ervi,"Aphidius ervi Haliday, 1834"
development,4,Days,TRAIND011111,"","",Aphidius_ervi,"Aphidius ervi Haliday, 1834"
development,4,Days,TRAIND011112,"","",Aphidius_ervi,"Aphidius ervi Haliday, 1834"
development,4,Days,TRAIND011113,"","",Aphidius_ervi,"Aphidius ervi Haliday, 1834"
development,4,Days,TRAIND011114,"","",Aphidius_ervi,"Aphidius ervi Haliday, 1834"
development,4,Days,TRAIND011115,"","",Aphidius_ervi,"Aphidius ervi Haliday, 1834"
development,4,Days,TRAIND011116,"","",Aphidius_ervi,"Aphidius ervi Haliday, 1834"
development,4,Days,TRAIND011117,"","",Aphidius_ervi,"Aphidius ervi Haliday, 1834"
development,4,Days,TRAIND011118,"","",Aphidius_ervi,"Aphidius ervi Haliday, 1834"
development,4,Days,TRAIND011119,"","",Aphidius_ervi,"Aphidius ervi Haliday, 1834"
development,4,Days,TRAIND011120,"","",Aphidius_ervi,"Aphidius ervi Haliday, 1834"
development,4,Days,TRAIND011121,"","",Aphidius_ervi,"Aphidius ervi Haliday, 1834"
development,4,Days,TRAIND011122,"","",Aphidius_ervi,"Aphidius ervi Haliday, 1834"
development,4,Days,TRAIND011123,"","",Aphidius_ervi,"Aphidius ervi Haliday, 1834"
development,4,Days,TRAIND011124,"","",Aphidius_ervi,"Aphidius ervi Haliday, 1834"
development,4,Days,TRAIND011125,"","",Aphidius_ervi,"Aphidius ervi Haliday, 1834"
development,4,Days,TRAIND011126,"","",Aphidius_ervi,"Aphidius ervi Haliday, 1834"
development,4,Days,TRAIND011127,"","",Aphidius_ervi,"Aphidius ervi Haliday, 1834"
development,4,Days,TRAIND011128,"","",Aphidius_ervi,"Aphidius ervi Haliday, 1834"
development,4,Days,TRAIND011129,"","",Aphidius_ervi,"Aphidius ervi Haliday, 1834"
development,4,Days,TRAIND011130,"","",Aphidius_ervi,"Aphidius ervi Haliday, 1834"
development,4,Days,TRAIND011131,"","",Aphidius_ervi,"Aphidius ervi Haliday, 1834"
development,4,Days,TRAIND011132,"","",Aphidius_ervi,"Aphidius ervi Haliday, 1834"
development,4,Days,TRAIND011133,"","",Aphidius_ervi,"Aphidius ervi Haliday, 1834"
development,4,Days,TRAIND011134,"","",Aphidius_ervi,"Aphidius ervi Haliday, 1834"
development,4,Days,TRAIND011135,"","",Aphidius_ervi,"Aphidius ervi Haliday, 1834"
development,4,Days,TRAIND011136,"","",Aphidius_ervi,"Aphidius ervi Haliday, 1834"
development,4,Days,TRAIND011137,"","",Aphidius_ervi,"Aphidius ervi Haliday, 1834"
development,4,Days,TRAIND011138,"","",Aphidius_ervi,"Aphidius ervi Haliday, 1834"
development,4,Days,TRAIND011139,"","",Aphidius_ervi,"Aphidius ervi Haliday, 1834"
development,4,Days,TRAIND011140,"","",Aphidius_ervi,"Aphidius ervi Haliday, 1834"
development,4,Days,TRAIND011141,"","",Aphidius_ervi,"Aphidius ervi Haliday, 1834"
development,4,Days,TRAIND011142,"","",Aphidius_ervi,"Aphidius ervi Haliday, 1834"
development,4,Days,TRAIND011143,"","",Aphidius_ervi,"Aphidius ervi Haliday, 1834"
development,4,Days,TRAIND011144,"","",Aphidius_ervi,"Aphidius ervi Haliday, 1834"
development,4,Days,TRAIND011145,"","",Aphidius_ervi,"Aphidius ervi Haliday, 1834"
development,4,Days,TRAIND011146,"","",Aphidius_ervi,"Aphidius ervi Haliday, 1834"
development,4,Days,TRAIND011147,"","",Aphidius_ervi,"Aphidius ervi Haliday, 1834"
development,4,Days,TRAIND011148,"","",Aphidius_ervi,"Aphidius ervi Haliday, 1834"
development,4,Days,TRAIND011149,"","",Aphidius_ervi,"Aphidius ervi Haliday, 1834"
development,4,Days,TRAIND011150,"","",Aphidius_ervi,"Aphidius ervi Haliday, 1834"
development,4,Days,TRAIND011151,"","",Aphidius_ervi,"Aphidius ervi Haliday, 1834"
development,4,Days,TRAIND011152,"","",Aphidius_ervi,"Aphidius ervi Haliday, 1834"
development,4,Days,TRAIND011153,"","",Aphidius_ervi,"Aphidius ervi Haliday, 1834"
development,4,Days,TRAIND011154,"","",Aphidius_ervi,"Aphidius ervi Haliday, 1834"
development,4,Days,TRAIND011155,"","",Aphidius_ervi,"Aphidius ervi Haliday, 1834"
development,4,Days,TRAIND011156,"","",Aphidius_ervi,"Aphidius ervi Haliday, 1834"
development,4,Days,TRAIND011157,"","",Aphidius_ervi,"Aphidius ervi Haliday, 1834"
development,4,Days,TRAIND011158,"","",Aphidius_ervi,"Aphidius ervi Haliday, 1834"
development,4,Days,TRAIND011159,"","",Aphidius_ervi,"Aphidius ervi Haliday, 1834"
development,4,Days,TRAIND011160,"","",Aphidius_ervi,"Aphidius ervi Haliday, 1834"
development,4,Days,TRAIND011161,"","",Aphidius_ervi,"Aphidius ervi Haliday, 1834"
development,4,Days,TRAIND011162,"","",Aphidius_ervi,"Aphidius ervi Haliday, 1834"
development,4,Days,TRAIND011163,"","",Aphidius_ervi,"Aphidius ervi Haliday, 1834"
development,4,Days,TRAIND011164,"","",Aphidius_ervi,"Aphidius ervi Haliday, 1834"
development,4,Days,TRAIND011165,"","",Aphidius_ervi,"Aphidius ervi Haliday, 1834"
development,4,Days,TRAIND011166,"","",Aphidius_ervi,"Aphidius ervi Haliday, 1834"
development,4,Days,TRAIND011167,"","",Aphidius_ervi,"Aphidius ervi Haliday, 1834"
development,4,Days,TRAIND011168,"","",Aphidius_ervi,"Aphidius ervi Haliday, 1834"
development,4,Days,TRAIND011169,"","",Aphidius_ervi,"Aphidius ervi Haliday, 1834"
development,4,Days,TRAIND011170,"","",Aphidius_ervi,"Aphidius ervi Haliday, 1834"
development,4,Days,TRAIND011171,"","",Aphidius_ervi,"Aphidius ervi Haliday, 1834"
development,4,Days,TRAIND011172,"","",Aphidius_ervi,"Aphidius ervi Haliday, 1834"
development,4,Days,TRAIND011173,"","",Aphidius_ervi,"Aphidius ervi Haliday, 1834"
development,4,Days,TRAIND011174,"","",Aphidius_ervi,"Aphidius ervi Haliday, 1834"
development,4,Days,TRAIND011175,"","",Aphidius_ervi,"Aphidius ervi Haliday, 1834"
development,4,Days,TRAIND011176,"","",Aphidius_ervi,"Aphidius ervi Haliday, 1834"
development,4,Days,TRAIND011177,"","",Aphidius_ervi,"Aphidius ervi Haliday, 1834"
development,4,Days,TRAIND011178,"","",Aphidius_ervi,"Aphidius ervi Haliday, 1834"
development,4,Days,TRAIND011179,"","",Aphidius_ervi,"Aphidius ervi Haliday, 1834"
development,4,Days,TRAIND011180,"","",Aphidius_ervi,"Aphidius ervi Haliday, 1834"
development,4,Days,TRAIND011181,"","",Aphidius_ervi,"Aphidius ervi Haliday, 1834"
development,4,Days,TRAIND011182,"","",Aphidius_ervi,"Aphidius ervi Haliday, 1834"
development,4,Days,TRAIND011183,"","",Aphidius_ervi,"Aphidius ervi Haliday, 1834"
development,4,Days,TRAIND011184,"","",Aphidius_ervi,"Aphidius ervi Haliday, 1834"
development,4,Days,TRAIND011185,"","",Aphidius_ervi,"Aphidius ervi Haliday, 1834"
development,4,Days,TRAIND011186,"","",Aphidius_ervi,"Aphidius ervi Haliday, 1834"
development,4,Days,TRAIND011187,"","",Aphidius_ervi,"Aphidius ervi Haliday, 1834"
development,4,Days,TRAIND011188,"","",Aphidius_ervi,"Aphidius ervi Haliday, 1834"
development,4,Days,TRAIND011189,"","",Aphidius_ervi,"Aphidius ervi Haliday, 1834"
development,4,Days,TRAIND011190,"","",Aphidius_ervi,"Aphidius ervi Haliday, 1834"
development,4,Days,TRAIND011191,"","",Aphidius_ervi,"Aphidius ervi Haliday, 1834"
development,4,Days,TRAIND011192,"","",Aphidius_ervi,"Aphidius ervi Haliday, 1834"
development,4,Days,TRAIND011193,"","",Aphidius_ervi,"Aphidius ervi Haliday, 1834"
development,5,Days,TRAIND011194,"","",Aphidius_ervi,"Aphidius ervi Haliday, 1834"
development,5,Days,TRAIND011195,"","",Aphidius_ervi,"Aphidius ervi Haliday, 1834"
development,5,Days,TRAIND011196,"","",Aphidius_ervi,"Aphidius ervi Haliday, 1834"
development,5,Days,TRAIND011197,"","",Aphidius_ervi,"Aphidius ervi Haliday, 1834"
development,5,Days,TRAIND011198,"","",Aphidius_ervi,"Aphidius ervi Haliday, 1834"
development,5,Days,TRAIND011199,"","",Aphidius_ervi,"Aphidius ervi Haliday, 1834"
development,5,Days,TRAIND011200,"","",Aphidius_ervi,"Aphidius ervi Haliday, 1834"
development,5,Days,TRAIND011201,"","",Aphidius_ervi,"Aphidius ervi Haliday, 1834"
development,5,Days,TRAIND011202,"","",Aphidius_ervi,"Aphidius ervi Haliday, 1834"
development,5,Days,TRAIND011203,"","",Aphidius_ervi,"Aphidius ervi Haliday, 1834"
development,5,Days,TRAIND011204,"","",Aphidius_ervi,"Aphidius ervi Haliday, 1834"
development,5,Days,TRAIND011205,"","",Aphidius_ervi,"Aphidius ervi Haliday, 1834"
development,5,Days,TRAIND011206,"","",Aphidius_ervi,"Aphidius ervi Haliday, 1834"
development,5,Days,TRAIND011207,"","",Aphidius_ervi,"Aphidius ervi Haliday, 1834"
development,5,Days,TRAIND011208,"","",Aphidius_ervi,"Aphidius ervi Haliday, 1834"
development,5,Days,TRAIND011209,"","",Aphidius_ervi,"Aphidius ervi Haliday, 1834"
development,5,Days,TRAIND011210,"","",Aphidius_ervi,"Aphidius ervi Haliday, 1834"
development,5,Days,TRAIND011211,"","",Aphidius_ervi,"Aphidius ervi Haliday, 1834"
development,5,Days,TRAIND011212,"","",Aphidius_ervi,"Aphidius ervi Haliday, 1834"
development,5,Days,TRAIND011213,"","",Aphidius_ervi,"Aphidius ervi Haliday, 1834"
development,5,Days,TRAIND011214,"","",Aphidius_ervi,"Aphidius ervi Haliday, 1834"
development,5,Days,TRAIND011215,"","",Aphidius_ervi,"Aphidius ervi Haliday, 1834"
development,5,Days,TRAIND011216,"","",Aphidius_ervi,"Aphidius ervi Haliday, 1834"
development,5,Days,TRAIND011217,"","",Aphidius_ervi,"Aphidius ervi Haliday, 1834"
development,5,Days,TRAIND011218,"","",Aphidius_ervi,"Aphidius ervi Haliday, 1834"
development,5,Days,TRAIND011219,"","",Aphidius_ervi,"Aphidius ervi Haliday, 1834"
development,5,Days,TRAIND011220,"","",Aphidius_ervi,"Aphidius ervi Haliday, 1834"
development,5,Days,TRAIND011221,"","",Aphidius_ervi,"Aphidius ervi Haliday, 1834"
development,5,Days,TRAIND011222,"","",Aphidius_ervi,"Aphidius ervi Haliday, 1834"
development,5,Days,TRAIND011223,"","",Aphidius_ervi,"Aphidius ervi Haliday, 1834"
development,5,Days,TRAIND011224,"","",Aphidius_ervi,"Aphidius ervi Haliday, 1834"
development,5,Days,TRAIND011225,"","",Aphidius_ervi,"Aphidius ervi Haliday, 1834"
development,5,Days,TRAIND011226,"","",Aphidius_ervi,"Aphidius ervi Haliday, 1834"
development,5,Days,TRAIND011227,"","",Aphidius_ervi,"Aphidius ervi Haliday, 1834"
development,5,Days,TRAIND011228,"","",Aphidius_ervi,"Aphidius ervi Haliday, 1834"
development,5,Days,TRAIND011229,"","",Aphidius_ervi,"Aphidius ervi Haliday, 1834"
development,5,Days,TRAIND011230,"","",Aphidius_ervi,"Aphidius ervi Haliday, 1834"
development,5,Days,TRAIND011231,"","",Aphidius_ervi,"Aphidius ervi Haliday, 1834"
development,5,Days,TRAIND011232,"","",Aphidius_ervi,"Aphidius ervi Haliday, 1834"
development,5,Days,TRAIND011233,"","",Aphidius_ervi,"Aphidius ervi Haliday, 1834"
development,5,Days,TRAIND011234,"","",Aphidius_ervi,"Aphidius ervi Haliday, 1834"
development,5,Days,TRAIND011235,"","",Aphidius_ervi,"Aphidius ervi Haliday, 1834"
development,5,Days,TRAIND011236,"","",Aphidius_ervi,"Aphidius ervi Haliday, 1834"
development,5,Days,TRAIND011237,"","",Aphidius_ervi,"Aphidius ervi Haliday, 1834"
development,5,Days,TRAIND011238,"","",Aphidius_ervi,"Aphidius ervi Haliday, 1834"
development,5,Days,TRAIND011239,"","",Aphidius_ervi,"Aphidius ervi Haliday, 1834"
development,5,Days,TRAIND011240,"","",Aphidius_ervi,"Aphidius ervi Haliday, 1834"
development,5,Days,TRAIND011241,"","",Aphidius_ervi,"Aphidius ervi Haliday, 1834"
development,5,Days,TRAIND011242,"","",Aphidius_ervi,"Aphidius ervi Haliday, 1834"
development,5,Days,TRAIND011243,"","",Aphidius_ervi,"Aphidius ervi Haliday, 1834"
development,5,Days,TRAIND011244,"","",Aphidius_ervi,"Aphidius ervi Haliday, 1834"
development,5,Days,TRAIND011245,"","",Aphidius_ervi,"Aphidius ervi Haliday, 1834"
development,5,Days,TRAIND011246,"","",Aphidius_ervi,"Aphidius ervi Haliday, 1834"
development,5,Days,TRAIND011247,"","",Aphidius_ervi,"Aphidius ervi Haliday, 1834"
development,5,Days,TRAIND011248,"","",Aphidius_ervi,"Aphidius ervi Haliday, 1834"
development,5,Days,TRAIND011249,"","",Aphidius_ervi,"Aphidius ervi Haliday, 1834"
development,5,Days,TRAIND011250,"","",Aphidius_ervi,"Aphidius ervi Haliday, 1834"
development,5,Days,TRAIND011251,"","",Aphidius_ervi,"Aphidius ervi Haliday, 1834"
development,5,Days,TRAIND011252,"","",Aphidius_ervi,"Aphidius ervi Haliday, 1834"
development,5,Days,TRAIND011253,"","",Aphidius_ervi,"Aphidius ervi Haliday, 1834"
development,5,Days,TRAIND011254,"","",Aphidius_ervi,"Aphidius ervi Haliday, 1834"
development,5,Days,TRAIND011255,"","",Aphidius_ervi,"Aphidius ervi Haliday, 1834"
development,6,Days,TRAIND011256,"","",Aphidius_ervi,"Aphidius ervi Haliday, 1834"
development,6,Days,TRAIND011257,"","",Aphidius_ervi,"Aphidius ervi Haliday, 1834"
development,6,Days,TRAIND011258,"","",Aphidius_ervi,"Aphidius ervi Haliday, 1834"
development,6,Days,TRAIND011259,"","",Aphidius_ervi,"Aphidius ervi Haliday, 1834"
development,6,Days,TRAIND011260,"","",Aphidius_ervi,"Aphidius ervi Haliday, 1834"
development,6,Days,TRAIND011261,"","",Aphidius_ervi,"Aphidius ervi Haliday, 1834"
development,6,Days,TRAIND011262,"","",Aphidius_ervi,"Aphidius ervi Haliday, 1834"
development,6,Days,TRAIND011263,"","",Aphidius_ervi,"Aphidius ervi Haliday, 1834"
development,6,Days,TRAIND011264,"","",Aphidius_ervi,"Aphidius ervi Haliday, 1834"
development,6,Days,TRAIND011265,"","",Aphidius_ervi,"Aphidius ervi Haliday, 1834"
development,6,Days,TRAIND011266,"","",Aphidius_ervi,"Aphidius ervi Haliday, 1834"
development,6,Days,TRAIND011267,"","",Aphidius_ervi,"Aphidius ervi Haliday, 1834"
development,6,Days,TRAIND011268,"","",Aphidius_ervi,"Aphidius ervi Haliday, 1834"
development,6,Days,TRAIND011269,"","",Aphidius_ervi,"Aphidius ervi Haliday, 1834"
development,6,Days,TRAIND011270,"","",Aphidius_ervi,"Aphidius ervi Haliday, 1834"
development,6,Days,TRAIND011271,"","",Aphidius_ervi,"Aphidius ervi Haliday, 1834"
development,6,Days,TRAIND011272,"","",Aphidius_ervi,"Aphidius ervi Haliday, 1834"
development,6,Days,TRAIND011273,"","",Aphidius_ervi,"Aphidius ervi Haliday, 1834"
development,6,Days,TRAIND011274,"","",Aphidius_ervi,"Aphidius ervi Haliday, 1834"
development,6,Days,TRAIND011275,"","",Aphidius_ervi,"Aphidius ervi Haliday, 1834"
development,6,Days,TRAIND011276,"","",Aphidius_ervi,"Aphidius ervi Haliday, 1834"
development,6,Days,TRAIND011277,"","",Aphidius_ervi,"Aphidius ervi Haliday, 1834"
development,6,Days,TRAIND011278,"","",Aphidius_ervi,"Aphidius ervi Haliday, 1834"
development,6,Days,TRAIND011279,"","",Aphidius_ervi,"Aphidius ervi Haliday, 1834"
development,6,Days,TRAIND011280,"","",Aphidius_ervi,"Aphidius ervi Haliday, 1834"
development,6,Days,TRAIND011281,"","",Aphidius_ervi,"Aphidius ervi Haliday, 1834"
development,6,Days,TRAIND011282,"","",Aphidius_ervi,"Aphidius ervi Haliday, 1834"
development,6,Days,TRAIND011283,"","",Aphidius_ervi,"Aphidius ervi Haliday, 1834"
development,6,Days,TRAIND011284,"","",Aphidius_ervi,"Aphidius ervi Haliday, 1834"
development,6,Days,TRAIND011285,"","",Aphidius_ervi,"Aphidius ervi Haliday, 1834"
development,6,Days,TRAIND011286,"","",Aphidius_ervi,"Aphidius ervi Haliday, 1834"
development,6,Days,TRAIND011287,"","",Aphidius_ervi,"Aphidius ervi Haliday, 1834"
development,6,Days,TRAIND011288,"","",Aphidius_ervi,"Aphidius ervi Haliday, 1834"
development,6,Days,TRAIND011289,"","",Aphidius_ervi,"Aphidius ervi Haliday, 1834"
development,6,Days,TRAIND011290,"","",Aphidius_ervi,"Aphidius ervi Haliday, 1834"
development,6,Days,TRAIND011291,"","",Aphidius_ervi,"Aphidius ervi Haliday, 1834"
development,6,Days,TRAIND011292,"","",Aphidius_ervi,"Aphidius ervi Haliday, 1834"
development,7,Days,TRAIND011293,"","",Aphidius_ervi,"Aphidius ervi Haliday, 1834"
development,7,Days,TRAIND011294,"","",Aphidius_ervi,"Aphidius ervi Haliday, 1834"
development,7,Days,TRAIND011295,"","",Aphidius_ervi,"Aphidius ervi Haliday, 1834"
development,7,Days,TRAIND011296,"","",Aphidius_ervi,"Aphidius ervi Haliday, 1834"
development,7,Days,TRAIND011297,"","",Aphidius_ervi,"Aphidius ervi Haliday, 1834"
development,7,Days,TRAIND011298,"","",Aphidius_ervi,"Aphidius ervi Haliday, 1834"
development,7,Days,TRAIND011299,"","",Aphidius_ervi,"Aphidius ervi Haliday, 1834"
development,7,Days,TRAIND011300,"","",Aphidius_ervi,"Aphidius ervi Haliday, 1834"
development,7,Days,TRAIND011301,"","",Aphidius_ervi,"Aphidius ervi Haliday, 1834"
development,7,Days,TRAIND011302,"","",Aphidius_ervi,"Aphidius ervi Haliday, 1834"
development,7,Days,TRAIND011303,"","",Aphidius_ervi,"Aphidius ervi Haliday, 1834"
development,7,Days,TRAIND011304,"","",Aphidius_ervi,"Aphidius ervi Haliday, 1834"
development,7,Days,TRAIND011305,"","",Aphidius_ervi,"Aphidius ervi Haliday, 1834"
development,7,Days,TRAIND011306,"","",Aphidius_ervi,"Aphidius ervi Haliday, 1834"
development,7,Days,TRAIND011307,"","",Aphidius_ervi,"Aphidius ervi Haliday, 1834"
development,7,Days,TRAIND011308,"","",Aphidius_ervi,"Aphidius ervi Haliday, 1834"
development,7,Days,TRAIND011309,"","",Aphidius_ervi,"Aphidius ervi Haliday, 1834"
development,7,Days,TRAIND011310,"","",Aphidius_ervi,"Aphidius ervi Haliday, 1834"
development,7,Days,TRAIND011311,"","",Aphidius_ervi,"Aphidius ervi Haliday, 1834"
development,7,Days,TRAIND011312,"","",Aphidius_ervi,"Aphidius ervi Haliday, 1834"
development,7,Days,TRAIND011313,"","",Aphidius_ervi,"Aphidius ervi Haliday, 1834"
development,7,Days,TRAIND011314,"","",Aphidius_ervi,"Aphidius ervi Haliday, 1834"
development,7,Days,TRAIND011315,"","",Aphidius_ervi,"Aphidius ervi Haliday, 1834"
development,7,Days,TRAIND011316,"","",Aphidius_ervi,"Aphidius ervi Haliday, 1834"
development,7,Days,TRAIND011317,"","",Aphidius_ervi,"Aphidius ervi Haliday, 1834"
development,7,Days,TRAIND011318,"","",Aphidius_ervi,"Aphidius ervi Haliday, 1834"
development,7,Days,TRAIND011319,"","",Aphidius_ervi,"Aphidius ervi Haliday, 1834"
development,7,Days,TRAIND011320,"","",Aphidius_ervi,"Aphidius ervi Haliday, 1834"
development,7,Days,TRAIND011321,"","",Aphidius_ervi,"Aphidius ervi Haliday, 1834"
development,7,Days,TRAIND011322,"","",Aphidius_ervi,"Aphidius ervi Haliday, 1834"
development,8,Days,TRAIND011323,"","",Aphidius_ervi,"Aphidius ervi Haliday, 1834"
development,8,Days,TRAIND011324,"","",Aphidius_ervi,"Aphidius ervi Haliday, 1834"
development,8,Days,TRAIND011325,"","",Aphidius_ervi,"Aphidius ervi Haliday, 1834"
development,8,Days,TRAIND011326,"","",Aphidius_ervi,"Aphidius ervi Haliday, 1834"
development,8,Days,TRAIND011327,"","",Aphidius_ervi,"Aphidius ervi Haliday, 1834"
development,8,Days,TRAIND011328,"","",Aphidius_ervi,"Aphidius ervi Haliday, 1834"
development,8,Days,TRAIND011329,"","",Aphidius_ervi,"Aphidius ervi Haliday, 1834"
development,8,Days,TRAIND011330,"","",Aphidius_ervi,"Aphidius ervi Haliday, 1834"
development,8,Days,TRAIND011331,"","",Aphidius_ervi,"Aphidius ervi Haliday, 1834"
development,8,Days,TRAIND011332,"","",Aphidius_ervi,"Aphidius ervi Haliday, 1834"
development,8,Days,TRAIND011333,"","",Aphidius_ervi,"Aphidius ervi Haliday, 1834"
development,8,Days,TRAIND011334,"","",Aphidius_ervi,"Aphidius ervi Haliday, 1834"
development,9,Days,TRAIND011335,"","",Aphidius_ervi,"Aphidius ervi Haliday, 1834"
development,9,Days,TRAIND011336,"","",Aphidius_ervi,"Aphidius ervi Haliday, 1834"
development,9,Days,TRAIND011337,"","",Aphidius_ervi,"Aphidius ervi Haliday, 1834"
development,9,Days,TRAIND011338,"","",Aphidius_ervi,"Aphidius ervi Haliday, 1834"
development,10,Days,TRAIND011339,"","",Aphidius_ervi,"Aphidius ervi Haliday, 1834"
development,10,Days,TRAIND011340,"","",Aphidius_ervi,"Aphidius ervi Haliday, 1834"
development,10,Days,TRAIND011341,"","",Aphidius_ervi,"Aphidius ervi Haliday, 1834"
development,10,Days,TRAIND011342,"","",Aphidius_ervi,"Aphidius ervi Haliday, 1834"
development,11,Days,TRAIND011343,"","",Aphidius_ervi,"Aphidius ervi Haliday, 1834"
development,11,Days,TRAIND011344,"","",Aphidius_ervi,"Aphidius ervi Haliday, 1834"
development,11,Days,TRAIND011345,"","",Aphidius_ervi,"Aphidius ervi Haliday, 1834"
development,11,Days,TRAIND011346,"","",Aphidius_ervi,"Aphidius ervi Haliday, 1834"
development,12,Days,TRAIND011347,"","",Aphidius_ervi,"Aphidius ervi Haliday, 1834"
development,12,Days,TRAIND011348,"","",Aphidius_ervi,"Aphidius ervi Haliday, 1834"
development,12,Days,TRAIND011349,"","",Aphidius_ervi,"Aphidius ervi Haliday, 1834"
development,12,Days,TRAIND011350,"","",Aphidius_ervi,"Aphidius ervi Haliday, 1834"
development,12,Days,TRAIND011351,"","",Aphidius_ervi,"Aphidius ervi Haliday, 1834"
development,12,Days,TRAIND011352,"","",Aphidius_ervi,"Aphidius ervi Haliday, 1834"
development,12,Days,TRAIND011353,"","",Aphidius_ervi,"Aphidius ervi Haliday, 1834"
development,12,Days,TRAIND011354,"","",Aphidius_ervi,"Aphidius ervi Haliday, 1834"
development,12,Days,TRAIND011355,"","",Aphidius_ervi,"Aphidius ervi Haliday, 1834"
development,12,Days,TRAIND011356,"","",Aphidius_ervi,"Aphidius ervi Haliday, 1834"
development,12,Days,TRAIND011357,"","",Aphidius_ervi,"Aphidius ervi Haliday, 1834"
development,12,Days,TRAIND011358,"","",Aphidius_ervi,"Aphidius ervi Haliday, 1834"
development,12,Days,TRAIND011359,"","",Aphidius_ervi,"Aphidius ervi Haliday, 1834"
development,12,Days,TRAIND011360,"","",Aphidius_ervi,"Aphidius ervi Haliday, 1834"
development,12,Days,TRAIND011361,"","",Aphidius_ervi,"Aphidius ervi Haliday, 1834"
development,12,Days,TRAIND011362,"","",Aphidius_ervi,"Aphidius ervi Haliday, 1834"
development,12,Days,TRAIND011363,"","",Aphidius_ervi,"Aphidius ervi Haliday, 1834"
development,13,Days,TRAIND011364,"","",Aphidius_ervi,"Aphidius ervi Haliday, 1834"
development,13,Days,TRAIND011365,"","",Aphidius_ervi,"Aphidius ervi Haliday, 1834"
development,13,Days,TRAIND011366,"","",Aphidius_ervi,"Aphidius ervi Haliday, 1834"
development,13,Days,TRAIND011367,"","",Aphidius_ervi,"Aphidius ervi Haliday, 1834"
development,13,Days,TRAIND011368,"","",Aphidius_ervi,"Aphidius ervi Haliday, 1834"
development,13,Days,TRAIND011369,"","",Aphidius_ervi,"Aphidius ervi Haliday, 1834"
development,13,Days,TRAIND011370,"","",Aphidius_ervi,"Aphidius ervi Haliday, 1834"
development,13,Days,TRAIND011371,"","",Aphidius_ervi,"Aphidius ervi Haliday, 1834"
development,13,Days,TRAIND011372,"","",Aphidius_ervi,"Aphidius ervi Haliday, 1834"
development,13,Days,TRAIND011373,"","",Aphidius_ervi,"Aphidius ervi Haliday, 1834"
development,13,Days,TRAIND011374,"","",Aphidius_ervi,"Aphidius ervi Haliday, 1834"
development,13,Days,TRAIND011375,"","",Aphidius_ervi,"Aphidius ervi Haliday, 1834"
development,14,Days,TRAIND011376,"","",Aphidius_ervi,"Aphidius ervi Haliday, 1834"
development,14,Days,TRAIND011377,"","",Aphidius_ervi,"Aphidius ervi Haliday, 1834"
development,14,Days,TRAIND011378,"","",Aphidius_ervi,"Aphidius ervi Haliday, 1834"
development,14,Days,TRAIND011379,"","",Aphidius_ervi,"Aphidius ervi Haliday, 1834"
development,15,Days,TRAIND011380,"","",Aphidius_ervi,"Aphidius ervi Haliday, 1834"
development,15,Days,TRAIND011381,"","",Aphidius_ervi,"Aphidius ervi Haliday, 1834"
development,15,Days,TRAIND011382,"","",Aphidius_ervi,"Aphidius ervi Haliday, 1834"
development,15,Days,TRAIND011383,"","",Aphidius_ervi,"Aphidius ervi Haliday, 1834"
development,15,Days,TRAIND011384,"","",Aphidius_ervi,"Aphidius ervi Haliday, 1834"
development,15,Days,TRAIND011385,"","",Aphidius_ervi,"Aphidius ervi Haliday, 1834"
development,15,Days,TRAIND011386,"","",Aphidius_ervi,"Aphidius ervi Haliday, 1834"
development,16,Days,TRAIND011387,"","",Aphidius_ervi,"Aphidius ervi Haliday, 1834"
development,16,Days,TRAIND011388,"","",Aphidius_ervi,"Aphidius ervi Haliday, 1834"
development,16,Days,TRAIND011389,"","",Aphidius_ervi,"Aphidius ervi Haliday, 1834"
development,16,Days,TRAIND011390,"","",Aphidius_ervi,"Aphidius ervi Haliday, 1834"
development,17,Days,TRAIND011391,"","",Aphidius_ervi,"Aphidius ervi Haliday, 1834"
development,17,Days,TRAIND011392,"","",Aphidius_ervi,"Aphidius ervi Haliday, 1834"
development,17,Days,TRAIND011393,"","",Aphidius_ervi,"Aphidius ervi Haliday, 1834"
development,17,Days,TRAIND011394,"","",Aphidius_ervi,"Aphidius ervi Haliday, 1834"
development,17,Days,TRAIND011395,"","",Aphidius_ervi,"Aphidius ervi Haliday, 1834"
development,17,Days,TRAIND011396,"","",Aphidius_ervi,"Aphidius ervi Haliday, 1834"
development,17,Days,TRAIND011397,"","",Aphidius_ervi,"Aphidius ervi Haliday, 1834"
development,17,Days,TRAIND011398,"","",Aphidius_ervi,"Aphidius ervi Haliday, 1834"
development,17,Days,TRAIND011399,"","",Aphidius_ervi,"Aphidius ervi Haliday, 1834"
development,18,Days,TRAIND011400,"","",Aphidius_ervi,"Aphidius ervi Haliday, 1834"
development,18,Days,TRAIND011401,"","",Aphidius_ervi,"Aphidius ervi Haliday, 1834"
development,18,Days,TRAIND011402,"","",Aphidius_ervi,"Aphidius ervi Haliday, 1834"
development,18,Days,TRAIND011403,"","",Aphidius_ervi,"Aphidius ervi Haliday, 1834"
development,18,Days,TRAIND011404,"","",Aphidius_ervi,"Aphidius ervi Haliday, 1834"
development,18,Days,TRAIND011405,"","",Aphidius_ervi,"Aphidius ervi Haliday, 1834"
development,18,Days,TRAIND011406,"","",Aphidius_ervi,"Aphidius ervi Haliday, 1834"
development,19,Days,TRAIND011407,"","",Aphidius_ervi,"Aphidius ervi Haliday, 1834"
development,20,Days,TRAIND011408,"","",Aphidius_ervi,"Aphidius ervi Haliday, 1834"
development,22,Days,TRAIND011409,"","",Aphidius_ervi,"Aphidius ervi Haliday, 1834"
development,24,Days,TRAIND011410,"","",Aphidius_ervi,"Aphidius ervi Haliday, 1834"
development,24,Days,TRAIND011411,"","",Aphidius_ervi,"Aphidius ervi Haliday, 1834"
development,24,Days,TRAIND011412,"","",Aphidius_ervi,"Aphidius ervi Haliday, 1834"
development,25,Days,TRAIND011413,"","",Aphidius_ervi,"Aphidius ervi Haliday, 1834"
development,25,Days,TRAIND011414,"","",Aphidius_ervi,"Aphidius ervi Haliday, 1834"
development,26,Days,TRAIND011415,"","",Aphidius_ervi,"Aphidius ervi Haliday, 1834"
development,28,Days,TRAIND011416,"","",Aphidius_ervi,"Aphidius ervi Haliday, 1834"
development,1,Days,TRAIND011417,"","",Aphidius_ervi,"Aphidius ervi Haliday, 1834"
development,1,Days,TRAIND011418,"","",Aphidius_ervi,"Aphidius ervi Haliday, 1834"
development,1,Days,TRAIND011419,"","",Aphidius_ervi,"Aphidius ervi Haliday, 1834"
development,1,Days,TRAIND011420,"","",Aphidius_ervi,"Aphidius ervi Haliday, 1834"
development,1,Days,TRAIND011421,"","",Aphidius_ervi,"Aphidius ervi Haliday, 1834"
development,1,Days,TRAIND011422,"","",Aphidius_ervi,"Aphidius ervi Haliday, 1834"
development,1,Days,TRAIND011423,"","",Aphidius_ervi,"Aphidius ervi Haliday, 1834"
development,1,Days,TRAIND011424,"","",Aphidius_ervi,"Aphidius ervi Haliday, 1834"
development,1,Days,TRAIND011425,"","",Aphidius_ervi,"Aphidius ervi Haliday, 1834"
development,1,Days,TRAIND011426,"","",Aphidius_ervi,"Aphidius ervi Haliday, 1834"
development,1,Days,TRAIND011427,"","",Aphidius_ervi,"Aphidius ervi Haliday, 1834"
development,1,Days,TRAIND011428,"","",Aphidius_ervi,"Aphidius ervi Haliday, 1834"
development,1,Days,TRAIND011429,"","",Aphidius_ervi,"Aphidius ervi Haliday, 1834"
development,1,Days,TRAIND011430,"","",Aphidius_ervi,"Aphidius ervi Haliday, 1834"
development,2,Days,TRAIND011431,"","",Aphidius_ervi,"Aphidius ervi Haliday, 1834"
development,2,Days,TRAIND011432,"","",Aphidius_ervi,"Aphidius ervi Haliday, 1834"
development,2,Days,TRAIND011433,"","",Aphidius_ervi,"Aphidius ervi Haliday, 1834"
development,2,Days,TRAIND011434,"","",Aphidius_ervi,"Aphidius ervi Haliday, 1834"
development,2,Days,TRAIND011435,"","",Aphidius_ervi,"Aphidius ervi Haliday, 1834"
development,2,Days,TRAIND011436,"","",Aphidius_ervi,"Aphidius ervi Haliday, 1834"
development,2,Days,TRAIND011437,"","",Aphidius_ervi,"Aphidius ervi Haliday, 1834"
development,2,Days,TRAIND011438,"","",Aphidius_ervi,"Aphidius ervi Haliday, 1834"
development,2,Days,TRAIND011439,"","",Aphidius_ervi,"Aphidius ervi Haliday, 1834"
development,2,Days,TRAIND011440,"","",Aphidius_ervi,"Aphidius ervi Haliday, 1834"
development,2,Days,TRAIND011441,"","",Aphidius_ervi,"Aphidius ervi Haliday, 1834"
development,2,Days,TRAIND011442,"","",Aphidius_ervi,"Aphidius ervi Haliday, 1834"
development,2,Days,TRAIND011443,"","",Aphidius_ervi,"Aphidius ervi Haliday, 1834"
development,2,Days,TRAIND011444,"","",Aphidius_ervi,"Aphidius ervi Haliday, 1834"
development,2,Days,TRAIND011445,"","",Aphidius_ervi,"Aphidius ervi Haliday, 1834"
development,2,Days,TRAIND011446,"","",Aphidius_ervi,"Aphidius ervi Haliday, 1834"
development,2,Days,TRAIND011447,"","",Aphidius_ervi,"Aphidius ervi Haliday, 1834"
development,2,Days,TRAIND011448,"","",Aphidius_ervi,"Aphidius ervi Haliday, 1834"
development,2,Days,TRAIND011449,"","",Aphidius_ervi,"Aphidius ervi Haliday, 1834"
development,2,Days,TRAIND011450,"","",Aphidius_ervi,"Aphidius ervi Haliday, 1834"
development,2,Days,TRAIND011451,"","",Aphidius_ervi,"Aphidius ervi Haliday, 1834"
development,2,Days,TRAIND011452,"","",Aphidius_ervi,"Aphidius ervi Haliday, 1834"
development,2,Days,TRAIND011453,"","",Aphidius_ervi,"Aphidius ervi Haliday, 1834"
development,2,Days,TRAIND011454,"","",Aphidius_ervi,"Aphidius ervi Haliday, 1834"
development,2,Days,TRAIND011455,"","",Aphidius_ervi,"Aphidius ervi Haliday, 1834"
development,2,Days,TRAIND011456,"","",Aphidius_ervi,"Aphidius ervi Haliday, 1834"
development,2,Days,TRAIND011457,"","",Aphidius_ervi,"Aphidius ervi Haliday, 1834"
development,2,Days,TRAIND011458,"","",Aphidius_ervi,"Aphidius ervi Haliday, 1834"
development,2,Days,TRAIND011459,"","",Aphidius_ervi,"Aphidius ervi Haliday, 1834"
development,2,Days,TRAIND011460,"","",Aphidius_ervi,"Aphidius ervi Haliday, 1834"
development,2,Days,TRAIND011461,"","",Aphidius_ervi,"Aphidius ervi Haliday, 1834"
development,2,Days,TRAIND011462,"","",Aphidius_ervi,"Aphidius ervi Haliday, 1834"
development,3,Days,TRAIND011463,"","",Aphidius_ervi,"Aphidius ervi Haliday, 1834"
development,3,Days,TRAIND011464,"","",Aphidius_ervi,"Aphidius ervi Haliday, 1834"
development,3,Days,TRAIND011465,"","",Aphidius_ervi,"Aphidius ervi Haliday, 1834"
development,3,Days,TRAIND011466,"","",Aphidius_ervi,"Aphidius ervi Haliday, 1834"
development,3,Days,TRAIND011467,"","",Aphidius_ervi,"Aphidius ervi Haliday, 1834"
development,3,Days,TRAIND011468,"","",Aphidius_ervi,"Aphidius ervi Haliday, 1834"
development,3,Days,TRAIND011469,"","",Aphidius_ervi,"Aphidius ervi Haliday, 1834"
development,3,Days,TRAIND011470,"","",Aphidius_ervi,"Aphidius ervi Haliday, 1834"
development,3,Days,TRAIND011471,"","",Aphidius_ervi,"Aphidius ervi Haliday, 1834"
development,3,Days,TRAIND011472,"","",Aphidius_ervi,"Aphidius ervi Haliday, 1834"
development,3,Days,TRAIND011473,"","",Aphidius_ervi,"Aphidius ervi Haliday, 1834"
development,3,Days,TRAIND011474,"","",Aphidius_ervi,"Aphidius ervi Haliday, 1834"
development,3,Days,TRAIND011475,"","",Aphidius_ervi,"Aphidius ervi Haliday, 1834"
development,3,Days,TRAIND011476,"","",Aphidius_ervi,"Aphidius ervi Haliday, 1834"
development,3,Days,TRAIND011477,"","",Aphidius_ervi,"Aphidius ervi Haliday, 1834"
development,3,Days,TRAIND011478,"","",Aphidius_ervi,"Aphidius ervi Haliday, 1834"
development,3,Days,TRAIND011479,"","",Aphidius_ervi,"Aphidius ervi Haliday, 1834"
development,3,Days,TRAIND011480,"","",Aphidius_ervi,"Aphidius ervi Haliday, 1834"
development,3,Days,TRAIND011481,"","",Aphidius_ervi,"Aphidius ervi Haliday, 1834"
development,3,Days,TRAIND011482,"","",Aphidius_ervi,"Aphidius ervi Haliday, 1834"
development,3,Days,TRAIND011483,"","",Aphidius_ervi,"Aphidius ervi Haliday, 1834"
development,3,Days,TRAIND011484,"","",Aphidius_ervi,"Aphidius ervi Haliday, 1834"
development,3,Days,TRAIND011485,"","",Aphidius_ervi,"Aphidius ervi Haliday, 1834"
development,3,Days,TRAIND011486,"","",Aphidius_ervi,"Aphidius ervi Haliday, 1834"
development,3,Days,TRAIND011487,"","",Aphidius_ervi,"Aphidius ervi Haliday, 1834"
development,4,Days,TRAIND011488,"","",Aphidius_ervi,"Aphidius ervi Haliday, 1834"
development,4,Days,TRAIND011489,"","",Aphidius_ervi,"Aphidius ervi Haliday, 1834"
development,4,Days,TRAIND011490,"","",Aphidius_ervi,"Aphidius ervi Haliday, 1834"
development,4,Days,TRAIND011491,"","",Aphidius_ervi,"Aphidius ervi Haliday, 1834"
development,4,Days,TRAIND011492,"","",Aphidius_ervi,"Aphidius ervi Haliday, 1834"
development,4,Days,TRAIND011493,"","",Aphidius_ervi,"Aphidius ervi Haliday, 1834"
development,4,Days,TRAIND011494,"","",Aphidius_ervi,"Aphidius ervi Haliday, 1834"
development,4,Days,TRAIND011495,"","",Aphidius_ervi,"Aphidius ervi Haliday, 1834"
development,4,Days,TRAIND011496,"","",Aphidius_ervi,"Aphidius ervi Haliday, 1834"
development,4,Days,TRAIND011497,"","",Aphidius_ervi,"Aphidius ervi Haliday, 1834"
development,4,Days,TRAIND011498,"","",Aphidius_ervi,"Aphidius ervi Haliday, 1834"
development,4,Days,TRAIND011499,"","",Aphidius_ervi,"Aphidius ervi Haliday, 1834"
development,4,Days,TRAIND011500,"","",Aphidius_ervi,"Aphidius ervi Haliday, 1834"
development,4,Days,TRAIND011501,"","",Aphidius_ervi,"Aphidius ervi Haliday, 1834"
development,4,Days,TRAIND011502,"","",Aphidius_ervi,"Aphidius ervi Haliday, 1834"
development,4,Days,TRAIND011503,"","",Aphidius_ervi,"Aphidius ervi Haliday, 1834"
development,4,Days,TRAIND011504,"","",Aphidius_ervi,"Aphidius ervi Haliday, 1834"
development,4,Days,TRAIND011505,"","",Aphidius_ervi,"Aphidius ervi Haliday, 1834"
development,4,Days,TRAIND011506,"","",Aphidius_ervi,"Aphidius ervi Haliday, 1834"
development,4,Days,TRAIND011507,"","",Aphidius_ervi,"Aphidius ervi Haliday, 1834"
development,4,Days,TRAIND011508,"","",Aphidius_ervi,"Aphidius ervi Haliday, 1834"
development,4,Days,TRAIND011509,"","",Aphidius_ervi,"Aphidius ervi Haliday, 1834"
development,4,Days,TRAIND011510,"","",Aphidius_ervi,"Aphidius ervi Haliday, 1834"
development,4,Days,TRAIND011511,"","",Aphidius_ervi,"Aphidius ervi Haliday, 1834"
development,4,Days,TRAIND011512,"","",Aphidius_ervi,"Aphidius ervi Haliday, 1834"
development,4,Days,TRAIND011513,"","",Aphidius_ervi,"Aphidius ervi Haliday, 1834"
development,4,Days,TRAIND011514,"","",Aphidius_ervi,"Aphidius ervi Haliday, 1834"
development,4,Days,TRAIND011515,"","",Aphidius_ervi,"Aphidius ervi Haliday, 1834"
development,4,Days,TRAIND011516,"","",Aphidius_ervi,"Aphidius ervi Haliday, 1834"
development,4,Days,TRAIND011517,"","",Aphidius_ervi,"Aphidius ervi Haliday, 1834"
development,4,Days,TRAIND011518,"","",Aphidius_ervi,"Aphidius ervi Haliday, 1834"
development,4,Days,TRAIND011519,"","",Aphidius_ervi,"Aphidius ervi Haliday, 1834"
development,4,Days,TRAIND011520,"","",Aphidius_ervi,"Aphidius ervi Haliday, 1834"
development,4,Days,TRAIND011521,"","",Aphidius_ervi,"Aphidius ervi Haliday, 1834"
development,4,Days,TRAIND011522,"","",Aphidius_ervi,"Aphidius ervi Haliday, 1834"
development,4,Days,TRAIND011523,"","",Aphidius_ervi,"Aphidius ervi Haliday, 1834"
development,4,Days,TRAIND011524,"","",Aphidius_ervi,"Aphidius ervi Haliday, 1834"
development,4,Days,TRAIND011525,"","",Aphidius_ervi,"Aphidius ervi Haliday, 1834"
development,4,Days,TRAIND011526,"","",Aphidius_ervi,"Aphidius ervi Haliday, 1834"
development,5,Days,TRAIND011527,"","",Aphidius_ervi,"Aphidius ervi Haliday, 1834"
development,5,Days,TRAIND011528,"","",Aphidius_ervi,"Aphidius ervi Haliday, 1834"
development,5,Days,TRAIND011529,"","",Aphidius_ervi,"Aphidius ervi Haliday, 1834"
development,5,Days,TRAIND011530,"","",Aphidius_ervi,"Aphidius ervi Haliday, 1834"
development,5,Days,TRAIND011531,"","",Aphidius_ervi,"Aphidius ervi Haliday, 1834"
development,5,Days,TRAIND011532,"","",Aphidius_ervi,"Aphidius ervi Haliday, 1834"
development,5,Days,TRAIND011533,"","",Aphidius_ervi,"Aphidius ervi Haliday, 1834"
development,5,Days,TRAIND011534,"","",Aphidius_ervi,"Aphidius ervi Haliday, 1834"
development,5,Days,TRAIND011535,"","",Aphidius_ervi,"Aphidius ervi Haliday, 1834"
development,5,Days,TRAIND011536,"","",Aphidius_ervi,"Aphidius ervi Haliday, 1834"
development,5,Days,TRAIND011537,"","",Aphidius_ervi,"Aphidius ervi Haliday, 1834"
development,5,Days,TRAIND011538,"","",Aphidius_ervi,"Aphidius ervi Haliday, 1834"
development,5,Days,TRAIND011539,"","",Aphidius_ervi,"Aphidius ervi Haliday, 1834"
development,5,Days,TRAIND011540,"","",Aphidius_ervi,"Aphidius ervi Haliday, 1834"
development,5,Days,TRAIND011541,"","",Aphidius_ervi,"Aphidius ervi Haliday, 1834"
development,5,Days,TRAIND011542,"","",Aphidius_ervi,"Aphidius ervi Haliday, 1834"
development,5,Days,TRAIND011543,"","",Aphidius_ervi,"Aphidius ervi Haliday, 1834"
development,5,Days,TRAIND011544,"","",Aphidius_ervi,"Aphidius ervi Haliday, 1834"
development,5,Days,TRAIND011545,"","",Aphidius_ervi,"Aphidius ervi Haliday, 1834"
development,5,Days,TRAIND011546,"","",Aphidius_ervi,"Aphidius ervi Haliday, 1834"
development,5,Days,TRAIND011547,"","",Aphidius_ervi,"Aphidius ervi Haliday, 1834"
development,5,Days,TRAIND011548,"","",Aphidius_ervi,"Aphidius ervi Haliday, 1834"
development,5,Days,TRAIND011549,"","",Aphidius_ervi,"Aphidius ervi Haliday, 1834"
development,6,Days,TRAIND011550,"","",Aphidius_ervi,"Aphidius ervi Haliday, 1834"
development,6,Days,TRAIND011551,"","",Aphidius_ervi,"Aphidius ervi Haliday, 1834"
development,6,Days,TRAIND011552,"","",Aphidius_ervi,"Aphidius ervi Haliday, 1834"
development,6,Days,TRAIND011553,"","",Aphidius_ervi,"Aphidius ervi Haliday, 1834"
development,6,Days,TRAIND011554,"","",Aphidius_ervi,"Aphidius ervi Haliday, 1834"
development,6,Days,TRAIND011555,"","",Aphidius_ervi,"Aphidius ervi Haliday, 1834"
development,6,Days,TRAIND011556,"","",Aphidius_ervi,"Aphidius ervi Haliday, 1834"
development,6,Days,TRAIND011557,"","",Aphidius_ervi,"Aphidius ervi Haliday, 1834"
development,6,Days,TRAIND011558,"","",Aphidius_ervi,"Aphidius ervi Haliday, 1834"
development,6,Days,TRAIND011559,"","",Aphidius_ervi,"Aphidius ervi Haliday, 1834"
development,6,Days,TRAIND011560,"","",Aphidius_ervi,"Aphidius ervi Haliday, 1834"
development,6,Days,TRAIND011561,"","",Aphidius_ervi,"Aphidius ervi Haliday, 1834"
development,6,Days,TRAIND011562,"","",Aphidius_ervi,"Aphidius ervi Haliday, 1834"
development,6,Days,TRAIND011563,"","",Aphidius_ervi,"Aphidius ervi Haliday, 1834"
development,6,Days,TRAIND011564,"","",Aphidius_ervi,"Aphidius ervi Haliday, 1834"
development,7,Days,TRAIND011565,"","",Aphidius_ervi,"Aphidius ervi Haliday, 1834"
development,7,Days,TRAIND011566,"","",Aphidius_ervi,"Aphidius ervi Haliday, 1834"
development,7,Days,TRAIND011567,"","",Aphidius_ervi,"Aphidius ervi Haliday, 1834"
development,7,Days,TRAIND011568,"","",Aphidius_ervi,"Aphidius ervi Haliday, 1834"
development,7,Days,TRAIND011569,"","",Aphidius_ervi,"Aphidius ervi Haliday, 1834"
development,7,Days,TRAIND011570,"","",Aphidius_ervi,"Aphidius ervi Haliday, 1834"
development,7,Days,TRAIND011571,"","",Aphidius_ervi,"Aphidius ervi Haliday, 1834"
development,7,Days,TRAIND011572,"","",Aphidius_ervi,"Aphidius ervi Haliday, 1834"
development,7,Days,TRAIND011573,"","",Aphidius_ervi,"Aphidius ervi Haliday, 1834"
development,7,Days,TRAIND011574,"","",Aphidius_ervi,"Aphidius ervi Haliday, 1834"
development,7,Days,TRAIND011575,"","",Aphidius_ervi,"Aphidius ervi Haliday, 1834"
development,7,Days,TRAIND011576,"","",Aphidius_ervi,"Aphidius ervi Haliday, 1834"
development,8,Days,TRAIND011577,"","",Aphidius_ervi,"Aphidius ervi Haliday, 1834"
development,8,Days,TRAIND011578,"","",Aphidius_ervi,"Aphidius ervi Haliday, 1834"
development,8,Days,TRAIND011579,"","",Aphidius_ervi,"Aphidius ervi Haliday, 1834"
development,8,Days,TRAIND011580,"","",Aphidius_ervi,"Aphidius ervi Haliday, 1834"
development,8,Days,TRAIND011581,"","",Aphidius_ervi,"Aphidius ervi Haliday, 1834"
development,8,Days,TRAIND011582,"","",Aphidius_ervi,"Aphidius ervi Haliday, 1834"
development,8,Days,TRAIND011583,"","",Aphidius_ervi,"Aphidius ervi Haliday, 1834"
development,8,Days,TRAIND011584,"","",Aphidius_ervi,"Aphidius ervi Haliday, 1834"
development,8,Days,TRAIND011585,"","",Aphidius_ervi,"Aphidius ervi Haliday, 1834"
development,8,Days,TRAIND011586,"","",Aphidius_ervi,"Aphidius ervi Haliday, 1834"
development,8,Days,TRAIND011587,"","",Aphidius_ervi,"Aphidius ervi Haliday, 1834"
development,8,Days,TRAIND011588,"","",Aphidius_ervi,"Aphidius ervi Haliday, 1834"
development,8,Days,TRAIND011589,"","",Aphidius_ervi,"Aphidius ervi Haliday, 1834"
development,8,Days,TRAIND011590,"","",Aphidius_ervi,"Aphidius ervi Haliday, 1834"
development,9,Days,TRAIND011591,"","",Aphidius_ervi,"Aphidius ervi Haliday, 1834"
development,9,Days,TRAIND011592,"","",Aphidius_ervi,"Aphidius ervi Haliday, 1834"
development,9,Days,TRAIND011593,"","",Aphidius_ervi,"Aphidius ervi Haliday, 1834"
development,9,Days,TRAIND011594,"","",Aphidius_ervi,"Aphidius ervi Haliday, 1834"
development,9,Days,TRAIND011595,"","",Aphidius_ervi,"Aphidius ervi Haliday, 1834"
development,9,Days,TRAIND011596,"","",Aphidius_ervi,"Aphidius ervi Haliday, 1834"
development,9,Days,TRAIND011597,"","",Aphidius_ervi,"Aphidius ervi Haliday, 1834"
development,9,Days,TRAIND011598,"","",Aphidius_ervi,"Aphidius ervi Haliday, 1834"
development,9,Days,TRAIND011599,"","",Aphidius_ervi,"Aphidius ervi Haliday, 1834"
development,9,Days,TRAIND011600,"","",Aphidius_ervi,"Aphidius ervi Haliday, 1834"
development,9,Days,TRAIND011601,"","",Aphidius_ervi,"Aphidius ervi Haliday, 1834"
development,9,Days,TRAIND011602,"","",Aphidius_ervi,"Aphidius ervi Haliday, 1834"
development,9,Days,TRAIND011603,"","",Aphidius_ervi,"Aphidius ervi Haliday, 1834"
development,9,Days,TRAIND011604,"","",Aphidius_ervi,"Aphidius ervi Haliday, 1834"
development,9,Days,TRAIND011605,"","",Aphidius_ervi,"Aphidius ervi Haliday, 1834"
development,10,Days,TRAIND011606,"","",Aphidius_ervi,"Aphidius ervi Haliday, 1834"
development,10,Days,TRAIND011607,"","",Aphidius_ervi,"Aphidius ervi Haliday, 1834"
development,10,Days,TRAIND011608,"","",Aphidius_ervi,"Aphidius ervi Haliday, 1834"
development,10,Days,TRAIND011609,"","",Aphidius_ervi,"Aphidius ervi Haliday, 1834"
development,10,Days,TRAIND011610,"","",Aphidius_ervi,"Aphidius ervi Haliday, 1834"
development,10,Days,TRAIND011611,"","",Aphidius_ervi,"Aphidius ervi Haliday, 1834"
development,10,Days,TRAIND011612,"","",Aphidius_ervi,"Aphidius ervi Haliday, 1834"
development,10,Days,TRAIND011613,"","",Aphidius_ervi,"Aphidius ervi Haliday, 1834"
development,10,Days,TRAIND011614,"","",Aphidius_ervi,"Aphidius ervi Haliday, 1834"
development,10,Days,TRAIND011615,"","",Aphidius_ervi,"Aphidius ervi Haliday, 1834"
development,11,Days,TRAIND011616,"","",Aphidius_ervi,"Aphidius ervi Haliday, 1834"
development,11,Days,TRAIND011617,"","",Aphidius_ervi,"Aphidius ervi Haliday, 1834"
development,11,Days,TRAIND011618,"","",Aphidius_ervi,"Aphidius ervi Haliday, 1834"
development,11,Days,TRAIND011619,"","",Aphidius_ervi,"Aphidius ervi Haliday, 1834"
development,11,Days,TRAIND011620,"","",Aphidius_ervi,"Aphidius ervi Haliday, 1834"
development,11,Days,TRAIND011621,"","",Aphidius_ervi,"Aphidius ervi Haliday, 1834"
development,11,Days,TRAIND011622,"","",Aphidius_ervi,"Aphidius ervi Haliday, 1834"
development,11,Days,TRAIND011623,"","",Aphidius_ervi,"Aphidius ervi Haliday, 1834"
development,11,Days,TRAIND011624,"","",Aphidius_ervi,"Aphidius ervi Haliday, 1834"
development,11,Days,TRAIND011625,"","",Aphidius_ervi,"Aphidius ervi Haliday, 1834"
development,11,Days,TRAIND011626,"","",Aphidius_ervi,"Aphidius ervi Haliday, 1834"
development,11,Days,TRAIND011627,"","",Aphidius_ervi,"Aphidius ervi Haliday, 1834"
development,11,Days,TRAIND011628,"","",Aphidius_ervi,"Aphidius ervi Haliday, 1834"
development,11,Days,TRAIND011629,"","",Aphidius_ervi,"Aphidius ervi Haliday, 1834"
development,12,Days,TRAIND011630,"","",Aphidius_ervi,"Aphidius ervi Haliday, 1834"
development,12,Days,TRAIND011631,"","",Aphidius_ervi,"Aphidius ervi Haliday, 1834"
development,12,Days,TRAIND011632,"","",Aphidius_ervi,"Aphidius ervi Haliday, 1834"
development,12,Days,TRAIND011633,"","",Aphidius_ervi,"Aphidius ervi Haliday, 1834"
development,12,Days,TRAIND011634,"","",Aphidius_ervi,"Aphidius ervi Haliday, 1834"
development,12,Days,TRAIND011635,"","",Aphidius_ervi,"Aphidius ervi Haliday, 1834"
development,12,Days,TRAIND011636,"","",Aphidius_ervi,"Aphidius ervi Haliday, 1834"
development,12,Days,TRAIND011637,"","",Aphidius_ervi,"Aphidius ervi Haliday, 1834"
development,12,Days,TRAIND011638,"","",Aphidius_ervi,"Aphidius ervi Haliday, 1834"
development,12,Days,TRAIND011639,"","",Aphidius_ervi,"Aphidius ervi Haliday, 1834"
development,12,Days,TRAIND011640,"","",Aphidius_ervi,"Aphidius ervi Haliday, 1834"
development,13,Days,TRAIND011641,"","",Aphidius_ervi,"Aphidius ervi Haliday, 1834"
development,13,Days,TRAIND011642,"","",Aphidius_ervi,"Aphidius ervi Haliday, 1834"
development,13,Days,TRAIND011643,"","",Aphidius_ervi,"Aphidius ervi Haliday, 1834"
development,13,Days,TRAIND011644,"","",Aphidius_ervi,"Aphidius ervi Haliday, 1834"
development,13,Days,TRAIND011645,"","",Aphidius_ervi,"Aphidius ervi Haliday, 1834"
development,13,Days,TRAIND011646,"","",Aphidius_ervi,"Aphidius ervi Haliday, 1834"
development,13,Days,TRAIND011647,"","",Aphidius_ervi,"Aphidius ervi Haliday, 1834"
development,13,Days,TRAIND011648,"","",Aphidius_ervi,"Aphidius ervi Haliday, 1834"
development,13,Days,TRAIND011649,"","",Aphidius_ervi,"Aphidius ervi Haliday, 1834"
development,13,Days,TRAIND011650,"","",Aphidius_ervi,"Aphidius ervi Haliday, 1834"
development,13,Days,TRAIND011651,"","",Aphidius_ervi,"Aphidius ervi Haliday, 1834"
development,13,Days,TRAIND011652,"","",Aphidius_ervi,"Aphidius ervi Haliday, 1834"
development,13,Days,TRAIND011653,"","",Aphidius_ervi,"Aphidius ervi Haliday, 1834"
development,13,Days,TRAIND011654,"","",Aphidius_ervi,"Aphidius ervi Haliday, 1834"
development,13,Days,TRAIND011655,"","",Aphidius_ervi,"Aphidius ervi Haliday, 1834"
development,13,Days,TRAIND011656,"","",Aphidius_ervi,"Aphidius ervi Haliday, 1834"
development,13,Days,TRAIND011657,"","",Aphidius_ervi,"Aphidius ervi Haliday, 1834"
development,13,Days,TRAIND011658,"","",Aphidius_ervi,"Aphidius ervi Haliday, 1834"
development,14,Days,TRAIND011659,"","",Aphidius_ervi,"Aphidius ervi Haliday, 1834"
development,14,Days,TRAIND011660,"","",Aphidius_ervi,"Aphidius ervi Haliday, 1834"
development,14,Days,TRAIND011661,"","",Aphidius_ervi,"Aphidius ervi Haliday, 1834"
development,15,Days,TRAIND011662,"","",Aphidius_ervi,"Aphidius ervi Haliday, 1834"
development,15,Days,TRAIND011663,"","",Aphidius_ervi,"Aphidius ervi Haliday, 1834"
development,15,Days,TRAIND011664,"","",Aphidius_ervi,"Aphidius ervi Haliday, 1834"
development,15,Days,TRAIND011665,"","",Aphidius_ervi,"Aphidius ervi Haliday, 1834"
development,15,Days,TRAIND011666,"","",Aphidius_ervi,"Aphidius ervi Haliday, 1834"
development,15,Days,TRAIND011667,"","",Aphidius_ervi,"Aphidius ervi Haliday, 1834"
development,15,Days,TRAIND011668,"","",Aphidius_ervi,"Aphidius ervi Haliday, 1834"
development,15,Days,TRAIND011669,"","",Aphidius_ervi,"Aphidius ervi Haliday, 1834"
development,15,Days,TRAIND011670,"","",Aphidius_ervi,"Aphidius ervi Haliday, 1834"
development,16,Days,TRAIND011671,"","",Aphidius_ervi,"Aphidius ervi Haliday, 1834"
development,16,Days,TRAIND011672,"","",Aphidius_ervi,"Aphidius ervi Haliday, 1834"
development,16,Days,TRAIND011673,"","",Aphidius_ervi,"Aphidius ervi Haliday, 1834"
development,16,Days,TRAIND011674,"","",Aphidius_ervi,"Aphidius ervi Haliday, 1834"
development,16,Days,TRAIND011675,"","",Aphidius_ervi,"Aphidius ervi Haliday, 1834"
development,16,Days,TRAIND011676,"","",Aphidius_ervi,"Aphidius ervi Haliday, 1834"
development,16,Days,TRAIND011677,"","",Aphidius_ervi,"Aphidius ervi Haliday, 1834"
development,16,Days,TRAIND011678,"","",Aphidius_ervi,"Aphidius ervi Haliday, 1834"
development,16,Days,TRAIND011679,"","",Aphidius_ervi,"Aphidius ervi Haliday, 1834"
development,16,Days,TRAIND011680,"","",Aphidius_ervi,"Aphidius ervi Haliday, 1834"
development,16,Days,TRAIND011681,"","",Aphidius_ervi,"Aphidius ervi Haliday, 1834"
development,16,Days,TRAIND011682,"","",Aphidius_ervi,"Aphidius ervi Haliday, 1834"
development,16,Days,TRAIND011683,"","",Aphidius_ervi,"Aphidius ervi Haliday, 1834"
development,17,Days,TRAIND011684,"","",Aphidius_ervi,"Aphidius ervi Haliday, 1834"
development,17,Days,TRAIND011685,"","",Aphidius_ervi,"Aphidius ervi Haliday, 1834"
development,17,Days,TRAIND011686,"","",Aphidius_ervi,"Aphidius ervi Haliday, 1834"
development,17,Days,TRAIND011687,"","",Aphidius_ervi,"Aphidius ervi Haliday, 1834"
development,17,Days,TRAIND011688,"","",Aphidius_ervi,"Aphidius ervi Haliday, 1834"
development,17,Days,TRAIND011689,"","",Aphidius_ervi,"Aphidius ervi Haliday, 1834"
development,17,Days,TRAIND011690,"","",Aphidius_ervi,"Aphidius ervi Haliday, 1834"
development,17,Days,TRAIND011691,"","",Aphidius_ervi,"Aphidius ervi Haliday, 1834"
development,17,Days,TRAIND011692,"","",Aphidius_ervi,"Aphidius ervi Haliday, 1834"
development,17,Days,TRAIND011693,"","",Aphidius_ervi,"Aphidius ervi Haliday, 1834"
development,17,Days,TRAIND011694,"","",Aphidius_ervi,"Aphidius ervi Haliday, 1834"
development,17,Days,TRAIND011695,"","",Aphidius_ervi,"Aphidius ervi Haliday, 1834"
development,17,Days,TRAIND011696,"","",Aphidius_ervi,"Aphidius ervi Haliday, 1834"
development,19,Days,TRAIND011697,"","",Aphidius_ervi,"Aphidius ervi Haliday, 1834"
development,19,Days,TRAIND011698,"","",Aphidius_ervi,"Aphidius ervi Haliday, 1834"
development,19,Days,TRAIND011699,"","",Aphidius_ervi,"Aphidius ervi Haliday, 1834"
development,19,Days,TRAIND011700,"","",Aphidius_ervi,"Aphidius ervi Haliday, 1834"
development,20,Days,TRAIND011701,"","",Aphidius_ervi,"Aphidius ervi Haliday, 1834"
development,20,Days,TRAIND011702,"","",Aphidius_ervi,"Aphidius ervi Haliday, 1834"
development,20,Days,TRAIND011703,"","",Aphidius_ervi,"Aphidius ervi Haliday, 1834"
development,20,Days,TRAIND011704,"","",Aphidius_ervi,"Aphidius ervi Haliday, 1834"
development,21,Days,TRAIND011705,"","",Aphidius_ervi,"Aphidius ervi Haliday, 1834"
development,21,Days,TRAIND011706,"","",Aphidius_ervi,"Aphidius ervi Haliday, 1834"
development,21,Days,TRAIND011707,"","",Aphidius_ervi,"Aphidius ervi Haliday, 1834"
development,21,Days,TRAIND011708,"","",Aphidius_ervi,"Aphidius ervi Haliday, 1834"
development,21,Days,TRAIND011709,"","",Aphidius_ervi,"Aphidius ervi Haliday, 1834"
development,21,Days,TRAIND011710,"","",Aphidius_ervi,"Aphidius ervi Haliday, 1834"
development,21,Days,TRAIND011711,"","",Aphidius_ervi,"Aphidius ervi Haliday, 1834"
development,21,Days,TRAIND011712,"","",Aphidius_ervi,"Aphidius ervi Haliday, 1834"
development,21,Days,TRAIND011713,"","",Aphidius_ervi,"Aphidius ervi Haliday, 1834"
development,22,Days,TRAIND011714,"","",Aphidius_ervi,"Aphidius ervi Haliday, 1834"
development,22,Days,TRAIND011715,"","",Aphidius_ervi,"Aphidius ervi Haliday, 1834"
development,22,Days,TRAIND011716,"","",Aphidius_ervi,"Aphidius ervi Haliday, 1834"
development,22,Days,TRAIND011717,"","",Aphidius_ervi,"Aphidius ervi Haliday, 1834"
development,26,Days,TRAIND011718,"","",Aphidius_ervi,"Aphidius ervi Haliday, 1834"
development,28,Days,TRAIND011719,"","",Aphidius_ervi,"Aphidius ervi Haliday, 1834"
development,29,Days,TRAIND011720,"","",Aphidius_ervi,"Aphidius ervi Haliday, 1834"
development,1,Days,TRAIND011721,"","",Aphidius_ervi,"Aphidius ervi Haliday, 1834"
development,1,Days,TRAIND011722,"","",Aphidius_ervi,"Aphidius ervi Haliday, 1834"
development,1,Days,TRAIND011723,"","",Aphidius_ervi,"Aphidius ervi Haliday, 1834"
development,1,Days,TRAIND011724,"","",Aphidius_ervi,"Aphidius ervi Haliday, 1834"
development,1,Days,TRAIND011725,"","",Aphidius_ervi,"Aphidius ervi Haliday, 1834"
development,1,Days,TRAIND011726,"","",Aphidius_ervi,"Aphidius ervi Haliday, 1834"
development,1,Days,TRAIND011727,"","",Aphidius_ervi,"Aphidius ervi Haliday, 1834"
development,1,Days,TRAIND011728,"","",Aphidius_ervi,"Aphidius ervi Haliday, 1834"
development,1,Days,TRAIND011729,"","",Aphidius_ervi,"Aphidius ervi Haliday, 1834"
development,1,Days,TRAIND011730,"","",Aphidius_ervi,"Aphidius ervi Haliday, 1834"
development,2,Days,TRAIND011731,"","",Aphidius_ervi,"Aphidius ervi Haliday, 1834"
development,2,Days,TRAIND011732,"","",Aphidius_ervi,"Aphidius ervi Haliday, 1834"
development,2,Days,TRAIND011733,"","",Aphidius_ervi,"Aphidius ervi Haliday, 1834"
development,2,Days,TRAIND011734,"","",Aphidius_ervi,"Aphidius ervi Haliday, 1834"
development,2,Days,TRAIND011735,"","",Aphidius_ervi,"Aphidius ervi Haliday, 1834"
development,2,Days,TRAIND011736,"","",Aphidius_ervi,"Aphidius ervi Haliday, 1834"
development,2,Days,TRAIND011737,"","",Aphidius_ervi,"Aphidius ervi Haliday, 1834"
development,2,Days,TRAIND011738,"","",Aphidius_ervi,"Aphidius ervi Haliday, 1834"
development,2,Days,TRAIND011739,"","",Aphidius_ervi,"Aphidius ervi Haliday, 1834"
development,2,Days,TRAIND011740,"","",Aphidius_ervi,"Aphidius ervi Haliday, 1834"
development,2,Days,TRAIND011741,"","",Aphidius_ervi,"Aphidius ervi Haliday, 1834"
development,2,Days,TRAIND011742,"","",Aphidius_ervi,"Aphidius ervi Haliday, 1834"
development,2,Days,TRAIND011743,"","",Aphidius_ervi,"Aphidius ervi Haliday, 1834"
development,2,Days,TRAIND011744,"","",Aphidius_ervi,"Aphidius ervi Haliday, 1834"
development,2,Days,TRAIND011745,"","",Aphidius_ervi,"Aphidius ervi Haliday, 1834"
development,2,Days,TRAIND011746,"","",Aphidius_ervi,"Aphidius ervi Haliday, 1834"
development,2,Days,TRAIND011747,"","",Aphidius_ervi,"Aphidius ervi Haliday, 1834"
development,2,Days,TRAIND011748,"","",Aphidius_ervi,"Aphidius ervi Haliday, 1834"
development,3,Days,TRAIND011749,"","",Aphidius_ervi,"Aphidius ervi Haliday, 1834"
development,3,Days,TRAIND011750,"","",Aphidius_ervi,"Aphidius ervi Haliday, 1834"
development,3,Days,TRAIND011751,"","",Aphidius_ervi,"Aphidius ervi Haliday, 1834"
development,3,Days,TRAIND011752,"","",Aphidius_ervi,"Aphidius ervi Haliday, 1834"
development,3,Days,TRAIND011753,"","",Aphidius_ervi,"Aphidius ervi Haliday, 1834"
development,3,Days,TRAIND011754,"","",Aphidius_ervi,"Aphidius ervi Haliday, 1834"
development,3,Days,TRAIND011755,"","",Aphidius_ervi,"Aphidius ervi Haliday, 1834"
development,3,Days,TRAIND011756,"","",Aphidius_ervi,"Aphidius ervi Haliday, 1834"
development,3,Days,TRAIND011757,"","",Aphidius_ervi,"Aphidius ervi Haliday, 1834"
development,3,Days,TRAIND011758,"","",Aphidius_ervi,"Aphidius ervi Haliday, 1834"
development,3,Days,TRAIND011759,"","",Aphidius_ervi,"Aphidius ervi Haliday, 1834"
development,3,Days,TRAIND011760,"","",Aphidius_ervi,"Aphidius ervi Haliday, 1834"
development,3,Days,TRAIND011761,"","",Aphidius_ervi,"Aphidius ervi Haliday, 1834"
development,3,Days,TRAIND011762,"","",Aphidius_ervi,"Aphidius ervi Haliday, 1834"
development,3,Days,TRAIND011763,"","",Aphidius_ervi,"Aphidius ervi Haliday, 1834"
development,3,Days,TRAIND011764,"","",Aphidius_ervi,"Aphidius ervi Haliday, 1834"
development,3,Days,TRAIND011765,"","",Aphidius_ervi,"Aphidius ervi Haliday, 1834"
development,3,Days,TRAIND011766,"","",Aphidius_ervi,"Aphidius ervi Haliday, 1834"
development,3,Days,TRAIND011767,"","",Aphidius_ervi,"Aphidius ervi Haliday, 1834"
development,3,Days,TRAIND011768,"","",Aphidius_ervi,"Aphidius ervi Haliday, 1834"
development,3,Days,TRAIND011769,"","",Aphidius_ervi,"Aphidius ervi Haliday, 1834"
development,3,Days,TRAIND011770,"","",Aphidius_ervi,"Aphidius ervi Haliday, 1834"
development,3,Days,TRAIND011771,"","",Aphidius_ervi,"Aphidius ervi Haliday, 1834"
development,3,Days,TRAIND011772,"","",Aphidius_ervi,"Aphidius ervi Haliday, 1834"
development,3,Days,TRAIND011773,"","",Aphidius_ervi,"Aphidius ervi Haliday, 1834"
development,3,Days,TRAIND011774,"","",Aphidius_ervi,"Aphidius ervi Haliday, 1834"
development,3,Days,TRAIND011775,"","",Aphidius_ervi,"Aphidius ervi Haliday, 1834"
development,4,Days,TRAIND011776,"","",Aphidius_ervi,"Aphidius ervi Haliday, 1834"
development,4,Days,TRAIND011777,"","",Aphidius_ervi,"Aphidius ervi Haliday, 1834"
development,4,Days,TRAIND011778,"","",Aphidius_ervi,"Aphidius ervi Haliday, 1834"
development,4,Days,TRAIND011779,"","",Aphidius_ervi,"Aphidius ervi Haliday, 1834"
development,4,Days,TRAIND011780,"","",Aphidius_ervi,"Aphidius ervi Haliday, 1834"
development,4,Days,TRAIND011781,"","",Aphidius_ervi,"Aphidius ervi Haliday, 1834"
development,4,Days,TRAIND011782,"","",Aphidius_ervi,"Aphidius ervi Haliday, 1834"
development,4,Days,TRAIND011783,"","",Aphidius_ervi,"Aphidius ervi Haliday, 1834"
development,4,Days,TRAIND011784,"","",Aphidius_ervi,"Aphidius ervi Haliday, 1834"
development,4,Days,TRAIND011785,"","",Aphidius_ervi,"Aphidius ervi Haliday, 1834"
development,4,Days,TRAIND011786,"","",Aphidius_ervi,"Aphidius ervi Haliday, 1834"
development,4,Days,TRAIND011787,"","",Aphidius_ervi,"Aphidius ervi Haliday, 1834"
development,4,Days,TRAIND011788,"","",Aphidius_ervi,"Aphidius ervi Haliday, 1834"
development,4,Days,TRAIND011789,"","",Aphidius_ervi,"Aphidius ervi Haliday, 1834"
development,4,Days,TRAIND011790,"","",Aphidius_ervi,"Aphidius ervi Haliday, 1834"
development,4,Days,TRAIND011791,"","",Aphidius_ervi,"Aphidius ervi Haliday, 1834"
development,4,Days,TRAIND011792,"","",Aphidius_ervi,"Aphidius ervi Haliday, 1834"
development,4,Days,TRAIND011793,"","",Aphidius_ervi,"Aphidius ervi Haliday, 1834"
development,4,Days,TRAIND011794,"","",Aphidius_ervi,"Aphidius ervi Haliday, 1834"
development,4,Days,TRAIND011795,"","",Aphidius_ervi,"Aphidius ervi Haliday, 1834"
development,4,Days,TRAIND011796,"","",Aphidius_ervi,"Aphidius ervi Haliday, 1834"
development,4,Days,TRAIND011797,"","",Aphidius_ervi,"Aphidius ervi Haliday, 1834"
development,4,Days,TRAIND011798,"","",Aphidius_ervi,"Aphidius ervi Haliday, 1834"
development,4,Days,TRAIND011799,"","",Aphidius_ervi,"Aphidius ervi Haliday, 1834"
development,4,Days,TRAIND011800,"","",Aphidius_ervi,"Aphidius ervi Haliday, 1834"
development,4,Days,TRAIND011801,"","",Aphidius_ervi,"Aphidius ervi Haliday, 1834"
development,4,Days,TRAIND011802,"","",Aphidius_ervi,"Aphidius ervi Haliday, 1834"
development,4,Days,TRAIND011803,"","",Aphidius_ervi,"Aphidius ervi Haliday, 1834"
development,4,Days,TRAIND011804,"","",Aphidius_ervi,"Aphidius ervi Haliday, 1834"
development,4,Days,TRAIND011805,"","",Aphidius_ervi,"Aphidius ervi Haliday, 1834"
development,4,Days,TRAIND011806,"","",Aphidius_ervi,"Aphidius ervi Haliday, 1834"
development,4,Days,TRAIND011807,"","",Aphidius_ervi,"Aphidius ervi Haliday, 1834"
development,4,Days,TRAIND011808,"","",Aphidius_ervi,"Aphidius ervi Haliday, 1834"
development,4,Days,TRAIND011809,"","",Aphidius_ervi,"Aphidius ervi Haliday, 1834"
development,4,Days,TRAIND011810,"","",Aphidius_ervi,"Aphidius ervi Haliday, 1834"
development,4,Days,TRAIND011811,"","",Aphidius_ervi,"Aphidius ervi Haliday, 1834"
development,4,Days,TRAIND011812,"","",Aphidius_ervi,"Aphidius ervi Haliday, 1834"
development,4,Days,TRAIND011813,"","",Aphidius_ervi,"Aphidius ervi Haliday, 1834"
development,4,Days,TRAIND011814,"","",Aphidius_ervi,"Aphidius ervi Haliday, 1834"
development,4,Days,TRAIND011815,"","",Aphidius_ervi,"Aphidius ervi Haliday, 1834"
development,4,Days,TRAIND011816,"","",Aphidius_ervi,"Aphidius ervi Haliday, 1834"
development,4,Days,TRAIND011817,"","",Aphidius_ervi,"Aphidius ervi Haliday, 1834"
development,4,Days,TRAIND011818,"","",Aphidius_ervi,"Aphidius ervi Haliday, 1834"
development,4,Days,TRAIND011819,"","",Aphidius_ervi,"Aphidius ervi Haliday, 1834"
development,4,Days,TRAIND011820,"","",Aphidius_ervi,"Aphidius ervi Haliday, 1834"
development,4,Days,TRAIND011821,"","",Aphidius_ervi,"Aphidius ervi Haliday, 1834"
development,4,Days,TRAIND011822,"","",Aphidius_ervi,"Aphidius ervi Haliday, 1834"
development,4,Days,TRAIND011823,"","",Aphidius_ervi,"Aphidius ervi Haliday, 1834"
development,4,Days,TRAIND011824,"","",Aphidius_ervi,"Aphidius ervi Haliday, 1834"
development,5,Days,TRAIND011825,"","",Aphidius_ervi,"Aphidius ervi Haliday, 1834"
development,5,Days,TRAIND011826,"","",Aphidius_ervi,"Aphidius ervi Haliday, 1834"
development,5,Days,TRAIND011827,"","",Aphidius_ervi,"Aphidius ervi Haliday, 1834"
development,5,Days,TRAIND011828,"","",Aphidius_ervi,"Aphidius ervi Haliday, 1834"
development,5,Days,TRAIND011829,"","",Aphidius_ervi,"Aphidius ervi Haliday, 1834"
development,5,Days,TRAIND011830,"","",Aphidius_ervi,"Aphidius ervi Haliday, 1834"
development,5,Days,TRAIND011831,"","",Aphidius_ervi,"Aphidius ervi Haliday, 1834"
development,5,Days,TRAIND011832,"","",Aphidius_ervi,"Aphidius ervi Haliday, 1834"
development,5,Days,TRAIND011833,"","",Aphidius_ervi,"Aphidius ervi Haliday, 1834"
development,5,Days,TRAIND011834,"","",Aphidius_ervi,"Aphidius ervi Haliday, 1834"
development,5,Days,TRAIND011835,"","",Aphidius_ervi,"Aphidius ervi Haliday, 1834"
development,5,Days,TRAIND011836,"","",Aphidius_ervi,"Aphidius ervi Haliday, 1834"
development,5,Days,TRAIND011837,"","",Aphidius_ervi,"Aphidius ervi Haliday, 1834"
development,5,Days,TRAIND011838,"","",Aphidius_ervi,"Aphidius ervi Haliday, 1834"
development,5,Days,TRAIND011839,"","",Aphidius_ervi,"Aphidius ervi Haliday, 1834"
development,5,Days,TRAIND011840,"","",Aphidius_ervi,"Aphidius ervi Haliday, 1834"
development,5,Days,TRAIND011841,"","",Aphidius_ervi,"Aphidius ervi Haliday, 1834"
development,5,Days,TRAIND011842,"","",Aphidius_ervi,"Aphidius ervi Haliday, 1834"
development,5,Days,TRAIND011843,"","",Aphidius_ervi,"Aphidius ervi Haliday, 1834"
development,5,Days,TRAIND011844,"","",Aphidius_ervi,"Aphidius ervi Haliday, 1834"
development,5,Days,TRAIND011845,"","",Aphidius_ervi,"Aphidius ervi Haliday, 1834"
development,5,Days,TRAIND011846,"","",Aphidius_ervi,"Aphidius ervi Haliday, 1834"
development,5,Days,TRAIND011847,"","",Aphidius_ervi,"Aphidius ervi Haliday, 1834"
development,5,Days,TRAIND011848,"","",Aphidius_ervi,"Aphidius ervi Haliday, 1834"
development,5,Days,TRAIND011849,"","",Aphidius_ervi,"Aphidius ervi Haliday, 1834"
development,5,Days,TRAIND011850,"","",Aphidius_ervi,"Aphidius ervi Haliday, 1834"
development,5,Days,TRAIND011851,"","",Aphidius_ervi,"Aphidius ervi Haliday, 1834"
development,5,Days,TRAIND011852,"","",Aphidius_ervi,"Aphidius ervi Haliday, 1834"
development,5,Days,TRAIND011853,"","",Aphidius_ervi,"Aphidius ervi Haliday, 1834"
development,5,Days,TRAIND011854,"","",Aphidius_ervi,"Aphidius ervi Haliday, 1834"
development,5,Days,TRAIND011855,"","",Aphidius_ervi,"Aphidius ervi Haliday, 1834"
development,6,Days,TRAIND011856,"","",Aphidius_ervi,"Aphidius ervi Haliday, 1834"
development,6,Days,TRAIND011857,"","",Aphidius_ervi,"Aphidius ervi Haliday, 1834"
development,6,Days,TRAIND011858,"","",Aphidius_ervi,"Aphidius ervi Haliday, 1834"
development,6,Days,TRAIND011859,"","",Aphidius_ervi,"Aphidius ervi Haliday, 1834"
development,6,Days,TRAIND011860,"","",Aphidius_ervi,"Aphidius ervi Haliday, 1834"
development,6,Days,TRAIND011861,"","",Aphidius_ervi,"Aphidius ervi Haliday, 1834"
development,6,Days,TRAIND011862,"","",Aphidius_ervi,"Aphidius ervi Haliday, 1834"
development,6,Days,TRAIND011863,"","",Aphidius_ervi,"Aphidius ervi Haliday, 1834"
development,6,Days,TRAIND011864,"","",Aphidius_ervi,"Aphidius ervi Haliday, 1834"
development,6,Days,TRAIND011865,"","",Aphidius_ervi,"Aphidius ervi Haliday, 1834"
development,6,Days,TRAIND011866,"","",Aphidius_ervi,"Aphidius ervi Haliday, 1834"
development,6,Days,TRAIND011867,"","",Aphidius_ervi,"Aphidius ervi Haliday, 1834"
development,6,Days,TRAIND011868,"","",Aphidius_ervi,"Aphidius ervi Haliday, 1834"
development,6,Days,TRAIND011869,"","",Aphidius_ervi,"Aphidius ervi Haliday, 1834"
development,6,Days,TRAIND011870,"","",Aphidius_ervi,"Aphidius ervi Haliday, 1834"
development,6,Days,TRAIND011871,"","",Aphidius_ervi,"Aphidius ervi Haliday, 1834"
development,6,Days,TRAIND011872,"","",Aphidius_ervi,"Aphidius ervi Haliday, 1834"
development,6,Days,TRAIND011873,"","",Aphidius_ervi,"Aphidius ervi Haliday, 1834"
development,6,Days,TRAIND011874,"","",Aphidius_ervi,"Aphidius ervi Haliday, 1834"
development,6,Days,TRAIND011875,"","",Aphidius_ervi,"Aphidius ervi Haliday, 1834"
development,6,Days,TRAIND011876,"","",Aphidius_ervi,"Aphidius ervi Haliday, 1834"
development,6,Days,TRAIND011877,"","",Aphidius_ervi,"Aphidius ervi Haliday, 1834"
development,6,Days,TRAIND011878,"","",Aphidius_ervi,"Aphidius ervi Haliday, 1834"
development,6,Days,TRAIND011879,"","",Aphidius_ervi,"Aphidius ervi Haliday, 1834"
development,6,Days,TRAIND011880,"","",Aphidius_ervi,"Aphidius ervi Haliday, 1834"
development,6,Days,TRAIND011881,"","",Aphidius_ervi,"Aphidius ervi Haliday, 1834"
development,6,Days,TRAIND011882,"","",Aphidius_ervi,"Aphidius ervi Haliday, 1834"
development,6,Days,TRAIND011883,"","",Aphidius_ervi,"Aphidius ervi Haliday, 1834"
development,6,Days,TRAIND011884,"","",Aphidius_ervi,"Aphidius ervi Haliday, 1834"
development,6,Days,TRAIND011885,"","",Aphidius_ervi,"Aphidius ervi Haliday, 1834"
development,6,Days,TRAIND011886,"","",Aphidius_ervi,"Aphidius ervi Haliday, 1834"
development,6,Days,TRAIND011887,"","",Aphidius_ervi,"Aphidius ervi Haliday, 1834"
development,6,Days,TRAIND011888,"","",Aphidius_ervi,"Aphidius ervi Haliday, 1834"
development,6,Days,TRAIND011889,"","",Aphidius_ervi,"Aphidius ervi Haliday, 1834"
development,6,Days,TRAIND011890,"","",Aphidius_ervi,"Aphidius ervi Haliday, 1834"
development,6,Days,TRAIND011891,"","",Aphidius_ervi,"Aphidius ervi Haliday, 1834"
development,6,Days,TRAIND011892,"","",Aphidius_ervi,"Aphidius ervi Haliday, 1834"
development,6,Days,TRAIND011893,"","",Aphidius_ervi,"Aphidius ervi Haliday, 1834"
development,6,Days,TRAIND011894,"","",Aphidius_ervi,"Aphidius ervi Haliday, 1834"
development,6,Days,TRAIND011895,"","",Aphidius_ervi,"Aphidius ervi Haliday, 1834"
development,6,Days,TRAIND011896,"","",Aphidius_ervi,"Aphidius ervi Haliday, 1834"
development,6,Days,TRAIND011897,"","",Aphidius_ervi,"Aphidius ervi Haliday, 1834"
development,6,Days,TRAIND011898,"","",Aphidius_ervi,"Aphidius ervi Haliday, 1834"
development,6,Days,TRAIND011899,"","",Aphidius_ervi,"Aphidius ervi Haliday, 1834"
development,6,Days,TRAIND011900,"","",Aphidius_ervi,"Aphidius ervi Haliday, 1834"
development,6,Days,TRAIND011901,"","",Aphidius_ervi,"Aphidius ervi Haliday, 1834"
development,7,Days,TRAIND011902,"","",Aphidius_ervi,"Aphidius ervi Haliday, 1834"
development,7,Days,TRAIND011903,"","",Aphidius_ervi,"Aphidius ervi Haliday, 1834"
development,7,Days,TRAIND011904,"","",Aphidius_ervi,"Aphidius ervi Haliday, 1834"
development,7,Days,TRAIND011905,"","",Aphidius_ervi,"Aphidius ervi Haliday, 1834"
development,7,Days,TRAIND011906,"","",Aphidius_ervi,"Aphidius ervi Haliday, 1834"
development,7,Days,TRAIND011907,"","",Aphidius_ervi,"Aphidius ervi Haliday, 1834"
development,7,Days,TRAIND011908,"","",Aphidius_ervi,"Aphidius ervi Haliday, 1834"
development,7,Days,TRAIND011909,"","",Aphidius_ervi,"Aphidius ervi Haliday, 1834"
development,7,Days,TRAIND011910,"","",Aphidius_ervi,"Aphidius ervi Haliday, 1834"
development,7,Days,TRAIND011911,"","",Aphidius_ervi,"Aphidius ervi Haliday, 1834"
development,7,Days,TRAIND011912,"","",Aphidius_ervi,"Aphidius ervi Haliday, 1834"
development,7,Days,TRAIND011913,"","",Aphidius_ervi,"Aphidius ervi Haliday, 1834"
development,7,Days,TRAIND011914,"","",Aphidius_ervi,"Aphidius ervi Haliday, 1834"
development,7,Days,TRAIND011915,"","",Aphidius_ervi,"Aphidius ervi Haliday, 1834"
development,7,Days,TRAIND011916,"","",Aphidius_ervi,"Aphidius ervi Haliday, 1834"
development,7,Days,TRAIND011917,"","",Aphidius_ervi,"Aphidius ervi Haliday, 1834"
development,7,Days,TRAIND011918,"","",Aphidius_ervi,"Aphidius ervi Haliday, 1834"
development,7,Days,TRAIND011919,"","",Aphidius_ervi,"Aphidius ervi Haliday, 1834"
development,7,Days,TRAIND011920,"","",Aphidius_ervi,"Aphidius ervi Haliday, 1834"
development,7,Days,TRAIND011921,"","",Aphidius_ervi,"Aphidius ervi Haliday, 1834"
development,7,Days,TRAIND011922,"","",Aphidius_ervi,"Aphidius ervi Haliday, 1834"
development,7,Days,TRAIND011923,"","",Aphidius_ervi,"Aphidius ervi Haliday, 1834"
development,7,Days,TRAIND011924,"","",Aphidius_ervi,"Aphidius ervi Haliday, 1834"
development,7,Days,TRAIND011925,"","",Aphidius_ervi,"Aphidius ervi Haliday, 1834"
development,7,Days,TRAIND011926,"","",Aphidius_ervi,"Aphidius ervi Haliday, 1834"
development,7,Days,TRAIND011927,"","",Aphidius_ervi,"Aphidius ervi Haliday, 1834"
development,7,Days,TRAIND011928,"","",Aphidius_ervi,"Aphidius ervi Haliday, 1834"
development,8,Days,TRAIND011929,"","",Aphidius_ervi,"Aphidius ervi Haliday, 1834"
development,8,Days,TRAIND011930,"","",Aphidius_ervi,"Aphidius ervi Haliday, 1834"
development,8,Days,TRAIND011931,"","",Aphidius_ervi,"Aphidius ervi Haliday, 1834"
development,8,Days,TRAIND011932,"","",Aphidius_ervi,"Aphidius ervi Haliday, 1834"
development,8,Days,TRAIND011933,"","",Aphidius_ervi,"Aphidius ervi Haliday, 1834"
development,8,Days,TRAIND011934,"","",Aphidius_ervi,"Aphidius ervi Haliday, 1834"
development,8,Days,TRAIND011935,"","",Aphidius_ervi,"Aphidius ervi Haliday, 1834"
development,8,Days,TRAIND011936,"","",Aphidius_ervi,"Aphidius ervi Haliday, 1834"
development,8,Days,TRAIND011937,"","",Aphidius_ervi,"Aphidius ervi Haliday, 1834"
development,8,Days,TRAIND011938,"","",Aphidius_ervi,"Aphidius ervi Haliday, 1834"
development,8,Days,TRAIND011939,"","",Aphidius_ervi,"Aphidius ervi Haliday, 1834"
development,8,Days,TRAIND011940,"","",Aphidius_ervi,"Aphidius ervi Haliday, 1834"
development,8,Days,TRAIND011941,"","",Aphidius_ervi,"Aphidius ervi Haliday, 1834"
development,8,Days,TRAIND011942,"","",Aphidius_ervi,"Aphidius ervi Haliday, 1834"
development,8,Days,TRAIND011943,"","",Aphidius_ervi,"Aphidius ervi Haliday, 1834"
development,8,Days,TRAIND011944,"","",Aphidius_ervi,"Aphidius ervi Haliday, 1834"
development,8,Days,TRAIND011945,"","",Aphidius_ervi,"Aphidius ervi Haliday, 1834"
development,8,Days,TRAIND011946,"","",Aphidius_ervi,"Aphidius ervi Haliday, 1834"
development,8,Days,TRAIND011947,"","",Aphidius_ervi,"Aphidius ervi Haliday, 1834"
development,8,Days,TRAIND011948,"","",Aphidius_ervi,"Aphidius ervi Haliday, 1834"
development,8,Days,TRAIND011949,"","",Aphidius_ervi,"Aphidius ervi Haliday, 1834"
development,8,Days,TRAIND011950,"","",Aphidius_ervi,"Aphidius ervi Haliday, 1834"
development,9,Days,TRAIND011951,"","",Aphidius_ervi,"Aphidius ervi Haliday, 1834"
development,9,Days,TRAIND011952,"","",Aphidius_ervi,"Aphidius ervi Haliday, 1834"
development,9,Days,TRAIND011953,"","",Aphidius_ervi,"Aphidius ervi Haliday, 1834"
development,9,Days,TRAIND011954,"","",Aphidius_ervi,"Aphidius ervi Haliday, 1834"
development,9,Days,TRAIND011955,"","",Aphidius_ervi,"Aphidius ervi Haliday, 1834"
development,9,Days,TRAIND011956,"","",Aphidius_ervi,"Aphidius ervi Haliday, 1834"
development,9,Days,TRAIND011957,"","",Aphidius_ervi,"Aphidius ervi Haliday, 1834"
development,9,Days,TRAIND011958,"","",Aphidius_ervi,"Aphidius ervi Haliday, 1834"
development,9,Days,TRAIND011959,"","",Aphidius_ervi,"Aphidius ervi Haliday, 1834"
development,9,Days,TRAIND011960,"","",Aphidius_ervi,"Aphidius ervi Haliday, 1834"
development,9,Days,TRAIND011961,"","",Aphidius_ervi,"Aphidius ervi Haliday, 1834"
development,9,Days,TRAIND011962,"","",Aphidius_ervi,"Aphidius ervi Haliday, 1834"
development,9,Days,TRAIND011963,"","",Aphidius_ervi,"Aphidius ervi Haliday, 1834"
development,9,Days,TRAIND011964,"","",Aphidius_ervi,"Aphidius ervi Haliday, 1834"
development,10,Days,TRAIND011965,"","",Aphidius_ervi,"Aphidius ervi Haliday, 1834"
development,10,Days,TRAIND011966,"","",Aphidius_ervi,"Aphidius ervi Haliday, 1834"
development,10,Days,TRAIND011967,"","",Aphidius_ervi,"Aphidius ervi Haliday, 1834"
development,10,Days,TRAIND011968,"","",Aphidius_ervi,"Aphidius ervi Haliday, 1834"
development,10,Days,TRAIND011969,"","",Aphidius_ervi,"Aphidius ervi Haliday, 1834"
development,10,Days,TRAIND011970,"","",Aphidius_ervi,"Aphidius ervi Haliday, 1834"
development,10,Days,TRAIND011971,"","",Aphidius_ervi,"Aphidius ervi Haliday, 1834"
development,10,Days,TRAIND011972,"","",Aphidius_ervi,"Aphidius ervi Haliday, 1834"
development,10,Days,TRAIND011973,"","",Aphidius_ervi,"Aphidius ervi Haliday, 1834"
development,10,Days,TRAIND011974,"","",Aphidius_ervi,"Aphidius ervi Haliday, 1834"
development,10,Days,TRAIND011975,"","",Aphidius_ervi,"Aphidius ervi Haliday, 1834"
development,10,Days,TRAIND011976,"","",Aphidius_ervi,"Aphidius ervi Haliday, 1834"
development,10,Days,TRAIND011977,"","",Aphidius_ervi,"Aphidius ervi Haliday, 1834"
development,10,Days,TRAIND011978,"","",Aphidius_ervi,"Aphidius ervi Haliday, 1834"
development,10,Days,TRAIND011979,"","",Aphidius_ervi,"Aphidius ervi Haliday, 1834"
development,11,Days,TRAIND011980,"","",Aphidius_ervi,"Aphidius ervi Haliday, 1834"
development,11,Days,TRAIND011981,"","",Aphidius_ervi,"Aphidius ervi Haliday, 1834"
development,11,Days,TRAIND011982,"","",Aphidius_ervi,"Aphidius ervi Haliday, 1834"
development,11,Days,TRAIND011983,"","",Aphidius_ervi,"Aphidius ervi Haliday, 1834"
development,12,Days,TRAIND011984,"","",Aphidius_ervi,"Aphidius ervi Haliday, 1834"
development,12,Days,TRAIND011985,"","",Aphidius_ervi,"Aphidius ervi Haliday, 1834"
development,12,Days,TRAIND011986,"","",Aphidius_ervi,"Aphidius ervi Haliday, 1834"
development,12,Days,TRAIND011987,"","",Aphidius_ervi,"Aphidius ervi Haliday, 1834"
development,12,Days,TRAIND011988,"","",Aphidius_ervi,"Aphidius ervi Haliday, 1834"
development,12,Days,TRAIND011989,"","",Aphidius_ervi,"Aphidius ervi Haliday, 1834"
development,12,Days,TRAIND011990,"","",Aphidius_ervi,"Aphidius ervi Haliday, 1834"
development,12,Days,TRAIND011991,"","",Aphidius_ervi,"Aphidius ervi Haliday, 1834"
development,12,Days,TRAIND011992,"","",Aphidius_ervi,"Aphidius ervi Haliday, 1834"
development,13,Days,TRAIND011993,"","",Aphidius_ervi,"Aphidius ervi Haliday, 1834"
development,13,Days,TRAIND011994,"","",Aphidius_ervi,"Aphidius ervi Haliday, 1834"
development,15,Days,TRAIND011995,"","",Aphidius_ervi,"Aphidius ervi Haliday, 1834"
development,16,Days,TRAIND011996,"","",Aphidius_ervi,"Aphidius ervi Haliday, 1834"
development,17,Days,TRAIND011997,"","",Aphidius_ervi,"Aphidius ervi Haliday, 1834"
development,18,Days,TRAIND011998,"","",Aphidius_ervi,"Aphidius ervi Haliday, 1834"
development,18,Days,TRAIND011999,"","",Aphidius_ervi,"Aphidius ervi Haliday, 1834"
development,18,Days,TRAIND012000,"","",Aphidius_ervi,"Aphidius ervi Haliday, 1834"
development,18,Days,TRAIND012001,"","",Aphidius_ervi,"Aphidius ervi Haliday, 1834"
development,20,Days,TRAIND012002,"","",Aphidius_ervi,"Aphidius ervi Haliday, 1834"
development,22,Days,TRAIND012003,"","",Aphidius_ervi,"Aphidius ervi Haliday, 1834"
development,1,Days,TRAIND012004,"","",Aphidius_ervi,"Aphidius ervi Haliday, 1834"
development,1,Days,TRAIND012005,"","",Aphidius_ervi,"Aphidius ervi Haliday, 1834"
development,1,Days,TRAIND012006,"","",Aphidius_ervi,"Aphidius ervi Haliday, 1834"
development,1,Days,TRAIND012007,"","",Aphidius_ervi,"Aphidius ervi Haliday, 1834"
development,1,Days,TRAIND012008,"","",Aphidius_ervi,"Aphidius ervi Haliday, 1834"
development,2,Days,TRAIND012009,"","",Aphidius_ervi,"Aphidius ervi Haliday, 1834"
development,2,Days,TRAIND012010,"","",Aphidius_ervi,"Aphidius ervi Haliday, 1834"
development,2,Days,TRAIND012011,"","",Aphidius_ervi,"Aphidius ervi Haliday, 1834"
development,2,Days,TRAIND012012,"","",Aphidius_ervi,"Aphidius ervi Haliday, 1834"
development,2,Days,TRAIND012013,"","",Aphidius_ervi,"Aphidius ervi Haliday, 1834"
development,2,Days,TRAIND012014,"","",Aphidius_ervi,"Aphidius ervi Haliday, 1834"
development,2,Days,TRAIND012015,"","",Aphidius_ervi,"Aphidius ervi Haliday, 1834"
development,2,Days,TRAIND012016,"","",Aphidius_ervi,"Aphidius ervi Haliday, 1834"
development,3,Days,TRAIND012017,"","",Aphidius_ervi,"Aphidius ervi Haliday, 1834"
development,3,Days,TRAIND012018,"","",Aphidius_ervi,"Aphidius ervi Haliday, 1834"
development,3,Days,TRAIND012019,"","",Aphidius_ervi,"Aphidius ervi Haliday, 1834"
development,3,Days,TRAIND012020,"","",Aphidius_ervi,"Aphidius ervi Haliday, 1834"
development,3,Days,TRAIND012021,"","",Aphidius_ervi,"Aphidius ervi Haliday, 1834"
development,3,Days,TRAIND012022,"","",Aphidius_ervi,"Aphidius ervi Haliday, 1834"
development,3,Days,TRAIND012023,"","",Aphidius_ervi,"Aphidius ervi Haliday, 1834"
development,3,Days,TRAIND012024,"","",Aphidius_ervi,"Aphidius ervi Haliday, 1834"
development,3,Days,TRAIND012025,"","",Aphidius_ervi,"Aphidius ervi Haliday, 1834"
development,3,Days,TRAIND012026,"","",Aphidius_ervi,"Aphidius ervi Haliday, 1834"
development,4,Days,TRAIND012027,"","",Aphidius_ervi,"Aphidius ervi Haliday, 1834"
development,4,Days,TRAIND012028,"","",Aphidius_ervi,"Aphidius ervi Haliday, 1834"
development,4,Days,TRAIND012029,"","",Aphidius_ervi,"Aphidius ervi Haliday, 1834"
development,4,Days,TRAIND012030,"","",Aphidius_ervi,"Aphidius ervi Haliday, 1834"
development,4,Days,TRAIND012031,"","",Aphidius_ervi,"Aphidius ervi Haliday, 1834"
development,4,Days,TRAIND012032,"","",Aphidius_ervi,"Aphidius ervi Haliday, 1834"
development,4,Days,TRAIND012033,"","",Aphidius_ervi,"Aphidius ervi Haliday, 1834"
development,4,Days,TRAIND012034,"","",Aphidius_ervi,"Aphidius ervi Haliday, 1834"
development,4,Days,TRAIND012035,"","",Aphidius_ervi,"Aphidius ervi Haliday, 1834"
development,4,Days,TRAIND012036,"","",Aphidius_ervi,"Aphidius ervi Haliday, 1834"
development,4,Days,TRAIND012037,"","",Aphidius_ervi,"Aphidius ervi Haliday, 1834"
development,4,Days,TRAIND012038,"","",Aphidius_ervi,"Aphidius ervi Haliday, 1834"
development,4,Days,TRAIND012039,"","",Aphidius_ervi,"Aphidius ervi Haliday, 1834"
development,5,Days,TRAIND012040,"","",Aphidius_ervi,"Aphidius ervi Haliday, 1834"
development,5,Days,TRAIND012041,"","",Aphidius_ervi,"Aphidius ervi Haliday, 1834"
development,5,Days,TRAIND012042,"","",Aphidius_ervi,"Aphidius ervi Haliday, 1834"
development,5,Days,TRAIND012043,"","",Aphidius_ervi,"Aphidius ervi Haliday, 1834"
development,6,Days,TRAIND012044,"","",Aphidius_ervi,"Aphidius ervi Haliday, 1834"
development,7,Days,TRAIND012045,"","",Aphidius_ervi,"Aphidius ervi Haliday, 1834"
development,7,Days,TRAIND012046,"","",Aphidius_ervi,"Aphidius ervi Haliday, 1834"
development,7,Days,TRAIND012047,"","",Aphidius_ervi,"Aphidius ervi Haliday, 1834"
development,7,Days,TRAIND012048,"","",Aphidius_ervi,"Aphidius ervi Haliday, 1834"
development,7,Days,TRAIND012049,"","",Aphidius_ervi,"Aphidius ervi Haliday, 1834"
development,8,Days,TRAIND012050,"","",Aphidius_ervi,"Aphidius ervi Haliday, 1834"
development,8,Days,TRAIND012051,"","",Aphidius_ervi,"Aphidius ervi Haliday, 1834"
development,8,Days,TRAIND012052,"","",Aphidius_ervi,"Aphidius ervi Haliday, 1834"
development,8,Days,TRAIND012053,"","",Aphidius_ervi,"Aphidius ervi Haliday, 1834"
development,9,Days,TRAIND012054,"","",Aphidius_ervi,"Aphidius ervi Haliday, 1834"
development,9,Days,TRAIND012055,"","",Aphidius_ervi,"Aphidius ervi Haliday, 1834"
development,9,Days,TRAIND012056,"","",Aphidius_ervi,"Aphidius ervi Haliday, 1834"
development,9,Days,TRAIND012057,"","",Aphidius_ervi,"Aphidius ervi Haliday, 1834"
development,10,Days,TRAIND012058,"","",Aphidius_ervi,"Aphidius ervi Haliday, 1834"
development,10,Days,TRAIND012059,"","",Aphidius_ervi,"Aphidius ervi Haliday, 1834"
development,12,Days,TRAIND012060,"","",Aphidius_ervi,"Aphidius ervi Haliday, 1834"
development,12,Days,TRAIND012061,"","",Aphidius_ervi,"Aphidius ervi Haliday, 1834"
development,13,Days,TRAIND012062,"","",Aphidius_ervi,"Aphidius ervi Haliday, 1834"
development,13,Days,TRAIND012063,"","",Aphidius_ervi,"Aphidius ervi Haliday, 1834"
development,13,Days,TRAIND012064,"","",Aphidius_ervi,"Aphidius ervi Haliday, 1834"
development,13,Days,TRAIND012065,"","",Aphidius_ervi,"Aphidius ervi Haliday, 1834"
development,14,Days,TRAIND012066,"","",Aphidius_ervi,"Aphidius ervi Haliday, 1834"
development,14,Days,TRAIND012067,"","",Aphidius_ervi,"Aphidius ervi Haliday, 1834"
development,14,Days,TRAIND012068,"","",Aphidius_ervi,"Aphidius ervi Haliday, 1834"
development,15,Days,TRAIND012069,"","",Aphidius_ervi,"Aphidius ervi Haliday, 1834"
development,15,Days,TRAIND012070,"","",Aphidius_ervi,"Aphidius ervi Haliday, 1834"
development,18,Days,TRAIND012071,"","",Aphidius_ervi,"Aphidius ervi Haliday, 1834"
development,18,Days,TRAIND012072,"","",Aphidius_ervi,"Aphidius ervi Haliday, 1834"
development,18,Days,TRAIND012073,"","",Aphidius_ervi,"Aphidius ervi Haliday, 1834"
development,18,Days,TRAIND012074,"","",Aphidius_ervi,"Aphidius ervi Haliday, 1834"
development,20,Days,TRAIND012075,"","",Aphidius_ervi,"Aphidius ervi Haliday, 1834"
development,20,Days,TRAIND012076,"","",Aphidius_ervi,"Aphidius ervi Haliday, 1834"
development,21,Days,TRAIND012077,"","",Aphidius_ervi,"Aphidius ervi Haliday, 1834"
development,21,Days,TRAIND012078,"","",Aphidius_ervi,"Aphidius ervi Haliday, 1834"
development,21,Days,TRAIND012079,"","",Aphidius_ervi,"Aphidius ervi Haliday, 1834"
development,21,Days,TRAIND012080,"","",Aphidius_ervi,"Aphidius ervi Haliday, 1834"
development,21,Days,TRAIND012081,"","",Aphidius_ervi,"Aphidius ervi Haliday, 1834"
development,22,Days,TRAIND012082,"","",Aphidius_ervi,"Aphidius ervi Haliday, 1834"
development,1,Days,TRAIND012083,"","",Aphidius_ervi,"Aphidius ervi Haliday, 1834"
development,1,Days,TRAIND012084,"","",Aphidius_ervi,"Aphidius ervi Haliday, 1834"
development,1,Days,TRAIND012085,"","",Aphidius_ervi,"Aphidius ervi Haliday, 1834"
development,1,Days,TRAIND012086,"","",Aphidius_ervi,"Aphidius ervi Haliday, 1834"
development,1,Days,TRAIND012087,"","",Aphidius_ervi,"Aphidius ervi Haliday, 1834"
development,1,Days,TRAIND012088,"","",Aphidius_ervi,"Aphidius ervi Haliday, 1834"
development,1,Days,TRAIND012089,"","",Aphidius_ervi,"Aphidius ervi Haliday, 1834"
development,1,Days,TRAIND012090,"","",Aphidius_ervi,"Aphidius ervi Haliday, 1834"
development,1,Days,TRAIND012091,"","",Aphidius_ervi,"Aphidius ervi Haliday, 1834"
development,1,Days,TRAIND012092,"","",Aphidius_ervi,"Aphidius ervi Haliday, 1834"
development,1,Days,TRAIND012093,"","",Aphidius_ervi,"Aphidius ervi Haliday, 1834"
development,2,Days,TRAIND012094,"","",Aphidius_ervi,"Aphidius ervi Haliday, 1834"
development,2,Days,TRAIND012095,"","",Aphidius_ervi,"Aphidius ervi Haliday, 1834"
development,2,Days,TRAIND012096,"","",Aphidius_ervi,"Aphidius ervi Haliday, 1834"
development,2,Days,TRAIND012097,"","",Aphidius_ervi,"Aphidius ervi Haliday, 1834"
development,2,Days,TRAIND012098,"","",Aphidius_ervi,"Aphidius ervi Haliday, 1834"
development,2,Days,TRAIND012099,"","",Aphidius_ervi,"Aphidius ervi Haliday, 1834"
development,2,Days,TRAIND012100,"","",Aphidius_ervi,"Aphidius ervi Haliday, 1834"
development,2,Days,TRAIND012101,"","",Aphidius_ervi,"Aphidius ervi Haliday, 1834"
development,2,Days,TRAIND012102,"","",Aphidius_ervi,"Aphidius ervi Haliday, 1834"
development,2,Days,TRAIND012103,"","",Aphidius_ervi,"Aphidius ervi Haliday, 1834"
development,2,Days,TRAIND012104,"","",Aphidius_ervi,"Aphidius ervi Haliday, 1834"
development,2,Days,TRAIND012105,"","",Aphidius_ervi,"Aphidius ervi Haliday, 1834"
development,2,Days,TRAIND012106,"","",Aphidius_ervi,"Aphidius ervi Haliday, 1834"
development,2,Days,TRAIND012107,"","",Aphidius_ervi,"Aphidius ervi Haliday, 1834"
development,2,Days,TRAIND012108,"","",Aphidius_ervi,"Aphidius ervi Haliday, 1834"
development,2,Days,TRAIND012109,"","",Aphidius_ervi,"Aphidius ervi Haliday, 1834"
development,2,Days,TRAIND012110,"","",Aphidius_ervi,"Aphidius ervi Haliday, 1834"
development,2,Days,TRAIND012111,"","",Aphidius_ervi,"Aphidius ervi Haliday, 1834"
development,2,Days,TRAIND012112,"","",Aphidius_ervi,"Aphidius ervi Haliday, 1834"
development,2,Days,TRAIND012113,"","",Aphidius_ervi,"Aphidius ervi Haliday, 1834"
development,3,Days,TRAIND012114,"","",Aphidius_ervi,"Aphidius ervi Haliday, 1834"
development,3,Days,TRAIND012115,"","",Aphidius_ervi,"Aphidius ervi Haliday, 1834"
development,3,Days,TRAIND012116,"","",Aphidius_ervi,"Aphidius ervi Haliday, 1834"
development,3,Days,TRAIND012117,"","",Aphidius_ervi,"Aphidius ervi Haliday, 1834"
development,3,Days,TRAIND012118,"","",Aphidius_ervi,"Aphidius ervi Haliday, 1834"
development,3,Days,TRAIND012119,"","",Aphidius_ervi,"Aphidius ervi Haliday, 1834"
development,3,Days,TRAIND012120,"","",Aphidius_ervi,"Aphidius ervi Haliday, 1834"
development,3,Days,TRAIND012121,"","",Aphidius_ervi,"Aphidius ervi Haliday, 1834"
development,3,Days,TRAIND012122,"","",Aphidius_ervi,"Aphidius ervi Haliday, 1834"
development,3,Days,TRAIND012123,"","",Aphidius_ervi,"Aphidius ervi Haliday, 1834"
development,3,Days,TRAIND012124,"","",Aphidius_ervi,"Aphidius ervi Haliday, 1834"
development,3,Days,TRAIND012125,"","",Aphidius_ervi,"Aphidius ervi Haliday, 1834"
development,3,Days,TRAIND012126,"","",Aphidius_ervi,"Aphidius ervi Haliday, 1834"
development,3,Days,TRAIND012127,"","",Aphidius_ervi,"Aphidius ervi Haliday, 1834"
development,3,Days,TRAIND012128,"","",Aphidius_ervi,"Aphidius ervi Haliday, 1834"
development,3,Days,TRAIND012129,"","",Aphidius_ervi,"Aphidius ervi Haliday, 1834"
development,3,Days,TRAIND012130,"","",Aphidius_ervi,"Aphidius ervi Haliday, 1834"
development,3,Days,TRAIND012131,"","",Aphidius_ervi,"Aphidius ervi Haliday, 1834"
development,3,Days,TRAIND012132,"","",Aphidius_ervi,"Aphidius ervi Haliday, 1834"
development,3,Days,TRAIND012133,"","",Aphidius_ervi,"Aphidius ervi Haliday, 1834"
development,3,Days,TRAIND012134,"","",Aphidius_ervi,"Aphidius ervi Haliday, 1834"
development,3,Days,TRAIND012135,"","",Aphidius_ervi,"Aphidius ervi Haliday, 1834"
development,3,Days,TRAIND012136,"","",Aphidius_ervi,"Aphidius ervi Haliday, 1834"
development,3,Days,TRAIND012137,"","",Aphidius_ervi,"Aphidius ervi Haliday, 1834"
development,3,Days,TRAIND012138,"","",Aphidius_ervi,"Aphidius ervi Haliday, 1834"
development,3,Days,TRAIND012139,"","",Aphidius_ervi,"Aphidius ervi Haliday, 1834"
development,3,Days,TRAIND012140,"","",Aphidius_ervi,"Aphidius ervi Haliday, 1834"
development,4,Days,TRAIND012141,"","",Aphidius_ervi,"Aphidius ervi Haliday, 1834"
development,4,Days,TRAIND012142,"","",Aphidius_ervi,"Aphidius ervi Haliday, 1834"
development,4,Days,TRAIND012143,"","",Aphidius_ervi,"Aphidius ervi Haliday, 1834"
development,4,Days,TRAIND012144,"","",Aphidius_ervi,"Aphidius ervi Haliday, 1834"
development,4,Days,TRAIND012145,"","",Aphidius_ervi,"Aphidius ervi Haliday, 1834"
development,4,Days,TRAIND012146,"","",Aphidius_ervi,"Aphidius ervi Haliday, 1834"
development,4,Days,TRAIND012147,"","",Aphidius_ervi,"Aphidius ervi Haliday, 1834"
development,4,Days,TRAIND012148,"","",Aphidius_ervi,"Aphidius ervi Haliday, 1834"
development,4,Days,TRAIND012149,"","",Aphidius_ervi,"Aphidius ervi Haliday, 1834"
development,4,Days,TRAIND012150,"","",Aphidius_ervi,"Aphidius ervi Haliday, 1834"
development,4,Days,TRAIND012151,"","",Aphidius_ervi,"Aphidius ervi Haliday, 1834"
development,4,Days,TRAIND012152,"","",Aphidius_ervi,"Aphidius ervi Haliday, 1834"
development,4,Days,TRAIND012153,"","",Aphidius_ervi,"Aphidius ervi Haliday, 1834"
development,4,Days,TRAIND012154,"","",Aphidius_ervi,"Aphidius ervi Haliday, 1834"
development,4,Days,TRAIND012155,"","",Aphidius_ervi,"Aphidius ervi Haliday, 1834"
development,4,Days,TRAIND012156,"","",Aphidius_ervi,"Aphidius ervi Haliday, 1834"
development,4,Days,TRAIND012157,"","",Aphidius_ervi,"Aphidius ervi Haliday, 1834"
development,4,Days,TRAIND012158,"","",Aphidius_ervi,"Aphidius ervi Haliday, 1834"
development,4,Days,TRAIND012159,"","",Aphidius_ervi,"Aphidius ervi Haliday, 1834"
development,4,Days,TRAIND012160,"","",Aphidius_ervi,"Aphidius ervi Haliday, 1834"
development,4,Days,TRAIND012161,"","",Aphidius_ervi,"Aphidius ervi Haliday, 1834"
development,4,Days,TRAIND012162,"","",Aphidius_ervi,"Aphidius ervi Haliday, 1834"
development,4,Days,TRAIND012163,"","",Aphidius_ervi,"Aphidius ervi Haliday, 1834"
development,4,Days,TRAIND012164,"","",Aphidius_ervi,"Aphidius ervi Haliday, 1834"
development,4,Days,TRAIND012165,"","",Aphidius_ervi,"Aphidius ervi Haliday, 1834"
development,4,Days,TRAIND012166,"","",Aphidius_ervi,"Aphidius ervi Haliday, 1834"
development,4,Days,TRAIND012167,"","",Aphidius_ervi,"Aphidius ervi Haliday, 1834"
development,4,Days,TRAIND012168,"","",Aphidius_ervi,"Aphidius ervi Haliday, 1834"
development,4,Days,TRAIND012169,"","",Aphidius_ervi,"Aphidius ervi Haliday, 1834"
development,5,Days,TRAIND012170,"","",Aphidius_ervi,"Aphidius ervi Haliday, 1834"
development,5,Days,TRAIND012171,"","",Aphidius_ervi,"Aphidius ervi Haliday, 1834"
development,5,Days,TRAIND012172,"","",Aphidius_ervi,"Aphidius ervi Haliday, 1834"
development,5,Days,TRAIND012173,"","",Aphidius_ervi,"Aphidius ervi Haliday, 1834"
development,5,Days,TRAIND012174,"","",Aphidius_ervi,"Aphidius ervi Haliday, 1834"
development,5,Days,TRAIND012175,"","",Aphidius_ervi,"Aphidius ervi Haliday, 1834"
development,5,Days,TRAIND012176,"","",Aphidius_ervi,"Aphidius ervi Haliday, 1834"
development,5,Days,TRAIND012177,"","",Aphidius_ervi,"Aphidius ervi Haliday, 1834"
development,5,Days,TRAIND012178,"","",Aphidius_ervi,"Aphidius ervi Haliday, 1834"
development,5,Days,TRAIND012179,"","",Aphidius_ervi,"Aphidius ervi Haliday, 1834"
development,5,Days,TRAIND012180,"","",Aphidius_ervi,"Aphidius ervi Haliday, 1834"
development,5,Days,TRAIND012181,"","",Aphidius_ervi,"Aphidius ervi Haliday, 1834"
development,5,Days,TRAIND012182,"","",Aphidius_ervi,"Aphidius ervi Haliday, 1834"
development,5,Days,TRAIND012183,"","",Aphidius_ervi,"Aphidius ervi Haliday, 1834"
development,5,Days,TRAIND012184,"","",Aphidius_ervi,"Aphidius ervi Haliday, 1834"
development,5,Days,TRAIND012185,"","",Aphidius_ervi,"Aphidius ervi Haliday, 1834"
development,5,Days,TRAIND012186,"","",Aphidius_ervi,"Aphidius ervi Haliday, 1834"
development,5,Days,TRAIND012187,"","",Aphidius_ervi,"Aphidius ervi Haliday, 1834"
development,5,Days,TRAIND012188,"","",Aphidius_ervi,"Aphidius ervi Haliday, 1834"
development,5,Days,TRAIND012189,"","",Aphidius_ervi,"Aphidius ervi Haliday, 1834"
development,6,Days,TRAIND012190,"","",Aphidius_ervi,"Aphidius ervi Haliday, 1834"
development,6,Days,TRAIND012191,"","",Aphidius_ervi,"Aphidius ervi Haliday, 1834"
development,6,Days,TRAIND012192,"","",Aphidius_ervi,"Aphidius ervi Haliday, 1834"
development,6,Days,TRAIND012193,"","",Aphidius_ervi,"Aphidius ervi Haliday, 1834"
development,6,Days,TRAIND012194,"","",Aphidius_ervi,"Aphidius ervi Haliday, 1834"
development,6,Days,TRAIND012195,"","",Aphidius_ervi,"Aphidius ervi Haliday, 1834"
development,6,Days,TRAIND012196,"","",Aphidius_ervi,"Aphidius ervi Haliday, 1834"
development,6,Days,TRAIND012197,"","",Aphidius_ervi,"Aphidius ervi Haliday, 1834"
development,6,Days,TRAIND012198,"","",Aphidius_ervi,"Aphidius ervi Haliday, 1834"
development,6,Days,TRAIND012199,"","",Aphidius_ervi,"Aphidius ervi Haliday, 1834"
development,6,Days,TRAIND012200,"","",Aphidius_ervi,"Aphidius ervi Haliday, 1834"
development,6,Days,TRAIND012201,"","",Aphidius_ervi,"Aphidius ervi Haliday, 1834"
development,6,Days,TRAIND012202,"","",Aphidius_ervi,"Aphidius ervi Haliday, 1834"
development,6,Days,TRAIND012203,"","",Aphidius_ervi,"Aphidius ervi Haliday, 1834"
development,6,Days,TRAIND012204,"","",Aphidius_ervi,"Aphidius ervi Haliday, 1834"
development,6,Days,TRAIND012205,"","",Aphidius_ervi,"Aphidius ervi Haliday, 1834"
development,6,Days,TRAIND012206,"","",Aphidius_ervi,"Aphidius ervi Haliday, 1834"
development,7,Days,TRAIND012207,"","",Aphidius_ervi,"Aphidius ervi Haliday, 1834"
development,7,Days,TRAIND012208,"","",Aphidius_ervi,"Aphidius ervi Haliday, 1834"
development,7,Days,TRAIND012209,"","",Aphidius_ervi,"Aphidius ervi Haliday, 1834"
development,7,Days,TRAIND012210,"","",Aphidius_ervi,"Aphidius ervi Haliday, 1834"
development,7,Days,TRAIND012211,"","",Aphidius_ervi,"Aphidius ervi Haliday, 1834"
development,7,Days,TRAIND012212,"","",Aphidius_ervi,"Aphidius ervi Haliday, 1834"
development,7,Days,TRAIND012213,"","",Aphidius_ervi,"Aphidius ervi Haliday, 1834"
development,7,Days,TRAIND012214,"","",Aphidius_ervi,"Aphidius ervi Haliday, 1834"
development,7,Days,TRAIND012215,"","",Aphidius_ervi,"Aphidius ervi Haliday, 1834"
development,7,Days,TRAIND012216,"","",Aphidius_ervi,"Aphidius ervi Haliday, 1834"
development,7,Days,TRAIND012217,"","",Aphidius_ervi,"Aphidius ervi Haliday, 1834"
development,7,Days,TRAIND012218,"","",Aphidius_ervi,"Aphidius ervi Haliday, 1834"
development,7,Days,TRAIND012219,"","",Aphidius_ervi,"Aphidius ervi Haliday, 1834"
development,7,Days,TRAIND012220,"","",Aphidius_ervi,"Aphidius ervi Haliday, 1834"
development,7,Days,TRAIND012221,"","",Aphidius_ervi,"Aphidius ervi Haliday, 1834"
development,7,Days,TRAIND012222,"","",Aphidius_ervi,"Aphidius ervi Haliday, 1834"
development,7,Days,TRAIND012223,"","",Aphidius_ervi,"Aphidius ervi Haliday, 1834"
development,7,Days,TRAIND012224,"","",Aphidius_ervi,"Aphidius ervi Haliday, 1834"
development,7,Days,TRAIND012225,"","",Aphidius_ervi,"Aphidius ervi Haliday, 1834"
development,7,Days,TRAIND012226,"","",Aphidius_ervi,"Aphidius ervi Haliday, 1834"
development,7,Days,TRAIND012227,"","",Aphidius_ervi,"Aphidius ervi Haliday, 1834"
development,8,Days,TRAIND012228,"","",Aphidius_ervi,"Aphidius ervi Haliday, 1834"
development,8,Days,TRAIND012229,"","",Aphidius_ervi,"Aphidius ervi Haliday, 1834"
development,8,Days,TRAIND012230,"","",Aphidius_ervi,"Aphidius ervi Haliday, 1834"
development,8,Days,TRAIND012231,"","",Aphidius_ervi,"Aphidius ervi Haliday, 1834"
development,8,Days,TRAIND012232,"","",Aphidius_ervi,"Aphidius ervi Haliday, 1834"
development,8,Days,TRAIND012233,"","",Aphidius_ervi,"Aphidius ervi Haliday, 1834"
development,8,Days,TRAIND012234,"","",Aphidius_ervi,"Aphidius ervi Haliday, 1834"
development,8,Days,TRAIND012235,"","",Aphidius_ervi,"Aphidius ervi Haliday, 1834"
development,8,Days,TRAIND012236,"","",Aphidius_ervi,"Aphidius ervi Haliday, 1834"
development,8,Days,TRAIND012237,"","",Aphidius_ervi,"Aphidius ervi Haliday, 1834"
development,8,Days,TRAIND012238,"","",Aphidius_ervi,"Aphidius ervi Haliday, 1834"
development,8,Days,TRAIND012239,"","",Aphidius_ervi,"Aphidius ervi Haliday, 1834"
development,9,Days,TRAIND012240,"","",Aphidius_ervi,"Aphidius ervi Haliday, 1834"
development,9,Days,TRAIND012241,"","",Aphidius_ervi,"Aphidius ervi Haliday, 1834"
development,9,Days,TRAIND012242,"","",Aphidius_ervi,"Aphidius ervi Haliday, 1834"
development,9,Days,TRAIND012243,"","",Aphidius_ervi,"Aphidius ervi Haliday, 1834"
development,9,Days,TRAIND012244,"","",Aphidius_ervi,"Aphidius ervi Haliday, 1834"
development,9,Days,TRAIND012245,"","",Aphidius_ervi,"Aphidius ervi Haliday, 1834"
development,9,Days,TRAIND012246,"","",Aphidius_ervi,"Aphidius ervi Haliday, 1834"
development,9,Days,TRAIND012247,"","",Aphidius_ervi,"Aphidius ervi Haliday, 1834"
development,10,Days,TRAIND012248,"","",Aphidius_ervi,"Aphidius ervi Haliday, 1834"
development,10,Days,TRAIND012249,"","",Aphidius_ervi,"Aphidius ervi Haliday, 1834"
development,10,Days,TRAIND012250,"","",Aphidius_ervi,"Aphidius ervi Haliday, 1834"
development,10,Days,TRAIND012251,"","",Aphidius_ervi,"Aphidius ervi Haliday, 1834"
development,11,Days,TRAIND012252,"","",Aphidius_ervi,"Aphidius ervi Haliday, 1834"
development,11,Days,TRAIND012253,"","",Aphidius_ervi,"Aphidius ervi Haliday, 1834"
development,11,Days,TRAIND012254,"","",Aphidius_ervi,"Aphidius ervi Haliday, 1834"
development,11,Days,TRAIND012255,"","",Aphidius_ervi,"Aphidius ervi Haliday, 1834"
development,11,Days,TRAIND012256,"","",Aphidius_ervi,"Aphidius ervi Haliday, 1834"
development,12,Days,TRAIND012257,"","",Aphidius_ervi,"Aphidius ervi Haliday, 1834"
development,12,Days,TRAIND012258,"","",Aphidius_ervi,"Aphidius ervi Haliday, 1834"
development,12,Days,TRAIND012259,"","",Aphidius_ervi,"Aphidius ervi Haliday, 1834"
development,12,Days,TRAIND012260,"","",Aphidius_ervi,"Aphidius ervi Haliday, 1834"
development,13,Days,TRAIND012261,"","",Aphidius_ervi,"Aphidius ervi Haliday, 1834"
development,13,Days,TRAIND012262,"","",Aphidius_ervi,"Aphidius ervi Haliday, 1834"
development,13,Days,TRAIND012263,"","",Aphidius_ervi,"Aphidius ervi Haliday, 1834"
development,13,Days,TRAIND012264,"","",Aphidius_ervi,"Aphidius ervi Haliday, 1834"
development,13,Days,TRAIND012265,"","",Aphidius_ervi,"Aphidius ervi Haliday, 1834"
development,13,Days,TRAIND012266,"","",Aphidius_ervi,"Aphidius ervi Haliday, 1834"
development,13,Days,TRAIND012267,"","",Aphidius_ervi,"Aphidius ervi Haliday, 1834"
development,13,Days,TRAIND012268,"","",Aphidius_ervi,"Aphidius ervi Haliday, 1834"
development,13,Days,TRAIND012269,"","",Aphidius_ervi,"Aphidius ervi Haliday, 1834"
development,14,Days,TRAIND012270,"","",Aphidius_ervi,"Aphidius ervi Haliday, 1834"
development,14,Days,TRAIND012271,"","",Aphidius_ervi,"Aphidius ervi Haliday, 1834"
development,14,Days,TRAIND012272,"","",Aphidius_ervi,"Aphidius ervi Haliday, 1834"
development,14,Days,TRAIND012273,"","",Aphidius_ervi,"Aphidius ervi Haliday, 1834"
development,14,Days,TRAIND012274,"","",Aphidius_ervi,"Aphidius ervi Haliday, 1834"
development,14,Days,TRAIND012275,"","",Aphidius_ervi,"Aphidius ervi Haliday, 1834"
development,14,Days,TRAIND012276,"","",Aphidius_ervi,"Aphidius ervi Haliday, 1834"
development,15,Days,TRAIND012277,"","",Aphidius_ervi,"Aphidius ervi Haliday, 1834"
development,15,Days,TRAIND012278,"","",Aphidius_ervi,"Aphidius ervi Haliday, 1834"
development,15,Days,TRAIND012279,"","",Aphidius_ervi,"Aphidius ervi Haliday, 1834"
development,15,Days,TRAIND012280,"","",Aphidius_ervi,"Aphidius ervi Haliday, 1834"
development,15,Days,TRAIND012281,"","",Aphidius_ervi,"Aphidius ervi Haliday, 1834"
development,15,Days,TRAIND012282,"","",Aphidius_ervi,"Aphidius ervi Haliday, 1834"
development,15,Days,TRAIND012283,"","",Aphidius_ervi,"Aphidius ervi Haliday, 1834"
development,15,Days,TRAIND012284,"","",Aphidius_ervi,"Aphidius ervi Haliday, 1834"
development,15,Days,TRAIND012285,"","",Aphidius_ervi,"Aphidius ervi Haliday, 1834"
development,16,Days,TRAIND012286,"","",Aphidius_ervi,"Aphidius ervi Haliday, 1834"
development,16,Days,TRAIND012287,"","",Aphidius_ervi,"Aphidius ervi Haliday, 1834"
development,16,Days,TRAIND012288,"","",Aphidius_ervi,"Aphidius ervi Haliday, 1834"
development,16,Days,TRAIND012289,"","",Aphidius_ervi,"Aphidius ervi Haliday, 1834"
development,16,Days,TRAIND012290,"","",Aphidius_ervi,"Aphidius ervi Haliday, 1834"
development,16,Days,TRAIND012291,"","",Aphidius_ervi,"Aphidius ervi Haliday, 1834"
development,17,Days,TRAIND012292,"","",Aphidius_ervi,"Aphidius ervi Haliday, 1834"
development,17,Days,TRAIND012293,"","",Aphidius_ervi,"Aphidius ervi Haliday, 1834"
development,17,Days,TRAIND012294,"","",Aphidius_ervi,"Aphidius ervi Haliday, 1834"
development,17,Days,TRAIND012295,"","",Aphidius_ervi,"Aphidius ervi Haliday, 1834"
development,17,Days,TRAIND012296,"","",Aphidius_ervi,"Aphidius ervi Haliday, 1834"
development,17,Days,TRAIND012297,"","",Aphidius_ervi,"Aphidius ervi Haliday, 1834"
development,17,Days,TRAIND012298,"","",Aphidius_ervi,"Aphidius ervi Haliday, 1834"
development,17,Days,TRAIND012299,"","",Aphidius_ervi,"Aphidius ervi Haliday, 1834"
development,18,Days,TRAIND012300,"","",Aphidius_ervi,"Aphidius ervi Haliday, 1834"
development,18,Days,TRAIND012301,"","",Aphidius_ervi,"Aphidius ervi Haliday, 1834"
development,18,Days,TRAIND012302,"","",Aphidius_ervi,"Aphidius ervi Haliday, 1834"
development,18,Days,TRAIND012303,"","",Aphidius_ervi,"Aphidius ervi Haliday, 1834"
development,18,Days,TRAIND012304,"","",Aphidius_ervi,"Aphidius ervi Haliday, 1834"
development,18,Days,TRAIND012305,"","",Aphidius_ervi,"Aphidius ervi Haliday, 1834"
development,18,Days,TRAIND012306,"","",Aphidius_ervi,"Aphidius ervi Haliday, 1834"
development,18,Days,TRAIND012307,"","",Aphidius_ervi,"Aphidius ervi Haliday, 1834"
development,18,Days,TRAIND012308,"","",Aphidius_ervi,"Aphidius ervi Haliday, 1834"
development,18,Days,TRAIND012309,"","",Aphidius_ervi,"Aphidius ervi Haliday, 1834"
development,18,Days,TRAIND012310,"","",Aphidius_ervi,"Aphidius ervi Haliday, 1834"
development,19,Days,TRAIND012311,"","",Aphidius_ervi,"Aphidius ervi Haliday, 1834"
development,19,Days,TRAIND012312,"","",Aphidius_ervi,"Aphidius ervi Haliday, 1834"
development,19,Days,TRAIND012313,"","",Aphidius_ervi,"Aphidius ervi Haliday, 1834"
development,19,Days,TRAIND012314,"","",Aphidius_ervi,"Aphidius ervi Haliday, 1834"
development,19,Days,TRAIND012315,"","",Aphidius_ervi,"Aphidius ervi Haliday, 1834"
development,19,Days,TRAIND012316,"","",Aphidius_ervi,"Aphidius ervi Haliday, 1834"
development,19,Days,TRAIND012317,"","",Aphidius_ervi,"Aphidius ervi Haliday, 1834"
development,20,Days,TRAIND012318,"","",Aphidius_ervi,"Aphidius ervi Haliday, 1834"
development,20,Days,TRAIND012319,"","",Aphidius_ervi,"Aphidius ervi Haliday, 1834"
development,20,Days,TRAIND012320,"","",Aphidius_ervi,"Aphidius ervi Haliday, 1834"
development,20,Days,TRAIND012321,"","",Aphidius_ervi,"Aphidius ervi Haliday, 1834"
development,20,Days,TRAIND012322,"","",Aphidius_ervi,"Aphidius ervi Haliday, 1834"
development,20,Days,TRAIND012323,"","",Aphidius_ervi,"Aphidius ervi Haliday, 1834"
development,20,Days,TRAIND012324,"","",Aphidius_ervi,"Aphidius ervi Haliday, 1834"
development,20,Days,TRAIND012325,"","",Aphidius_ervi,"Aphidius ervi Haliday, 1834"
development,20,Days,TRAIND012326,"","",Aphidius_ervi,"Aphidius ervi Haliday, 1834"
development,20,Days,TRAIND012327,"","",Aphidius_ervi,"Aphidius ervi Haliday, 1834"
development,20,Days,TRAIND012328,"","",Aphidius_ervi,"Aphidius ervi Haliday, 1834"
development,20,Days,TRAIND012329,"","",Aphidius_ervi,"Aphidius ervi Haliday, 1834"
development,21,Days,TRAIND012330,"","",Aphidius_ervi,"Aphidius ervi Haliday, 1834"
development,21,Days,TRAIND012331,"","",Aphidius_ervi,"Aphidius ervi Haliday, 1834"
development,21,Days,TRAIND012332,"","",Aphidius_ervi,"Aphidius ervi Haliday, 1834"
development,21,Days,TRAIND012333,"","",Aphidius_ervi,"Aphidius ervi Haliday, 1834"
development,21,Days,TRAIND012334,"","",Aphidius_ervi,"Aphidius ervi Haliday, 1834"
development,21,Days,TRAIND012335,"","",Aphidius_ervi,"Aphidius ervi Haliday, 1834"
development,21,Days,TRAIND012336,"","",Aphidius_ervi,"Aphidius ervi Haliday, 1834"
development,22,Days,TRAIND012337,"","",Aphidius_ervi,"Aphidius ervi Haliday, 1834"
development,22,Days,TRAIND012338,"","",Aphidius_ervi,"Aphidius ervi Haliday, 1834"
development,22,Days,TRAIND012339,"","",Aphidius_ervi,"Aphidius ervi Haliday, 1834"
development,23,Days,TRAIND012340,"","",Aphidius_ervi,"Aphidius ervi Haliday, 1834"
development,23,Days,TRAIND012341,"","",Aphidius_ervi,"Aphidius ervi Haliday, 1834"
development,23,Days,TRAIND012342,"","",Aphidius_ervi,"Aphidius ervi Haliday, 1834"
development,23,Days,TRAIND012343,"","",Aphidius_ervi,"Aphidius ervi Haliday, 1834"
development,23,Days,TRAIND012344,"","",Aphidius_ervi,"Aphidius ervi Haliday, 1834"
development,23,Days,TRAIND012345,"","",Aphidius_ervi,"Aphidius ervi Haliday, 1834"
development,24,Days,TRAIND012346,"","",Aphidius_ervi,"Aphidius ervi Haliday, 1834"
development,24,Days,TRAIND012347,"","",Aphidius_ervi,"Aphidius ervi Haliday, 1834"
development,24,Days,TRAIND012348,"","",Aphidius_ervi,"Aphidius ervi Haliday, 1834"
development,25,Days,TRAIND012349,"","",Aphidius_ervi,"Aphidius ervi Haliday, 1834"
development,25,Days,TRAIND012350,"","",Aphidius_ervi,"Aphidius ervi Haliday, 1834"
development,25,Days,TRAIND012351,"","",Aphidius_ervi,"Aphidius ervi Haliday, 1834"
development,25,Days,TRAIND012352,"","",Aphidius_ervi,"Aphidius ervi Haliday, 1834"
development,25,Days,TRAIND012353,"","",Aphidius_ervi,"Aphidius ervi Haliday, 1834"
development,25,Days,TRAIND012354,"","",Aphidius_ervi,"Aphidius ervi Haliday, 1834"
development,25,Days,TRAIND012355,"","",Aphidius_ervi,"Aphidius ervi Haliday, 1834"
development,26,Days,TRAIND012356,"","",Aphidius_ervi,"Aphidius ervi Haliday, 1834"
development,26,Days,TRAIND012357,"","",Aphidius_ervi,"Aphidius ervi Haliday, 1834"
development,26,Days,TRAIND012358,"","",Aphidius_ervi,"Aphidius ervi Haliday, 1834"
development,26,Days,TRAIND012359,"","",Aphidius_ervi,"Aphidius ervi Haliday, 1834"
development,26,Days,TRAIND012360,"","",Aphidius_ervi,"Aphidius ervi Haliday, 1834"
development,26,Days,TRAIND012361,"","",Aphidius_ervi,"Aphidius ervi Haliday, 1834"
development,26,Days,TRAIND012362,"","",Aphidius_ervi,"Aphidius ervi Haliday, 1834"
development,27,Days,TRAIND012363,"","",Aphidius_ervi,"Aphidius ervi Haliday, 1834"
development,27,Days,TRAIND012364,"","",Aphidius_ervi,"Aphidius ervi Haliday, 1834"
development,27,Days,TRAIND012365,"","",Aphidius_ervi,"Aphidius ervi Haliday, 1834"
development,27,Days,TRAIND012366,"","",Aphidius_ervi,"Aphidius ervi Haliday, 1834"
development,28,Days,TRAIND012367,"","",Aphidius_ervi,"Aphidius ervi Haliday, 1834"
development,28,Days,TRAIND012368,"","",Aphidius_ervi,"Aphidius ervi Haliday, 1834"
development,28,Days,TRAIND012369,"","",Aphidius_ervi,"Aphidius ervi Haliday, 1834"
development,29,Days,TRAIND012370,"","",Aphidius_ervi,"Aphidius ervi Haliday, 1834"
development,29,Days,TRAIND012371,"","",Aphidius_ervi,"Aphidius ervi Haliday, 1834"
development,29,Days,TRAIND012372,"","",Aphidius_ervi,"Aphidius ervi Haliday, 1834"
development,29,Days,TRAIND012373,"","",Aphidius_ervi,"Aphidius ervi Haliday, 1834"
development,29,Days,TRAIND012374,"","",Aphidius_ervi,"Aphidius ervi Haliday, 1834"
development,30,Days,TRAIND012375,"","",Aphidius_ervi,"Aphidius ervi Haliday, 1834"
development,30,Days,TRAIND012376,"","",Aphidius_ervi,"Aphidius ervi Haliday, 1834"
development,30,Days,TRAIND012377,"","",Aphidius_ervi,"Aphidius ervi Haliday, 1834"
development,31,Days,TRAIND012378,"","",Aphidius_ervi,"Aphidius ervi Haliday, 1834"
development,31,Days,TRAIND012379,"","",Aphidius_ervi,"Aphidius ervi Haliday, 1834"
development,33,Days,TRAIND012380,"","",Aphidius_ervi,"Aphidius ervi Haliday, 1834"
development,59,Days,TRAIND012381,egg,adult,Aphidius_matricariae,"Aphidius matricariae Haliday, 1834"
development,58,Days,TRAIND012382,egg,adult,Aphidius_matricariae,"Aphidius matricariae Haliday, 1834"
development,62,Days,TRAIND012383,egg,adult,Aphidius_matricariae,"Aphidius matricariae Haliday, 1834"
development,60,Days,TRAIND012384,egg,adult,Aphidius_matricariae,"Aphidius matricariae Haliday, 1834"
development,54,Days,TRAIND012385,egg,adult,Aphidius_matricariae,"Aphidius matricariae Haliday, 1834"
development,63,Days,TRAIND012386,egg,adult,Aphidius_matricariae,"Aphidius matricariae Haliday, 1834"
development,65,Days,TRAIND012387,egg,adult,Aphidius_matricariae,"Aphidius matricariae Haliday, 1834"
development,61,Days,TRAIND012388,egg,adult,Aphidius_matricariae,"Aphidius matricariae Haliday, 1834"
development,66,Days,TRAIND012389,egg,adult,Aphidius_matricariae,"Aphidius matricariae Haliday, 1834"
development,60,Days,TRAIND012390,egg,adult,Aphidius_matricariae,"Aphidius matricariae Haliday, 1834"
development,40,Days,TRAIND012391,egg,adult,Aphidius_matricariae,"Aphidius matricariae Haliday, 1834"
development,38,Days,TRAIND012392,egg,adult,Aphidius_matricariae,"Aphidius matricariae Haliday, 1834"
development,39,Days,TRAIND012393,egg,adult,Aphidius_matricariae,"Aphidius matricariae Haliday, 1834"
development,37,Days,TRAIND012394,egg,adult,Aphidius_matricariae,"Aphidius matricariae Haliday, 1834"
development,37,Days,TRAIND012395,egg,adult,Aphidius_matricariae,"Aphidius matricariae Haliday, 1834"
development,33,Days,TRAIND012396,egg,adult,Aphidius_matricariae,"Aphidius matricariae Haliday, 1834"
development,35,Days,TRAIND012397,egg,adult,Aphidius_matricariae,"Aphidius matricariae Haliday, 1834"
development,40,Days,TRAIND012398,egg,adult,Aphidius_matricariae,"Aphidius matricariae Haliday, 1834"
development,39,Days,TRAIND012399,egg,adult,Aphidius_matricariae,"Aphidius matricariae Haliday, 1834"
development,38,Days,TRAIND012400,egg,adult,Aphidius_matricariae,"Aphidius matricariae Haliday, 1834"
development,43,Days,TRAIND012401,egg,adult,Aphidius_matricariae,"Aphidius matricariae Haliday, 1834"
development,25,Days,TRAIND012402,egg,adult,Aphidius_matricariae,"Aphidius matricariae Haliday, 1834"
development,23,Days,TRAIND012403,egg,adult,Aphidius_matricariae,"Aphidius matricariae Haliday, 1834"
development,22,Days,TRAIND012404,egg,adult,Aphidius_matricariae,"Aphidius matricariae Haliday, 1834"
development,20,Days,TRAIND012405,egg,adult,Aphidius_matricariae,"Aphidius matricariae Haliday, 1834"
development,18,Days,TRAIND012406,egg,adult,Aphidius_matricariae,"Aphidius matricariae Haliday, 1834"
development,19,Days,TRAIND012407,egg,adult,Aphidius_matricariae,"Aphidius matricariae Haliday, 1834"
development,23,Days,TRAIND012408,egg,adult,Aphidius_matricariae,"Aphidius matricariae Haliday, 1834"
development,19,Days,TRAIND012409,egg,adult,Aphidius_matricariae,"Aphidius matricariae Haliday, 1834"
development,23,Days,TRAIND012410,egg,adult,Aphidius_matricariae,"Aphidius matricariae Haliday, 1834"
development,21,Days,TRAIND012411,egg,adult,Aphidius_matricariae,"Aphidius matricariae Haliday, 1834"
development,20,Days,TRAIND012412,egg,adult,Aphidius_matricariae,"Aphidius matricariae Haliday, 1834"
development,19,Days,TRAIND012413,egg,adult,Aphidius_matricariae,"Aphidius matricariae Haliday, 1834"
development,42,Days,TRAIND012414,egg,adult,Aphidius_matricariae,"Aphidius matricariae Haliday, 1834"
development,38,Days,TRAIND012415,egg,adult,Aphidius_matricariae,"Aphidius matricariae Haliday, 1834"
development,41,Days,TRAIND012416,egg,adult,Aphidius_matricariae,"Aphidius matricariae Haliday, 1834"
development,38,Days,TRAIND012417,egg,adult,Aphidius_matricariae,"Aphidius matricariae Haliday, 1834"
development,39,Days,TRAIND012418,egg,adult,Aphidius_matricariae,"Aphidius matricariae Haliday, 1834"
development,48,Days,TRAIND012419,egg,adult,Aphidius_matricariae,"Aphidius matricariae Haliday, 1834"
development,42,Days,TRAIND012420,egg,adult,Aphidius_matricariae,"Aphidius matricariae Haliday, 1834"
development,39,Days,TRAIND012421,egg,adult,Aphidius_matricariae,"Aphidius matricariae Haliday, 1834"
development,44,Days,TRAIND012422,egg,adult,Aphidius_matricariae,"Aphidius matricariae Haliday, 1834"
development,56,Days,TRAIND012423,egg,adult,Aphidius_matricariae,"Aphidius matricariae Haliday, 1834"
development,67,Days,TRAIND012424,egg,adult,Aphidius_matricariae,"Aphidius matricariae Haliday, 1834"
development,69,Days,TRAIND012425,egg,adult,Aphidius_matricariae,"Aphidius matricariae Haliday, 1834"
development,55,Days,TRAIND012426,egg,adult,Aphidius_matricariae,"Aphidius matricariae Haliday, 1834"
development,56,Days,TRAIND012427,egg,adult,Aphidius_matricariae,"Aphidius matricariae Haliday, 1834"
development,57,Days,TRAIND012428,egg,adult,Aphidius_matricariae,"Aphidius matricariae Haliday, 1834"
development,64,Days,TRAIND012429,egg,adult,Aphidius_matricariae,"Aphidius matricariae Haliday, 1834"
development,56,Days,TRAIND012430,egg,adult,Aphidius_matricariae,"Aphidius matricariae Haliday, 1834"
development,70,Days,TRAIND012431,egg,adult,Aphidius_matricariae,"Aphidius matricariae Haliday, 1834"
development,61,Days,TRAIND012432,egg,adult,Aphidius_matricariae,"Aphidius matricariae Haliday, 1834"
development,39,Days,TRAIND012433,egg,adult,Aphidius_matricariae,"Aphidius matricariae Haliday, 1834"
development,42,Days,TRAIND012434,egg,adult,Aphidius_matricariae,"Aphidius matricariae Haliday, 1834"
development,35,Days,TRAIND012435,egg,adult,Aphidius_matricariae,"Aphidius matricariae Haliday, 1834"
development,44,Days,TRAIND012436,egg,adult,Aphidius_matricariae,"Aphidius matricariae Haliday, 1834"
development,35,Days,TRAIND012437,egg,adult,Aphidius_matricariae,"Aphidius matricariae Haliday, 1834"
development,41,Days,TRAIND012438,egg,adult,Aphidius_matricariae,"Aphidius matricariae Haliday, 1834"
development,40,Days,TRAIND012439,egg,adult,Aphidius_matricariae,"Aphidius matricariae Haliday, 1834"
development,41,Days,TRAIND012440,egg,adult,Aphidius_matricariae,"Aphidius matricariae Haliday, 1834"
development,42,Days,TRAIND012441,egg,adult,Aphidius_matricariae,"Aphidius matricariae Haliday, 1834"
development,24,Days,TRAIND012442,egg,adult,Aphidius_matricariae,"Aphidius matricariae Haliday, 1834"
development,21,Days,TRAIND012443,egg,adult,Aphidius_matricariae,"Aphidius matricariae Haliday, 1834"
development,21,Days,TRAIND012444,egg,adult,Aphidius_matricariae,"Aphidius matricariae Haliday, 1834"
development,19,Days,TRAIND012445,egg,adult,Aphidius_matricariae,"Aphidius matricariae Haliday, 1834"
development,22,Days,TRAIND012446,egg,adult,Aphidius_matricariae,"Aphidius matricariae Haliday, 1834"
development,23,Days,TRAIND012447,egg,adult,Aphidius_matricariae,"Aphidius matricariae Haliday, 1834"
development,22,Days,TRAIND012448,egg,adult,Aphidius_matricariae,"Aphidius matricariae Haliday, 1834"
development,18,Days,TRAIND012449,egg,adult,Aphidius_matricariae,"Aphidius matricariae Haliday, 1834"
development,43,Days,TRAIND012450,egg,adult,Aphidius_matricariae,"Aphidius matricariae Haliday, 1834"
development,45,Days,TRAIND012451,egg,adult,Aphidius_matricariae,"Aphidius matricariae Haliday, 1834"
development,46,Days,TRAIND012452,egg,adult,Aphidius_matricariae,"Aphidius matricariae Haliday, 1834"
development,41,Days,TRAIND012453,egg,adult,Aphidius_matricariae,"Aphidius matricariae Haliday, 1834"
development,39,Days,TRAIND012454,egg,adult,Aphidius_matricariae,"Aphidius matricariae Haliday, 1834"
development,41,Days,TRAIND012455,egg,adult,Aphidius_matricariae,"Aphidius matricariae Haliday, 1834"
development,40,Days,TRAIND012456,egg,adult,Aphidius_matricariae,"Aphidius matricariae Haliday, 1834"
development,44,Days,TRAIND012457,egg,adult,Aphidius_matricariae,"Aphidius matricariae Haliday, 1834"
development,41,Days,TRAIND012458,egg,adult,Aphidius_matricariae,"Aphidius matricariae Haliday, 1834"
development,45,Days,TRAIND012459,egg,adult,Aphidius_matricariae,"Aphidius matricariae Haliday, 1834"
development,47,Days,TRAIND012460,egg,adult,Aphidius_matricariae,"Aphidius matricariae Haliday, 1834"
