genus_name,trait_type,trait_value,trait_unit,size_value_final,size_units,size_type,temperature,condition_label
Chalcolestes,development,"",Days,"",milligram,"fresh body mass",20,test
Chalcolestes,development,89,Days,42.17,milligram,"fresh body mass",20,test
Chalcolestes,development,"",Days,"",milligram,"fresh body mass",20,test
Chalcolestes,development,79,Days,"",milligram,"fresh body mass",20,test
Chalcolestes,development,92,Days,33.52,milligram,"fresh body mass",20,test
Chalcolestes,development,79,Days,39.16,milligram,"fresh body mass",20,test
Chalcolestes,development,78,Days,39.56,milligram,"fresh body mass",20,test
Chalcolestes,development,88,Days,39.65,milligram,"fresh body mass",20,test
Chalcolestes,development,81,Days,38.63,milligram,"fresh body mass",20,test
Chalcolestes,development,79,Days,"",milligram,"fresh body mass",20,test
Chalcolestes,development,78,Days,38.38,milligram,"fresh body mass",20,test
Chalcolestes,development,75,Days,36.9,milligram,"fresh body mass",20,test
Chalcolestes,development,"",Days,"",milligram,"fresh body mass",20,test
Chalcolestes,development,78,Days,39.9,milligram,"fresh body mass",20,test
Chalcolestes,development,88,Days,"",milligram,"fresh body mass",20,test
Chalcolestes,development,"",Days,"",milligram,"fresh body mass",20,test
Chalcolestes,development,"",Days,"",milligram,"fresh body mass",20,test
Chalcolestes,development,81,Days,40.55,milligram,"fresh body mass",20,test
Chalcolestes,development,"",Days,"",milligram,"fresh body mass",20,test
Chalcolestes,development,"",Days,"",milligram,"fresh body mass",20,test
Chalcolestes,development,80,Days,34.62,milligram,"fresh body mass",20,test
Chalcolestes,development,"",Days,44.6,milligram,"fresh body mass",20,test
Chalcolestes,development,85,Days,38.73,milligram,"fresh body mass",20,test
Chalcolestes,development,79,Days,38.95,milligram,"fresh body mass",20,test
Chalcolestes,development,89,Days,42.73,milligram,"fresh body mass",20,test
Chalcolestes,development,"",Days,"",milligram,"fresh body mass",20,test
Chalcolestes,development,82,Days,42.12,milligram,"fresh body mass",20,test
Chalcolestes,development,82,Days,46.87,milligram,"fresh body mass",20,test
Chalcolestes,development,"",Days,"",milligram,"fresh body mass",20,test
Chalcolestes,development,90,Days,42.5,milligram,"fresh body mass",20,test
Chalcolestes,development,89,Days,"",milligram,"fresh body mass",20,test
Chalcolestes,development,"",Days,"",milligram,"fresh body mass",20,test
Chalcolestes,development,"",Days,"",milligram,"fresh body mass",20,test
Chalcolestes,development,91,Days,37.43,milligram,"fresh body mass",20,test
Chalcolestes,development,85,Days,42.78,milligram,"fresh body mass",20,test
Chalcolestes,development,79,Days,23.38,milligram,"fresh body mass",20,test
Chalcolestes,development,88,Days,45.27,milligram,"fresh body mass",20,test
Chalcolestes,development,90,Days,45.24,milligram,"fresh body mass",20,test
Chalcolestes,development,"",Days,"",milligram,"fresh body mass",20,test
Chalcolestes,development,79,Days,30.41,milligram,"fresh body mass",20,test
Chalcolestes,development,"",Days,"",milligram,"fresh body mass",20,test
Chalcolestes,development,"",Days,"",milligram,"fresh body mass",20,test
Chalcolestes,development,"",Days,"",milligram,"fresh body mass",20,test
Chalcolestes,development,"",Days,36.78,milligram,"fresh body mass",20,test
Chalcolestes,development,77,Days,42.42,milligram,"fresh body mass",20,test
Chalcolestes,development,"",Days,"",milligram,"fresh body mass",20,test
Chalcolestes,development,72,Days,36.29,milligram,"fresh body mass",20,test
Chalcolestes,development,82,Days,42.15,milligram,"fresh body mass",20,test
Chalcolestes,development,80,Days,39.12,milligram,"fresh body mass",20,test
Chalcolestes,development,88,Days,43.34,milligram,"fresh body mass",20,test
Chalcolestes,development,79,Days,32.72,milligram,"fresh body mass",20,test
Chalcolestes,development,81,Days,31.99,milligram,"fresh body mass",20,test
Chalcolestes,development,89,Days,35.34,milligram,"fresh body mass",20,test
Chalcolestes,development,82,Days,"",milligram,"fresh body mass",20,test
Chalcolestes,development,"",Days,"",milligram,"fresh body mass",20,test
Chalcolestes,development,87,Days,44.64,milligram,"fresh body mass",20,test
Chalcolestes,development,"",Days,"",milligram,"fresh body mass",20,test
Chalcolestes,development,86,Days,38.07,milligram,"fresh body mass",20,test
Chalcolestes,development,"",Days,"",milligram,"fresh body mass",20,test
Chalcolestes,development,"",Days,"",milligram,"fresh body mass",20,test
Chalcolestes,development,76,Days,36.48,milligram,"fresh body mass",20,test
Chalcolestes,development,"",Days,"",milligram,"fresh body mass",20,test
Chalcolestes,development,79,Days,36.19,milligram,"fresh body mass",20,test
Chalcolestes,development,"",Days,"",milligram,"fresh body mass",20,test
Chalcolestes,development,"",Days,"",milligram,"fresh body mass",20,test
Chalcolestes,development,"",Days,"",milligram,"fresh body mass",20,test
Chalcolestes,development,77,Days,37.05,milligram,"fresh body mass",20,test
Chalcolestes,development,86,Days,37.43,milligram,"fresh body mass",20,test
Chalcolestes,development,"",Days,"",milligram,"fresh body mass",20,test
Chalcolestes,development,"",Days,"",milligram,"fresh body mass",20,test
Chalcolestes,development,86,Days,"",milligram,"fresh body mass",20,test
Chalcolestes,development,85,Days,34.12,milligram,"fresh body mass",20,test
Chalcolestes,development,80,Days,40.77,milligram,"fresh body mass",20,test
Chalcolestes,development,"",Days,"",milligram,"fresh body mass",20,test
Chalcolestes,development,"",Days,"",milligram,"fresh body mass",20,test
Chalcolestes,development,87,Days,35.42,milligram,"fresh body mass",20,test
Chalcolestes,development,88,Days,45.96,milligram,"fresh body mass",20,test
Chalcolestes,development,78,Days,28.51,milligram,"fresh body mass",20,test
Chalcolestes,development,"",Days,"",milligram,"fresh body mass",20,test
Chalcolestes,development,83,Days,41.71,milligram,"fresh body mass",20,test
Chalcolestes,development,"",Days,"",milligram,"fresh body mass",20,test
Chalcolestes,development,88,Days,38.17,milligram,"fresh body mass",20,test
Chalcolestes,development,"",Days,"",milligram,"fresh body mass",20,test
Chalcolestes,development,88,Days,38.21,milligram,"fresh body mass",20,test
Chalcolestes,development,77,Days,37.84,milligram,"fresh body mass",20,test
Chalcolestes,development,76,Days,38.43,milligram,"fresh body mass",20,test
Chalcolestes,development,"",Days,"",milligram,"fresh body mass",20,test
Chalcolestes,development,94,Days,"",milligram,"fresh body mass",20,test
Chalcolestes,development,86,Days,42.03,milligram,"fresh body mass",20,test
Chalcolestes,development,"",Days,"",milligram,"fresh body mass",20,test
Chalcolestes,development,"",Days,"",milligram,"fresh body mass",20,test
Chalcolestes,development,77,Days,29.74,milligram,"fresh body mass",20,test
Chalcolestes,development,"",Days,"",milligram,"fresh body mass",20,test
Chalcolestes,development,"",Days,"",milligram,"fresh body mass",20,test
Chalcolestes,development,75,Days,39.32,milligram,"fresh body mass",20,test
Chalcolestes,development,86,Days,35.01,milligram,"fresh body mass",20,test
Chalcolestes,development,80,Days,45.23,milligram,"fresh body mass",20,test
Chalcolestes,development,"",Days,"",milligram,"fresh body mass",20,test
Chalcolestes,development,"",Days,"",milligram,"fresh body mass",20,test
Chalcolestes,development,"",Days,"",milligram,"fresh body mass",20,test
Chalcolestes,development,76,Days,39.19,milligram,"fresh body mass",20,test
Chalcolestes,development,85,Days,38.14,milligram,"fresh body mass",20,test
Chalcolestes,development,87,Days,37.64,milligram,"fresh body mass",20,test
Chalcolestes,development,76,Days,41.16,milligram,"fresh body mass",20,test
Chalcolestes,development,"",Days,"",milligram,"fresh body mass",20,test
Chalcolestes,development,"",Days,"",milligram,"fresh body mass",20,test
Chalcolestes,development,76,Days,38.42,milligram,"fresh body mass",20,test
Chalcolestes,development,76,Days,42.52,milligram,"fresh body mass",20,test
Chalcolestes,development,80,Days,"",milligram,"fresh body mass",20,test
Chalcolestes,development,"",Days,"",milligram,"fresh body mass",20,test
Chalcolestes,development,"",Days,"",milligram,"fresh body mass",20,test
Chalcolestes,development,"",Days,"",milligram,"fresh body mass",20,test
Chalcolestes,development,"",Days,"",milligram,"fresh body mass",20,test
Chalcolestes,development,"",Days,"",milligram,"fresh body mass",20,test
Chalcolestes,development,85,Days,38.06,milligram,"fresh body mass",20,test
Chalcolestes,development,85,Days,35.65,milligram,"fresh body mass",20,test
Chalcolestes,development,"",Days,"",milligram,"fresh body mass",20,test
Chalcolestes,development,80,Days,49.04,milligram,"fresh body mass",20,test
Chalcolestes,development,80,Days,37.28,milligram,"fresh body mass",20,test
Chalcolestes,development,77,Days,32.74,milligram,"fresh body mass",20,test
Chalcolestes,development,84,Days,29.93,milligram,"fresh body mass",20,test
Chalcolestes,development,87,Days,37.73,milligram,"fresh body mass",20,test
Chalcolestes,development,76,Days,38.58,milligram,"fresh body mass",20,test
Chalcolestes,development,"",Days,"",milligram,"fresh body mass",20,test
Chalcolestes,development,87,Days,44.49,milligram,"fresh body mass",20,test
Chalcolestes,development,85,Days,38.08,milligram,"fresh body mass",20,test
Chalcolestes,development,86,Days,41.96,milligram,"fresh body mass",20,test
Chalcolestes,development,88,Days,42.56,milligram,"fresh body mass",20,test
Chalcolestes,development,"",Days,"",milligram,"fresh body mass",20,test
Chalcolestes,development,87,Days,49.48,milligram,"fresh body mass",20,test
Chalcolestes,development,80,Days,38.94,milligram,"fresh body mass",20,test
Chalcolestes,development,79,Days,38.17,milligram,"fresh body mass",20,test
Chalcolestes,development,77,Days,27.87,milligram,"fresh body mass",20,test
Chalcolestes,development,82,Days,38.2,milligram,"fresh body mass",20,test
Chalcolestes,development,"",Days,"",milligram,"fresh body mass",20,test
Chalcolestes,development,"",Days,"",milligram,"fresh body mass",20,test
Chalcolestes,development,"",Days,"",milligram,"fresh body mass",20,test
Chalcolestes,development,"",Days,"",milligram,"fresh body mass",20,test
Chalcolestes,development,"",Days,"",milligram,"fresh body mass",20,test
Chalcolestes,development,"",Days,"",milligram,"fresh body mass",20,test
Chalcolestes,development,77,Days,46.09,milligram,"fresh body mass",20,test
Chalcolestes,development,"",Days,"",milligram,"fresh body mass",20,test
Chalcolestes,development,"",Days,"",milligram,"fresh body mass",20,test
Chalcolestes,development,"",Days,"",milligram,"fresh body mass",20,test
Chalcolestes,development,82,Days,37.78,milligram,"fresh body mass",20,test
Chalcolestes,development,79,Days,44.11,milligram,"fresh body mass",20,test
Chalcolestes,development,71,Days,44.97,milligram,"fresh body mass",20,test
Chalcolestes,development,"",Days,"",milligram,"fresh body mass",20,test
Chalcolestes,development,"",Days,"",milligram,"fresh body mass",20,test
Chalcolestes,development,73,Days,38.62,milligram,"fresh body mass",20,test
Chalcolestes,development,83,Days,42.02,milligram,"fresh body mass",20,test
Chalcolestes,development,79,Days,38.3,milligram,"fresh body mass",20,test
Chalcolestes,development,73,Days,36.38,milligram,"fresh body mass",20,test
Chalcolestes,development,82,Days,42.88,milligram,"fresh body mass",20,test
Chalcolestes,development,"",Days,"",milligram,"fresh body mass",20,test
Chalcolestes,development,79,Days,44.38,milligram,"fresh body mass",20,test
Chalcolestes,development,85,Days,44.82,milligram,"fresh body mass",20,test
Chalcolestes,development,"",Days,"",milligram,"fresh body mass",20,test
Chalcolestes,development,"",Days,"",milligram,"fresh body mass",20,test
Chalcolestes,development,79,Days,43.2,milligram,"fresh body mass",20,test
Chalcolestes,development,"",Days,"",milligram,"fresh body mass",20,test
Chalcolestes,development,84,Days,38.46,milligram,"fresh body mass",20,test
Chalcolestes,development,75,Days,28.02,milligram,"fresh body mass",20,test
Chalcolestes,development,"",Days,"",milligram,"fresh body mass",20,test
Chalcolestes,development,74,Days,29.38,milligram,"fresh body mass",20,test
Chalcolestes,development,76,Days,32.68,milligram,"fresh body mass",20,test
Chalcolestes,development,"",Days,"",milligram,"fresh body mass",20,test
Chalcolestes,development,"",Days,"",milligram,"fresh body mass",20,test
Chalcolestes,development,74,Days,24.71,milligram,"fresh body mass",20,test
Chalcolestes,development,83,Days,4346,milligram,"fresh body mass",20,test
Chalcolestes,development,73,Days,37.15,milligram,"fresh body mass",20,test
Chalcolestes,development,76,Days,33.5,milligram,"fresh body mass",20,test
Chalcolestes,development,"",Days,"",milligram,"fresh body mass",20,test
Chalcolestes,development,74,Days,30.73,milligram,"fresh body mass",20,test
Chalcolestes,development,"",Days,"",milligram,"fresh body mass",20,test
Chalcolestes,development,79,Days,"",milligram,"fresh body mass",20,test
Chalcolestes,development,77,Days,45.08,milligram,"fresh body mass",20,test
Chalcolestes,development,74,Days,30.83,milligram,"fresh body mass",20,test
Chalcolestes,development,"",Days,"",milligram,"fresh body mass",20,test
Chalcolestes,development,79,Days,42.3,milligram,"fresh body mass",20,test
Chalcolestes,development,75,Days,33.08,milligram,"fresh body mass",20,test
Chalcolestes,development,"",Days,"",milligram,"fresh body mass",20,test
Chalcolestes,development,82,Days,38.98,milligram,"fresh body mass",20,test
Chalcolestes,development,79,Days,40.21,milligram,"fresh body mass",20,test
Chalcolestes,development,73,Days,34.77,milligram,"fresh body mass",20,test
Chalcolestes,development,"",Days,"",milligram,"fresh body mass",20,test
Chalcolestes,development,82,Days,34.23,milligram,"fresh body mass",20,test
Chalcolestes,development,"",Days,"",milligram,"fresh body mass",20,test
Chalcolestes,development,85,Days,42.91,milligram,"fresh body mass",20,test
Chalcolestes,development,"",Days,"",milligram,"fresh body mass",20,test
Chalcolestes,development,85,Days,43.45,milligram,"fresh body mass",20,test
Chalcolestes,development,82,Days,37.79,milligram,"fresh body mass",20,test
Chalcolestes,development,84,Days,37.71,milligram,"fresh body mass",20,test
Chalcolestes,development,"",Days,"",milligram,"fresh body mass",20,test
Chalcolestes,development,"",Days,"",milligram,"fresh body mass",20,test
Chalcolestes,development,"",Days,"",milligram,"fresh body mass",20,test
Chalcolestes,development,82,Days,55.49,milligram,"fresh body mass",20,test
Chalcolestes,development,"",Days,"",milligram,"fresh body mass",20,test
Chalcolestes,development,"",Days,"",milligram,"fresh body mass",20,test
Chalcolestes,development,80,Days,44.53,milligram,"fresh body mass",20,test
Chalcolestes,development,75,Days,34.6,milligram,"fresh body mass",20,test
Chalcolestes,development,"",Days,"",milligram,"fresh body mass",20,test
Chalcolestes,development,79,Days,40.7,milligram,"fresh body mass",20,test
Chalcolestes,development,74,Days,30.91,milligram,"fresh body mass",20,test
Chalcolestes,development,"",Days,"",milligram,"fresh body mass",20,test
Chalcolestes,development,"",Days,"",milligram,"fresh body mass",20,test
Chalcolestes,development,82,Days,36.39,milligram,"fresh body mass",20,test
Chalcolestes,development,"",Days,"",milligram,"fresh body mass",20,test
Chalcolestes,development,"",Days,"",milligram,"fresh body mass",20,test
Chalcolestes,development,77,Days,40.1,milligram,"fresh body mass",20,test
Chalcolestes,development,"",Days,"",milligram,"fresh body mass",20,test
Chalcolestes,development,"",Days,"",milligram,"fresh body mass",20,test
Chalcolestes,development,80,Days,42.4,milligram,"fresh body mass",20,test
Chalcolestes,development,"",Days,"",milligram,"fresh body mass",20,test
Chalcolestes,development,79,Days,42.68,milligram,"fresh body mass",20,test
Chalcolestes,development,74,Days,32.39,milligram,"fresh body mass",20,test
Chalcolestes,development,80,Days,40.08,milligram,"fresh body mass",20,test
Chalcolestes,development,74,Days,"",milligram,"fresh body mass",20,test
Chalcolestes,development,"",Days,"",milligram,"fresh body mass",20,test
Chalcolestes,development,76,Days,32.08,milligram,"fresh body mass",20,test
Chalcolestes,development,"",Days,"",milligram,"fresh body mass",20,test
Chalcolestes,development,82,Days,38.53,milligram,"fresh body mass",20,test
Chalcolestes,development,"",Days,"",milligram,"fresh body mass",20,test
Chalcolestes,development,90,Days,"",milligram,"fresh body mass",20,test
Chalcolestes,development,77,Days,46.38,milligram,"fresh body mass",20,test
Chalcolestes,development,"",Days,"",milligram,"fresh body mass",20,test
Chalcolestes,development,73,Days,37.13,milligram,"fresh body mass",20,test
Chalcolestes,development,72,Days,37.06,milligram,"fresh body mass",20,test
Chalcolestes,development,"",Days,"",milligram,"fresh body mass",20,test
Chalcolestes,development,73,Days,37.46,milligram,"fresh body mass",20,test
Chalcolestes,development,73,Days,40.98,milligram,"fresh body mass",20,test
Chalcolestes,development,"",Days,"",milligram,"fresh body mass",20,test
Chalcolestes,development,74,Days,29.49,milligram,"fresh body mass",20,test
Chalcolestes,development,"",Days,"",milligram,"fresh body mass",20,test
Chalcolestes,development,"",Days,"",milligram,"fresh body mass",20,test
Chalcolestes,development,79,Days,40.83,milligram,"fresh body mass",20,test
Chalcolestes,development,79,Days,42.16,milligram,"fresh body mass",20,test
Chalcolestes,development,83,Days,43.13,milligram,"fresh body mass",20,test
Chalcolestes,development,83,Days,47.17,milligram,"fresh body mass",20,test
Chalcolestes,development,"",Days,"",milligram,"fresh body mass",20,test
Chalcolestes,development,83,Days,36.79,milligram,"fresh body mass",20,test
Chalcolestes,development,"",Days,"",milligram,"fresh body mass",20,test
Chalcolestes,development,97,Days,39.43,milligram,"fresh body mass",20,test
Chalcolestes,development,"",Days,"",milligram,"fresh body mass",20,test
Chalcolestes,development,83,Days,36.37,milligram,"fresh body mass",20,test
Chalcolestes,development,"",Days,"",milligram,"fresh body mass",20,test
Chalcolestes,development,83,Days,43.18,milligram,"fresh body mass",20,test
Chalcolestes,development,"",Days,"",milligram,"fresh body mass",20,test
Chalcolestes,development,72,Days,36.06,milligram,"fresh body mass",20,test
Chalcolestes,development,"",Days,"",milligram,"fresh body mass",20,test
Chalcolestes,development,"",Days,"",milligram,"fresh body mass",20,test
Chalcolestes,development,"",Days,"",milligram,"fresh body mass",20,test
Chalcolestes,development,73,Days,31.71,milligram,"fresh body mass",20,test
Chalcolestes,development,"",Days,"",milligram,"fresh body mass",20,test
Chalcolestes,development,82,Days,41.44,milligram,"fresh body mass",20,test
Chalcolestes,development,76,Days,49.53,milligram,"fresh body mass",20,test
Chalcolestes,development,73,Days,32.91,milligram,"fresh body mass",20,test
Chalcolestes,development,"",Days,"",milligram,"fresh body mass",20,test
Chalcolestes,development,"",Days,"",milligram,"fresh body mass",20,test
Chalcolestes,development,76,Days,45.97,milligram,"fresh body mass",20,test
Chalcolestes,development,"",Days,"",milligram,"fresh body mass",20,test
Chalcolestes,development,"",Days,"",milligram,"fresh body mass",20,test
Chalcolestes,development,97,Days,"",milligram,"fresh body mass",20,test
Chalcolestes,development,"",Days,"",milligram,"fresh body mass",20,test
Chalcolestes,development,82,Days,"",milligram,"fresh body mass",20,test
Chalcolestes,development,97,Days,37.1,milligram,"fresh body mass",20,test
Chalcolestes,development,"",Days,"",milligram,"fresh body mass",20,test
Chalcolestes,development,"",Days,"",milligram,"fresh body mass",20,test
Chalcolestes,development,"",Days,"",milligram,"fresh body mass",20,test
Chalcolestes,development,"",Days,"",milligram,"fresh body mass",20,test
Chalcolestes,development,"",Days,"",milligram,"fresh body mass",20,test
Chalcolestes,development,"",Days,"",milligram,"fresh body mass",20,test
Chalcolestes,development,76,Days,"",milligram,"fresh body mass",20,test
Chalcolestes,development,"",Days,"",milligram,"fresh body mass",20,test
Chalcolestes,development,"",Days,"",milligram,"fresh body mass",20,test
Chalcolestes,development,91,Days,40.54,milligram,"fresh body mass",20,test
Chalcolestes,development,"",Days,"",milligram,"fresh body mass",20,test
Chalcolestes,development,95,Days,39.98,milligram,"fresh body mass",20,test
Chalcolestes,development,"",Days,"",milligram,"fresh body mass",20,test
Chalcolestes,development,"",Days,"",milligram,"fresh body mass",20,test
Chalcolestes,development,"",Days,"",milligram,"fresh body mass",20,test
Chalcolestes,development,"",Days,"",milligram,"fresh body mass",20,test
Chalcolestes,development,81,Days,40.49,milligram,"fresh body mass",20,test
Chalcolestes,development,"",Days,"",milligram,"fresh body mass",20,test
Chalcolestes,development,"",Days,"",milligram,"fresh body mass",20,test
Chalcolestes,development,"",Days,"",milligram,"fresh body mass",20,test
Chalcolestes,development,"",Days,"",milligram,"fresh body mass",20,test
Chalcolestes,development,"",Days,"",milligram,"fresh body mass",20,test
Chalcolestes,development,"",Days,"",milligram,"fresh body mass",20,test
Chalcolestes,development,79,Days,29.29,milligram,"fresh body mass",20,test
Chalcolestes,development,90,Days,"",milligram,"fresh body mass",20,test
Chalcolestes,development,"",Days,"",milligram,"fresh body mass",20,test
Chalcolestes,development,"",Days,"",milligram,"fresh body mass",20,test
Chalcolestes,development,83,Days,35.79,milligram,"fresh body mass",20,test
Chalcolestes,development,"",Days,"",milligram,"fresh body mass",20,test
Chalcolestes,development,"",Days,"",milligram,"fresh body mass",20,test
Chalcolestes,development,"",Days,"",milligram,"fresh body mass",20,test
Chalcolestes,development,"",Days,"",milligram,"fresh body mass",20,test
Chalcolestes,development,"",Days,"",milligram,"fresh body mass",20,test
Chalcolestes,development,"",Days,"",milligram,"fresh body mass",20,test
Chalcolestes,development,93,Days,"",milligram,"fresh body mass",20,test
Chalcolestes,development,"",Days,"",milligram,"fresh body mass",20,test
Chalcolestes,development,"",Days,"",milligram,"fresh body mass",20,test
Chalcolestes,development,93,Days,34.22,milligram,"fresh body mass",20,test
Chalcolestes,development,90,Days,"",milligram,"fresh body mass",20,test
Chalcolestes,development,83,Days,57.95,milligram,"fresh body mass",20,test
Chalcolestes,development,"",Days,"",milligram,"fresh body mass",20,test
Chalcolestes,development,81,Days,39.22,milligram,"fresh body mass",20,test
Chalcolestes,development,94,Days,40.57,milligram,"fresh body mass",20,test
Chalcolestes,development,"",Days,"",milligram,"fresh body mass",20,test
Chalcolestes,development,"",Days,"",milligram,"fresh body mass",20,test
Chalcolestes,development,"",Days,"",milligram,"fresh body mass",20,test
Chalcolestes,development,96,Days,"",milligram,"fresh body mass",20,test
Chalcolestes,development,93,Days,36.95,milligram,"fresh body mass",20,test
Chalcolestes,development,"",Days,"",milligram,"fresh body mass",20,test
Chalcolestes,development,81,Days,43.75,milligram,"fresh body mass",20,test
Chalcolestes,development,"",Days,"",milligram,"fresh body mass",20,test
Chalcolestes,development,"",Days,"",milligram,"fresh body mass",20,test
Chalcolestes,development,91,Days,44.19,milligram,"fresh body mass",20,test
Chalcolestes,development,96,Days,44.54,milligram,"fresh body mass",20,test
Chalcolestes,development,"",Days,"",milligram,"fresh body mass",20,test
Chalcolestes,development,89,Days,43.29,milligram,"fresh body mass",20,test
Chalcolestes,development,"",Days,"",milligram,"fresh body mass",20,test
Chalcolestes,development,"",Days,"",milligram,"fresh body mass",20,test
Chalcolestes,development,"",Days,"",milligram,"fresh body mass",20,test
Chalcolestes,development,"",Days,"",milligram,"fresh body mass",20,test
Chalcolestes,development,"",Days,"",milligram,"fresh body mass",20,test
Chalcolestes,development,"",Days,"",milligram,"fresh body mass",20,test
Chalcolestes,development,"",Days,"",milligram,"fresh body mass",20,test
Chalcolestes,development,"",Days,"",milligram,"fresh body mass",20,test
Chalcolestes,development,95,Days,43.22,milligram,"fresh body mass",20,test
Chalcolestes,development,90,Days,37.87,milligram,"fresh body mass",20,test
Chalcolestes,development,"",Days,"",milligram,"fresh body mass",20,test
Chalcolestes,development,"",Days,"",milligram,"fresh body mass",20,test
Chalcolestes,development,"",Days,"",milligram,"fresh body mass",20,test
Chalcolestes,development,95,Days,40.04,milligram,"fresh body mass",20,test
Chalcolestes,development,95,Days,37.43,milligram,"fresh body mass",20,test
Chalcolestes,development,91,Days,39.37,milligram,"fresh body mass",20,test
Chalcolestes,development,82,Days,"",milligram,"fresh body mass",20,test
Chalcolestes,development,"",Days,"",milligram,"fresh body mass",20,test
Chalcolestes,development,91,Days,42.43,milligram,"fresh body mass",20,test
Chalcolestes,development,101,Days,"",milligram,"fresh body mass",20,test
Chalcolestes,development,93,Days,42.81,milligram,"fresh body mass",20,test
Chalcolestes,development,"",Days,"",milligram,"fresh body mass",20,test
Chalcolestes,development,94,Days,41.6,milligram,"fresh body mass",20,test
Chalcolestes,development,"",Days,"",milligram,"fresh body mass",20,test
Chalcolestes,development,"",Days,"",milligram,"fresh body mass",20,test
Chalcolestes,development,95,Days,41.52,milligram,"fresh body mass",20,test
Chalcolestes,development,"",Days,"",milligram,"fresh body mass",20,test
Chalcolestes,development,86,Days,"",milligram,"fresh body mass",20,test
Chalcolestes,development,"",Days,"",milligram,"fresh body mass",20,test
Chalcolestes,development,"",Days,"",milligram,"fresh body mass",20,test
Chalcolestes,development,"",Days,"",milligram,"fresh body mass",20,test
Chalcolestes,development,"",Days,"",milligram,"fresh body mass",20,test
Chalcolestes,development,"",Days,"",milligram,"fresh body mass",20,test
Chalcolestes,development,"",Days,"",milligram,"fresh body mass",20,test
Chalcolestes,development,82,Days,36.73,milligram,"fresh body mass",20,test
Chalcolestes,development,"",Days,"",milligram,"fresh body mass",20,test
Chalcolestes,development,"",Days,"",milligram,"fresh body mass",20,test
Chalcolestes,development,90,Days,39.08,milligram,"fresh body mass",20,test
Chalcolestes,development,"",Days,"",milligram,"fresh body mass",20,test
Chalcolestes,development,80,Days,33.32,milligram,"fresh body mass",20,test
Chalcolestes,development,"",Days,"",milligram,"fresh body mass",20,test
Chalcolestes,development,"",Days,"",milligram,"fresh body mass",20,test
Chalcolestes,development,"",Days,"",milligram,"fresh body mass",20,test
Chalcolestes,development,86,Days,"",milligram,"fresh body mass",20,test
Chalcolestes,development,90,Days,"",milligram,"fresh body mass",20,test
Chalcolestes,development,92,Days,39.67,milligram,"fresh body mass",20,test
Chalcolestes,development,78,Days,"",milligram,"fresh body mass",20,test
Chalcolestes,development,93,Days,36.78,milligram,"fresh body mass",20,test
Chalcolestes,development,78,Days,41.83,milligram,"fresh body mass",20,test
Chalcolestes,development,"",Days,"",milligram,"fresh body mass",20,test
Chalcolestes,development,97,Days,42.26,milligram,"fresh body mass",20,test
Chalcolestes,development,"",Days,"",milligram,"fresh body mass",20,test
Chalcolestes,development,91,Days,45.97,milligram,"fresh body mass",20,test
Chalcolestes,development,87,Days,45.23,milligram,"fresh body mass",20,test
Chalcolestes,development,90,Days,46.5,milligram,"fresh body mass",20,test
Chalcolestes,development,"",Days,"",milligram,"fresh body mass",20,test
Chalcolestes,development,"",Days,"",milligram,"fresh body mass",20,test
Chalcolestes,development,"",Days,"",milligram,"fresh body mass",20,test
Chalcolestes,development,"",Days,"",milligram,"fresh body mass",20,test
Chalcolestes,development,83,Days,"",milligram,"fresh body mass",20,test
Chalcolestes,development,"",Days,"",milligram,"fresh body mass",20,test
Chalcolestes,development,"",Days,"",milligram,"fresh body mass",20,test
Chalcolestes,development,"",Days,"",milligram,"fresh body mass",20,test
Chalcolestes,development,"",Days,"",milligram,"fresh body mass",20,test
Chalcolestes,development,"",Days,"",milligram,"fresh body mass",20,test
Chalcolestes,development,"",Days,"",milligram,"fresh body mass",20,test
Chalcolestes,development,"",Days,"",milligram,"fresh body mass",20,test
Chalcolestes,development,"",Days,"",milligram,"fresh body mass",20,test
Chalcolestes,development,87,Days,52.04,milligram,"fresh body mass",20,test
Chalcolestes,development,76,Days,42.41,milligram,"fresh body mass",20,test
Chalcolestes,development,"",Days,"",milligram,"fresh body mass",20,test
Chalcolestes,development,92,Days,"",milligram,"fresh body mass",20,test
Chalcolestes,development,"",Days,"",milligram,"fresh body mass",20,test
Chalcolestes,development,"",Days,"",milligram,"fresh body mass",20,test
Chalcolestes,development,75,Days,37.13,milligram,"fresh body mass",20,test
Chalcolestes,development,"",Days,"",milligram,"fresh body mass",20,test
Chalcolestes,development,90,Days,"",milligram,"fresh body mass",20,test
Chalcolestes,development,90,Days,41.16,milligram,"fresh body mass",20,test
Chalcolestes,development,111,Days,33.75,milligram,"fresh body mass",20,test
Chalcolestes,development,111,Days,"",milligram,"fresh body mass",20,test
Chalcolestes,development,114,Days,"",milligram,"fresh body mass",20,test
Chalcolestes,development,97,Days,34.48,milligram,"fresh body mass",20,test
Chalcolestes,development,96,Days,30.79,milligram,"fresh body mass",20,test
Chalcolestes,development,116,Days,29.14,milligram,"fresh body mass",20,test
Chalcolestes,development,101,Days,"",milligram,"fresh body mass",20,test
Chalcolestes,development,114,Days,"",milligram,"fresh body mass",20,test
Chalcolestes,development,94,Days,30.42,milligram,"fresh body mass",20,test
Chalcolestes,development,99,Days,"",milligram,"fresh body mass",20,test
Chalcolestes,development,117,Days,"",milligram,"fresh body mass",20,test
Chalcolestes,development,108,Days,29.53,milligram,"fresh body mass",20,test
Chalcolestes,development,"",Days,"",milligram,"fresh body mass",20,test
Chalcolestes,development,92,Days,36.98,milligram,"fresh body mass",20,test
Chalcolestes,development,99,Days,"",milligram,"fresh body mass",20,test
Chalcolestes,development,"",Days,"",milligram,"fresh body mass",20,test
Chalcolestes,development,"",Days,"",milligram,"fresh body mass",20,test
Chalcolestes,development,"",Days,"",milligram,"fresh body mass",20,test
Chalcolestes,development,"",Days,"",milligram,"fresh body mass",20,test
Chalcolestes,development,"",Days,"",milligram,"fresh body mass",20,test
Chalcolestes,development,92,Days,32.18,milligram,"fresh body mass",20,test
Chalcolestes,development,115,Days,"",milligram,"fresh body mass",20,test
Chalcolestes,development,94,Days,"",milligram,"fresh body mass",20,test
Chalcolestes,development,100,Days,"",milligram,"fresh body mass",20,test
Chalcolestes,development,102,Days,36.6,milligram,"fresh body mass",20,test
Chalcolestes,development,93,Days,24.91,milligram,"fresh body mass",20,test
Chalcolestes,development,99,Days,27.28,milligram,"fresh body mass",20,test
Chalcolestes,development,97,Days,"",milligram,"fresh body mass",20,test
Chalcolestes,development,90,Days,34.19,milligram,"fresh body mass",20,test
Chalcolestes,development,98,Days,33.31,milligram,"fresh body mass",20,test
Chalcolestes,development,"",Days,"",milligram,"fresh body mass",20,test
Chalcolestes,development,96,Days,38.81,milligram,"fresh body mass",20,test
Chalcolestes,development,"",Days,"",milligram,"fresh body mass",20,test
Chalcolestes,development,105,Days,"",milligram,"fresh body mass",20,test
Chalcolestes,development,97,Days,36.81,milligram,"fresh body mass",20,test
Chalcolestes,development,94,Days,32.04,milligram,"fresh body mass",20,test
Chalcolestes,development,113,Days,"",milligram,"fresh body mass",20,test
Chalcolestes,development,96,Days,31.9,milligram,"fresh body mass",20,test
Chalcolestes,development,113,Days,34.41,milligram,"fresh body mass",20,test
Chalcolestes,development,"",Days,"",milligram,"fresh body mass",20,test
Chalcolestes,development,101,Days,"",milligram,"fresh body mass",20,test
Chalcolestes,development,93,Days,20.89,milligram,"fresh body mass",20,test
Chalcolestes,development,113,Days,32.9,milligram,"fresh body mass",20,test
Chalcolestes,development,97,Days,34.46,milligram,"fresh body mass",20,test
Chalcolestes,development,113,Days,"",milligram,"fresh body mass",20,test
Chalcolestes,development,"",Days,"",milligram,"fresh body mass",20,test
Chalcolestes,development,90,Days,33.18,milligram,"fresh body mass",20,test
Chalcolestes,development,101,Days,35.94,milligram,"fresh body mass",20,test
Chalcolestes,development,111,Days,37.31,milligram,"fresh body mass",20,test
Chalcolestes,development,114,Days,"",milligram,"fresh body mass",20,test
Chalcolestes,development,112,Days,33.27,milligram,"fresh body mass",20,test
Chalcolestes,development,90,Days,34.8,milligram,"fresh body mass",20,test
Chalcolestes,development,103,Days,36.6,milligram,"fresh body mass",20,test
Chalcolestes,development,"",Days,"",milligram,"fresh body mass",20,test
Chalcolestes,development,115,Days,"",milligram,"fresh body mass",20,test
Chalcolestes,development,97,Days,36.79,milligram,"fresh body mass",20,test
Chalcolestes,development,"",Days,"",milligram,"fresh body mass",20,test
Chalcolestes,development,99,Days,33.65,milligram,"fresh body mass",20,test
Chalcolestes,development,90,Days,38.2,milligram,"fresh body mass",20,test
Chalcolestes,development,112,Days,31.66,milligram,"fresh body mass",20,test
Chalcolestes,development,112,Days,30.41,milligram,"fresh body mass",20,test
Chalcolestes,development,112,Days,"",milligram,"fresh body mass",20,test
Chalcolestes,development,92,Days,28.03,milligram,"fresh body mass",20,test
Chalcolestes,development,90,Days,33.63,milligram,"fresh body mass",20,test
Chalcolestes,development,114,Days,30.21,milligram,"fresh body mass",20,test
Chalcolestes,development,104,Days,39.33,milligram,"fresh body mass",20,test
Chalcolestes,development,104,Days,37.97,milligram,"fresh body mass",20,test
Chalcolestes,development,100,Days,32.72,milligram,"fresh body mass",20,test
Chalcolestes,development,102,Days,32.98,milligram,"fresh body mass",20,test
Chalcolestes,development,91,Days,24.72,milligram,"fresh body mass",20,test
Chalcolestes,development,94,Days,33.79,milligram,"fresh body mass",20,test
Chalcolestes,development,"",Days,"",milligram,"fresh body mass",20,test
Chalcolestes,development,93,Days,34.29,milligram,"fresh body mass",20,test
Chalcolestes,development,"",Days,"",milligram,"fresh body mass",20,test
Chalcolestes,development,110,Days,36.91,milligram,"fresh body mass",20,test
Chalcolestes,development,110,Days,"",milligram,"fresh body mass",20,test
Chalcolestes,development,92,Days,32.67,milligram,"fresh body mass",20,test
Chalcolestes,development,101,Days,37.71,milligram,"fresh body mass",20,test
Chalcolestes,development,99,Days,"",milligram,"fresh body mass",20,test
Chalcolestes,development,111,Days,37.01,milligram,"fresh body mass",20,test
Chalcolestes,development,110,Days,39.6,milligram,"fresh body mass",20,test
Chalcolestes,development,111,Days,"",milligram,"fresh body mass",20,test
Chalcolestes,development,112,Days,"",milligram,"fresh body mass",20,test
Chalcolestes,development,113,Days,"",milligram,"fresh body mass",20,test
Chalcolestes,development,"",Days,"",milligram,"fresh body mass",20,test
Chalcolestes,development,110,Days,28.88,milligram,"fresh body mass",20,test
Chalcolestes,development,110,Days,"",milligram,"fresh body mass",20,test
Chalcolestes,development,"",Days,"",milligram,"fresh body mass",20,test
Chalcolestes,development,109,Days,"",milligram,"fresh body mass",20,test
Chalcolestes,development,90,Days,36.03,milligram,"fresh body mass",20,test
Chalcolestes,development,100,Days,32.09,milligram,"fresh body mass",20,test
Chalcolestes,development,"",Days,"",milligram,"fresh body mass",20,test
Chalcolestes,development,113,Days,"",milligram,"fresh body mass",20,test
Chalcolestes,development,112,Days,"",milligram,"fresh body mass",20,test
Chalcolestes,development,103,Days,41.7,milligram,"fresh body mass",20,test
Chalcolestes,development,"",Days,"",milligram,"fresh body mass",20,test
Chalcolestes,development,113,Days,"",milligram,"fresh body mass",20,test
Chalcolestes,development,92,Days,36.78,milligram,"fresh body mass",20,test
Chalcolestes,development,111,Days,34.25,milligram,"fresh body mass",20,test
Chalcolestes,development,112,Days,31.21,milligram,"fresh body mass",20,test
Chalcolestes,development,"",Days,"",milligram,"fresh body mass",20,test
Chalcolestes,development,"",Days,"",milligram,"fresh body mass",20,test
Chalcolestes,development,"",Days,"",milligram,"fresh body mass",20,test
Chalcolestes,development,110,Days,"",milligram,"fresh body mass",20,test
Chalcolestes,development,98,Days,35.85,milligram,"fresh body mass",20,test
Chalcolestes,development,112,Days,"",milligram,"fresh body mass",20,test
Chalcolestes,development,"",Days,"",milligram,"fresh body mass",20,test
Chalcolestes,development,96,Days,34.25,milligram,"fresh body mass",20,test
Chalcolestes,development,"",Days,"",milligram,"fresh body mass",20,test
Chalcolestes,development,112,Days,"",milligram,"fresh body mass",20,test
Chalcolestes,development,113,Days,33.43,milligram,"fresh body mass",20,test
Chalcolestes,development,91,Days,29.78,milligram,"fresh body mass",20,test
Chalcolestes,development,113,Days,"",milligram,"fresh body mass",20,test
Chalcolestes,development,113,Days,"",milligram,"fresh body mass",20,test
Chalcolestes,development,"",Days,"",milligram,"fresh body mass",20,test
Chalcolestes,development,113,Days,26.04,milligram,"fresh body mass",20,test
Chalcolestes,development,"",Days,"",milligram,"fresh body mass",20,test
Chalcolestes,development,94,Days,29.4,milligram,"fresh body mass",20,test
Chalcolestes,development,105,Days,32.86,milligram,"fresh body mass",20,test
Chalcolestes,development,105,Days,"",milligram,"fresh body mass",20,test
Chalcolestes,development,90,Days,23.06,milligram,"fresh body mass",20,test
Chalcolestes,development,"",Days,"",milligram,"fresh body mass",20,test
Chalcolestes,development,97,Days,3037,milligram,"fresh body mass",20,test
Chalcolestes,development,103,Days,39.87,milligram,"fresh body mass",20,test
Chalcolestes,development,92,Days,32.32,milligram,"fresh body mass",20,test
Chalcolestes,development,107,Days,35.36,milligram,"fresh body mass",20,test
Chalcolestes,development,95,Days,36.73,milligram,"fresh body mass",20,test
Chalcolestes,development,96,Days,31.24,milligram,"fresh body mass",20,test
Chalcolestes,development,111,Days,"",milligram,"fresh body mass",20,test
Chalcolestes,development,109,Days,38.9,milligram,"fresh body mass",20,test
Chalcolestes,development,92,Days,30.18,milligram,"fresh body mass",20,test
Chalcolestes,development,88,Days,32.85,milligram,"fresh body mass",20,test
Chalcolestes,development,106,Days,31.08,milligram,"fresh body mass",20,test
Chalcolestes,development,"",Days,"",milligram,"fresh body mass",20,test
Chalcolestes,development,112,Days,28.08,milligram,"fresh body mass",20,test
Chalcolestes,development,112,Days,"",milligram,"fresh body mass",20,test
Chalcolestes,development,90,Days,24.86,milligram,"fresh body mass",20,test
Chalcolestes,development,112,Days,"",milligram,"fresh body mass",20,test
Chalcolestes,development,"",Days,"",milligram,"fresh body mass",20,test
Chalcolestes,development,95,Days,34.6,milligram,"fresh body mass",20,test
Chalcolestes,development,95,Days,"",milligram,"fresh body mass",20,test
Chalcolestes,development,94,Days,33.93,milligram,"fresh body mass",20,test
Chalcolestes,development,94,Days,"",milligram,"fresh body mass",20,test
Chalcolestes,development,95,Days,32.32,milligram,"fresh body mass",20,test
Chalcolestes,development,110,Days,"",milligram,"fresh body mass",20,test
Chalcolestes,development,107,Days,"",milligram,"fresh body mass",20,test
Chalcolestes,development,112,Days,"",milligram,"fresh body mass",20,test
Chalcolestes,development,99,Days,"",milligram,"fresh body mass",20,test
Chalcolestes,development,94,Days,33.32,milligram,"fresh body mass",20,test
Chalcolestes,development,112,Days,"",milligram,"fresh body mass",20,test
Chalcolestes,development,95,Days,30.46,milligram,"fresh body mass",20,test
Chalcolestes,development,102,Days,34.28,milligram,"fresh body mass",20,test
Chalcolestes,development,112,Days,"",milligram,"fresh body mass",20,test
Chalcolestes,development,109,Days,34.48,milligram,"fresh body mass",20,test
Chalcolestes,development,113,Days,"",milligram,"fresh body mass",20,test
Chalcolestes,development,109,Days,35.83,milligram,"fresh body mass",20,test
Chalcolestes,development,91,Days,29.24,milligram,"fresh body mass",20,test
Chalcolestes,development,102,Days,35.15,milligram,"fresh body mass",20,test
Chalcolestes,development,101,Days,42.68,milligram,"fresh body mass",20,test
Chalcolestes,development,110,Days,"",milligram,"fresh body mass",20,test
Chalcolestes,development,"",Days,"",milligram,"fresh body mass",20,test
Chalcolestes,development,113,Days,27.57,milligram,"fresh body mass",20,test
Chalcolestes,development,108,Days,34.24,milligram,"fresh body mass",20,test
Chalcolestes,development,112,Days,29.86,milligram,"fresh body mass",20,test
Chalcolestes,development,99,Days,"",milligram,"fresh body mass",20,test
Chalcolestes,development,91,Days,31.88,milligram,"fresh body mass",20,test
Chalcolestes,development,89,Days,33.07,milligram,"fresh body mass",20,test
Chalcolestes,development,107,Days,32.8,milligram,"fresh body mass",20,test
Chalcolestes,development,"",Days,"",milligram,"fresh body mass",20,test
Chalcolestes,development,96,Days,"",milligram,"fresh body mass",20,test
Chalcolestes,development,98,Days,26.83,milligram,"fresh body mass",20,test
Chalcolestes,development,117,Days,36.16,milligram,"fresh body mass",20,test
Chalcolestes,development,114,Days,"",milligram,"fresh body mass",20,test
Chalcolestes,development,"",Days,"",milligram,"fresh body mass",20,test
Chalcolestes,development,100,Days,34.69,milligram,"fresh body mass",20,test
Chalcolestes,development,88,Days,28.51,milligram,"fresh body mass",20,test
Chalcolestes,development,110,Days,30.57,milligram,"fresh body mass",20,test
Chalcolestes,development,"",Days,"",milligram,"fresh body mass",20,test
Chalcolestes,development,107,Days,34.05,milligram,"fresh body mass",20,test
Chalcolestes,development,108,Days,"",milligram,"fresh body mass",20,test
Chalcolestes,development,94,Days,28.06,milligram,"fresh body mass",20,test
Chalcolestes,development,106,Days,34.59,milligram,"fresh body mass",20,test
Chalcolestes,development,"",Days,"",milligram,"fresh body mass",20,test
Chalcolestes,development,98,Days,"",milligram,"fresh body mass",20,test
Chalcolestes,development,"",Days,"",milligram,"fresh body mass",20,test
Chalcolestes,development,108,Days,24.89,milligram,"fresh body mass",20,test
Chalcolestes,development,104,Days,"",milligram,"fresh body mass",20,test
Chalcolestes,development,106,Days,29.85,milligram,"fresh body mass",20,test
Chalcolestes,development,106,Days,"",milligram,"fresh body mass",20,test
Chalcolestes,development,102,Days,34.05,milligram,"fresh body mass",20,test
Chalcolestes,development,107,Days,"",milligram,"fresh body mass",20,test
Chalcolestes,development,"",Days,"",milligram,"fresh body mass",20,test
Chalcolestes,development,"",Days,"",milligram,"fresh body mass",20,test
Chalcolestes,development,108,Days,"",milligram,"fresh body mass",20,test
Chalcolestes,development,109,Days,"",milligram,"fresh body mass",20,test
Chalcolestes,development,106,Days,"",milligram,"fresh body mass",20,test
Chalcolestes,development,"",Days,"",milligram,"fresh body mass",20,test
Chalcolestes,development,"",Days,"",milligram,"fresh body mass",20,test
Chalcolestes,development,109,Days,30.01,milligram,"fresh body mass",20,test
Chalcolestes,development,110,Days,34.29,milligram,"fresh body mass",20,test
Chalcolestes,development,"",Days,"",milligram,"fresh body mass",20,test
Chalcolestes,development,"",Days,"",milligram,"fresh body mass",20,test
Chalcolestes,development,103,Days,34.02,milligram,"fresh body mass",20,test
Chalcolestes,development,114,Days,32.01,milligram,"fresh body mass",20,test
Chalcolestes,development,88,Days,25.36,milligram,"fresh body mass",20,test
Chalcolestes,development,105,Days,"",milligram,"fresh body mass",20,test
Chalcolestes,development,107,Days,33.23,milligram,"fresh body mass",20,test
Chalcolestes,development,"",Days,"",milligram,"fresh body mass",20,test
Chalcolestes,development,108,Days,"",milligram,"fresh body mass",20,test
Chalcolestes,development,"",Days,"",milligram,"fresh body mass",20,test
Chalcolestes,development,93,Days,"",milligram,"fresh body mass",20,test
Chalcolestes,development,96,Days,29.96,milligram,"fresh body mass",20,test
Chalcolestes,development,111,Days,"",milligram,"fresh body mass",20,test
Chalcolestes,development,102,Days,"",milligram,"fresh body mass",20,test
Chalcolestes,development,95,Days,"",milligram,"fresh body mass",20,test
Chalcolestes,development,85,Days,31.95,milligram,"fresh body mass",20,test
Chalcolestes,development,113,Days,"",milligram,"fresh body mass",20,test
Chalcolestes,development,92,Days,31.88,milligram,"fresh body mass",20,test
Chalcolestes,development,"",Days,"",milligram,"fresh body mass",20,test
Chalcolestes,development,99,Days,"",milligram,"fresh body mass",20,test
Chalcolestes,development,109,Days,"",milligram,"fresh body mass",20,test
Chalcolestes,development,105,Days,"",milligram,"fresh body mass",20,test
Chalcolestes,development,94,Days,41.02,milligram,"fresh body mass",20,test
Chalcolestes,development,110,Days,"",milligram,"fresh body mass",20,test
Chalcolestes,development,109,Days,"",milligram,"fresh body mass",20,test
Chalcolestes,development,93,Days,"",milligram,"fresh body mass",20,test
Chalcolestes,development,107,Days,"",milligram,"fresh body mass",20,test
Chalcolestes,development,116,Days,"",milligram,"fresh body mass",20,test
Chalcolestes,development,103,Days,29.87,milligram,"fresh body mass",20,test
Chalcolestes,development,93,Days,28.87,milligram,"fresh body mass",20,test
Chalcolestes,development,"",Days,"",milligram,"fresh body mass",20,test
Chalcolestes,development,"",Days,"",milligram,"fresh body mass",20,test
Chalcolestes,development,"",Days,"",milligram,"fresh body mass",20,test
Chalcolestes,development,111,Days,"",milligram,"fresh body mass",20,test
Chalcolestes,development,94,Days,34.65,milligram,"fresh body mass",20,test
Chalcolestes,development,"",Days,"",milligram,"fresh body mass",20,test
Chalcolestes,development,106,Days,38.92,milligram,"fresh body mass",20,test
Chalcolestes,development,104,Days,35.12,milligram,"fresh body mass",20,test
Chalcolestes,development,"",Days,"",milligram,"fresh body mass",20,test
Chalcolestes,development,105,Days,"",milligram,"fresh body mass",20,test
Chalcolestes,development,"",Days,"",milligram,"fresh body mass",20,test
Chalcolestes,development,104,Days,"",milligram,"fresh body mass",20,test
Chalcolestes,development,111,Days,"",milligram,"fresh body mass",20,test
Chalcolestes,development,105,Days,"",milligram,"fresh body mass",20,test
Chalcolestes,development,"",Days,"",milligram,"fresh body mass",20,test
Chalcolestes,development,113,Days,35.28,milligram,"fresh body mass",20,test
Chalcolestes,development,114,Days,31.64,milligram,"fresh body mass",20,test
Chalcolestes,development,113,Days,"",milligram,"fresh body mass",20,test
Chalcolestes,development,112,Days,"",milligram,"fresh body mass",20,test
Chalcolestes,development,89,Days,32.21,milligram,"fresh body mass",20,test
Chalcolestes,development,103,Days,34.55,milligram,"fresh body mass",20,test
Chalcolestes,development,109,Days,"",milligram,"fresh body mass",20,test
Chalcolestes,development,102,Days,31.8,milligram,"fresh body mass",20,test
Chalcolestes,development,"",Days,"",milligram,"fresh body mass",20,test
Chalcolestes,development,85,Days,32.01,milligram,"fresh body mass",20,test
Chalcolestes,development,106,Days,38.25,milligram,"fresh body mass",20,test
Chalcolestes,development,92,Days,37.47,milligram,"fresh body mass",20,test
Chalcolestes,development,100,Days,33.02,milligram,"fresh body mass",20,test
Chalcolestes,development,103,Days,36.76,milligram,"fresh body mass",20,test
Chalcolestes,development,"",Days,"",milligram,"fresh body mass",20,test
Chalcolestes,development,"",Days,"",milligram,"fresh body mass",20,test
Chalcolestes,development,"",Days,"",milligram,"fresh body mass",20,test
Chalcolestes,development,103,Days,"",milligram,"fresh body mass",20,test
Chalcolestes,development,104,Days,"",milligram,"fresh body mass",20,test
Chalcolestes,development,105,Days,"",milligram,"fresh body mass",20,test
Chalcolestes,development,97,Days,36.32,milligram,"fresh body mass",20,test
Chalcolestes,development,90,Days,33.55,milligram,"fresh body mass",20,test
Chalcolestes,development,98,Days,35.57,milligram,"fresh body mass",20,test
Chalcolestes,development,84,Days,32.4,milligram,"fresh body mass",20,test
Chalcolestes,development,98,Days,40.56,milligram,"fresh body mass",20,test
Chalcolestes,development,93,Days,"",milligram,"fresh body mass",20,test
Chalcolestes,development,"",Days,"",milligram,"fresh body mass",20,test
Chalcolestes,development,95,Days,28.86,milligram,"fresh body mass",20,test
Chalcolestes,development,"",Days,"",milligram,"fresh body mass",20,test
Chalcolestes,development,104,Days,38.23,milligram,"fresh body mass",20,test
Chalcolestes,development,102,Days,"",milligram,"fresh body mass",20,test
Chalcolestes,development,107,Days,"",milligram,"fresh body mass",20,test
Chalcolestes,development,91,Days,38.74,milligram,"fresh body mass",20,test
Chalcolestes,development,104,Days,39.22,milligram,"fresh body mass",20,test
Chalcolestes,development,97,Days,35.34,milligram,"fresh body mass",20,test
Chalcolestes,development,"",Days,"",milligram,"fresh body mass",20,test
Chalcolestes,development,105,Days,"",milligram,"fresh body mass",20,test
Chalcolestes,development,84,Days,"",milligram,"fresh body mass",20,test
Chalcolestes,development,104,Days,41.43,milligram,"fresh body mass",20,test
Chalcolestes,development,107,Days,"",milligram,"fresh body mass",20,test
Chalcolestes,development,107,Days,"",milligram,"fresh body mass",20,test
Chalcolestes,development,116,Days,"",milligram,"fresh body mass",20,test
Chalcolestes,development,"",Days,"",milligram,"fresh body mass",20,test
Chalcolestes,development,"",Days,"",milligram,"fresh body mass",20,test
Chalcolestes,development,106,Days,"",milligram,"fresh body mass",20,test
Chalcolestes,development,"",Days,"",milligram,"fresh body mass",20,test
Chalcolestes,development,89,Days,32.27,milligram,"fresh body mass",20,test
Chalcolestes,development,104,Days,"",milligram,"fresh body mass",20,test
Chalcolestes,development,"",Days,"",milligram,"fresh body mass",20,test
Chalcolestes,development,99,Days,39.53,milligram,"fresh body mass",20,test
Chalcolestes,development,"",Days,"",milligram,"fresh body mass",20,test
Chalcolestes,development,"",Days,"",milligram,"fresh body mass",20,test
Chalcolestes,development,108,Days,"",milligram,"fresh body mass",20,test
Chalcolestes,development,89,Days,34.02,milligram,"fresh body mass",20,test
Chalcolestes,development,97,Days,36.84,milligram,"fresh body mass",20,test
Chalcolestes,development,110,Days,"",milligram,"fresh body mass",20,test
Chalcolestes,development,106,Days,39.31,milligram,"fresh body mass",20,test
Chalcolestes,development,109,Days,26.87,milligram,"fresh body mass",20,test
Chalcolestes,development,108,Days,35.57,milligram,"fresh body mass",20,test
Chalcolestes,development,111,Days,"",milligram,"fresh body mass",20,test
Chalcolestes,development,"",Days,"",milligram,"fresh body mass",20,test
Chalcolestes,development,114,Days,35.55,milligram,"fresh body mass",20,test
Chalcolestes,development,110,Days,"",milligram,"fresh body mass",20,test
Chalcolestes,development,97,Days,"",milligram,"fresh body mass",20,test
Chalcolestes,development,105,Days,"",milligram,"fresh body mass",20,test
Chalcolestes,development,"",Days,"",milligram,"fresh body mass",20,test
Chalcolestes,development,120,Days,31.23,milligram,"fresh body mass",20,test
Chalcolestes,development,103,Days,34.99,milligram,"fresh body mass",20,test
Chalcolestes,development,105,Days,40.22,milligram,"fresh body mass",20,test
Chalcolestes,development,"",Days,"",milligram,"fresh body mass",20,test
Chalcolestes,development,"",Days,"",milligram,"fresh body mass",20,test
Chalcolestes,development,116,Days,30.06,milligram,"fresh body mass",20,test
Chalcolestes,development,104,Days,37.5,milligram,"fresh body mass",20,test
Chalcolestes,development,"",Days,"",milligram,"fresh body mass",20,test
Chalcolestes,development,114,Days,38.08,milligram,"fresh body mass",20,test
Chalcolestes,development,113,Days,"",milligram,"fresh body mass",20,test
Chalcolestes,development,"",Days,"",milligram,"fresh body mass",20,test
Chalcolestes,development,"",Days,"",milligram,"fresh body mass",20,test
Chalcolestes,development,104,Days,"",milligram,"fresh body mass",20,test
Chalcolestes,development,"",Days,"",milligram,"fresh body mass",20,test
Chalcolestes,development,"",Days,"",milligram,"fresh body mass",20,test
Chalcolestes,development,89,Days,27.72,milligram,"fresh body mass",20,test
Chalcolestes,development,106,Days,38.74,milligram,"fresh body mass",20,test
Chalcolestes,development,"",Days,"",milligram,"fresh body mass",20,test
Chalcolestes,development,"",Days,"",milligram,"fresh body mass",20,test
Chalcolestes,development,112,Days,36.45,milligram,"fresh body mass",20,test
Chalcolestes,development,112,Days,39.15,milligram,"fresh body mass",20,test
Chalcolestes,development,105,Days,"",milligram,"fresh body mass",20,test
Chalcolestes,development,113,Days,39.07,milligram,"fresh body mass",20,test
Chalcolestes,development,112,Days,39.72,milligram,"fresh body mass",20,test
Chalcolestes,development,"",Days,"",milligram,"fresh body mass",20,test
Chalcolestes,development,106,Days,37.12,milligram,"fresh body mass",20,test
Chalcolestes,development,"",Days,"",milligram,"fresh body mass",20,test
Chalcolestes,development,111,Days,"",milligram,"fresh body mass",20,test
Chalcolestes,development,105,Days,"",milligram,"fresh body mass",20,test
Chalcolestes,development,105,Days,"",milligram,"fresh body mass",20,test
Chalcolestes,development,111,Days,34.91,milligram,"fresh body mass",20,test
Chalcolestes,development,96,Days,"",milligram,"fresh body mass",20,test
Chalcolestes,development,111,Days,38.84,milligram,"fresh body mass",20,test
Chalcolestes,development,87,Days,29.91,milligram,"fresh body mass",20,test
Chalcolestes,development,93,Days,"",milligram,"fresh body mass",20,test
Chalcolestes,development,87,Days,30.17,milligram,"fresh body mass",20,test
Chalcolestes,development,107,Days,27.66,milligram,"fresh body mass",20,test
Chalcolestes,development,"",Days,"",milligram,"fresh body mass",20,test
Chalcolestes,development,"",Days,"",milligram,"fresh body mass",20,test
Chalcolestes,development,109,Days,29.22,milligram,"fresh body mass",20,test
Chalcolestes,development,117,Days,33.41,milligram,"fresh body mass",20,test
Chalcolestes,development,90,Days,32.32,milligram,"fresh body mass",20,test
Chalcolestes,development,106,Days,34.76,milligram,"fresh body mass",20,test
Chalcolestes,development,112,Days,36.36,milligram,"fresh body mass",20,test
Chalcolestes,development,109,Days,31.76,milligram,"fresh body mass",20,test
Chalcolestes,development,107,Days,28.6,milligram,"fresh body mass",20,test
Chalcolestes,development,107,Days,"",milligram,"fresh body mass",20,test
Chalcolestes,development,107,Days,"",milligram,"fresh body mass",20,test
Chalcolestes,development,110,Days,36.27,milligram,"fresh body mass",20,test
Chalcolestes,development,104,Days,"",milligram,"fresh body mass",20,test
Chalcolestes,development,110,Days,"",milligram,"fresh body mass",20,test
Chalcolestes,development,"",Days,"",milligram,"fresh body mass",20,test
Chalcolestes,development,101,Days,35.47,milligram,"fresh body mass",20,test
Chalcolestes,development,109,Days,"",milligram,"fresh body mass",20,test
Chalcolestes,development,"",Days,"",milligram,"fresh body mass",20,test
Chalcolestes,development,"",Days,"",milligram,"fresh body mass",20,test
Chalcolestes,development,117,Days,"",milligram,"fresh body mass",20,test
Chalcolestes,development,109,Days,31.04,milligram,"fresh body mass",20,test
Chalcolestes,development,109,Days,29.89,milligram,"fresh body mass",20,test
Chalcolestes,development,87,Days,29.28,milligram,"fresh body mass",20,test
Chalcolestes,development,"",Days,"",milligram,"fresh body mass",20,test
Chalcolestes,development,107,Days,"",milligram,"fresh body mass",20,test
Chalcolestes,development,109,Days,"",milligram,"fresh body mass",20,test
Chalcolestes,development,106,Days,"",milligram,"fresh body mass",20,test
Chalcolestes,development,107,Days,24.46,milligram,"fresh body mass",20,test
Chalcolestes,development,106,Days,"",milligram,"fresh body mass",20,test
Chalcolestes,development,108,Days,"",milligram,"fresh body mass",20,test
Chalcolestes,development,"",Days,"",milligram,"fresh body mass",20,test
Chalcolestes,development,117,Days,"",milligram,"fresh body mass",20,test
Chalcolestes,development,120,Days,"",milligram,"fresh body mass",20,test
Chalcolestes,development,"",Days,"",milligram,"fresh body mass",20,test
Chalcolestes,development,"",Days,"",milligram,"fresh body mass",20,test
Chalcolestes,development,110,Days,"",milligram,"fresh body mass",20,test
Chalcolestes,development,"",Days,"",milligram,"fresh body mass",20,test
Chalcolestes,development,"",Days,"",milligram,"fresh body mass",20,test
Chalcolestes,development,"",Days,"",milligram,"fresh body mass",20,test
Chalcolestes,development,"",Days,"",milligram,"fresh body mass",20,test
Chalcolestes,development,99,Days,30.28,milligram,"fresh body mass",20,test
Chalcolestes,development,"",Days,"",milligram,"fresh body mass",20,test
Chalcolestes,development,109,Days,35.2,milligram,"fresh body mass",20,test
Chalcolestes,development,118,Days,"",milligram,"fresh body mass",20,test
Chalcolestes,development,"",Days,"",milligram,"fresh body mass",20,test
Chalcolestes,development,98,Days,"",milligram,"fresh body mass",20,test
Chalcolestes,development,90,Days,29.93,milligram,"fresh body mass",20,test
Chalcolestes,development,107,Days,"",milligram,"fresh body mass",20,test
Chalcolestes,development,110,Days,34.07,milligram,"fresh body mass",20,test
Chalcolestes,development,100,Days,33.99,milligram,"fresh body mass",20,test
Chalcolestes,development,109,Days,"",milligram,"fresh body mass",20,test
Chalcolestes,development,123,Days,"",milligram,"fresh body mass",20,test
Chalcolestes,development,101,Days,"",milligram,"fresh body mass",20,test
Chalcolestes,development,117,Days,"",milligram,"fresh body mass",20,test
Chalcolestes,development,"",Days,"",milligram,"fresh body mass",20,test
Chalcolestes,development,107,Days,24.44,milligram,"fresh body mass",20,test
Chalcolestes,development,108,Days,"",milligram,"fresh body mass",20,test
Chalcolestes,development,106,Days,23.06,milligram,"fresh body mass",20,test
Chalcolestes,development,113,Days,"",milligram,"fresh body mass",20,test
Chalcolestes,development,95,Days,"",milligram,"fresh body mass",20,test
Chalcolestes,development,106,Days,24.55,milligram,"fresh body mass",20,test
Chalcolestes,development,"",Days,"",milligram,"fresh body mass",20,test
Chalcolestes,development,116,Days,"",milligram,"fresh body mass",20,test
Chalcolestes,development,105,Days,38.13,milligram,"fresh body mass",20,test
Chalcolestes,development,101,Days,"",milligram,"fresh body mass",20,test
Chalcolestes,development,113,Days,"",milligram,"fresh body mass",20,test
Chalcolestes,development,107,Days,"",milligram,"fresh body mass",20,test
Chalcolestes,development,106,Days,21.67,milligram,"fresh body mass",20,test
Chalcolestes,development,107,Days,"",milligram,"fresh body mass",20,test
Chalcolestes,development,116,Days,"",milligram,"fresh body mass",20,test
Chalcolestes,development,118,Days,"",milligram,"fresh body mass",20,test
Chalcolestes,development,107,Days,27.78,milligram,"fresh body mass",20,test
Chalcolestes,development,111,Days,"",milligram,"fresh body mass",20,test
Chalcolestes,development,109,Days,38.5,milligram,"fresh body mass",20,test
Chalcolestes,development,99,Days,29,milligram,"fresh body mass",20,test
Chalcolestes,development,113,Days,"",milligram,"fresh body mass",20,test
Chalcolestes,development,109,Days,35.06,milligram,"fresh body mass",20,test
Chalcolestes,development,117,Days,"",milligram,"fresh body mass",20,test
Chalcolestes,development,110,Days,34.62,milligram,"fresh body mass",20,test
Chalcolestes,development,117,Days,"",milligram,"fresh body mass",20,test
Chalcolestes,development,106,Days,30.56,milligram,"fresh body mass",20,test
Chalcolestes,development,"",Days,"",milligram,"fresh body mass",20,test
Chalcolestes,development,101,Days,37.3,milligram,"fresh body mass",20,test
Chalcolestes,development,108,Days,32.06,milligram,"fresh body mass",20,test
Chalcolestes,development,104,Days,31.5,milligram,"fresh body mass",20,test
Chalcolestes,development,"",Days,"",milligram,"fresh body mass",20,test
Chalcolestes,development,110,Days,"",milligram,"fresh body mass",20,test
Chalcolestes,development,"",Days,"",milligram,"fresh body mass",20,test
Chalcolestes,development,"",Days,"",milligram,"fresh body mass",20,test
Chalcolestes,development,108,Days,"",milligram,"fresh body mass",20,test
Chalcolestes,development,"",Days,"",milligram,"fresh body mass",20,test
Chalcolestes,development,91,Days,"",milligram,"fresh body mass",20,test
Chalcolestes,development,104,Days,32.37,milligram,"fresh body mass",20,test
Chalcolestes,development,108,Days,"",milligram,"fresh body mass",20,test
Chalcolestes,development,115,Days,35.21,milligram,"fresh body mass",20,test
Chalcolestes,development,115,Days,29.6,milligram,"fresh body mass",20,test
Chalcolestes,development,100,Days,"",milligram,"fresh body mass",20,test
Chalcolestes,development,99,Days,"",milligram,"fresh body mass",20,test
Chalcolestes,development,116,Days,32.41,milligram,"fresh body mass",20,test
Chalcolestes,development,108,Days,34.2,milligram,"fresh body mass",20,test
Chalcolestes,development,108,Days,35.03,milligram,"fresh body mass",20,test
Chalcolestes,development,106,Days,25.8,milligram,"fresh body mass",20,test
Chalcolestes,development,"",Days,"",milligram,"fresh body mass",20,test
Chalcolestes,development,109,Days,"",milligram,"fresh body mass",20,test
Chalcolestes,development,103,Days,34.21,milligram,"fresh body mass",20,test
Chalcolestes,development,109,Days,29.34,milligram,"fresh body mass",20,test
Chalcolestes,development,105,Days,"",milligram,"fresh body mass",20,test
Chalcolestes,development,110,Days,31.32,milligram,"fresh body mass",20,test
Chalcolestes,development,109,Days,"",milligram,"fresh body mass",20,test
Chalcolestes,development,102,Days,"",milligram,"fresh body mass",20,test
Chalcolestes,development,105,Days,"",milligram,"fresh body mass",20,test
Chalcolestes,development,113,Days,34.29,milligram,"fresh body mass",20,test
Chalcolestes,development,102,Days,"",milligram,"fresh body mass",20,test
Chalcolestes,development,100,Days,"",milligram,"fresh body mass",20,test
Chalcolestes,development,100,Days,33.13,milligram,"fresh body mass",20,test
Chalcolestes,development,102,Days,30.36,milligram,"fresh body mass",20,test
Chalcolestes,development,104,Days,28.74,milligram,"fresh body mass",20,test
Chalcolestes,development,"",Days,"",milligram,"fresh body mass",20,test
Chalcolestes,development,102,Days,28.1,milligram,"fresh body mass",20,test
Chalcolestes,development,103,Days,"",milligram,"fresh body mass",20,test
Chalcolestes,development,"",Days,"",milligram,"fresh body mass",20,test
Chalcolestes,development,105,Days,"",milligram,"fresh body mass",20,test
Chalcolestes,development,102,Days,29.5,milligram,"fresh body mass",20,test
Chalcolestes,development,89,Days,33.99,milligram,"fresh body mass",20,test
Chalcolestes,development,"",Days,"",milligram,"fresh body mass",20,test
Chalcolestes,development,107,Days,32.75,milligram,"fresh body mass",20,test
Chalcolestes,development,103,Days,26.29,milligram,"fresh body mass",20,test
Chalcolestes,development,104,Days,31.22,milligram,"fresh body mass",20,test
Chalcolestes,development,"",Days,"",milligram,"fresh body mass",20,test
Chalcolestes,development,102,Days,"",milligram,"fresh body mass",20,test
Chalcolestes,development,103,Days,24.95,milligram,"fresh body mass",20,test
Chalcolestes,development,102,Days,22.94,milligram,"fresh body mass",20,test
Chalcolestes,development,102,Days,26.19,milligram,"fresh body mass",20,test
Chalcolestes,development,"",Days,"",milligram,"fresh body mass",20,test
Chalcolestes,development,101,Days,34.95,milligram,"fresh body mass",20,test
Chalcolestes,development,"",Days,"",milligram,"fresh body mass",20,test
Chalcolestes,development,112,Days,"",milligram,"fresh body mass",20,test
Chalcolestes,development,114,Days,"",milligram,"fresh body mass",20,test
Chalcolestes,development,102,Days,27.24,milligram,"fresh body mass",20,test
Chalcolestes,development,101,Days,"",milligram,"fresh body mass",20,test
Chalcolestes,development,106,Days,"",milligram,"fresh body mass",20,test
Chalcolestes,development,112,Days,32.59,milligram,"fresh body mass",20,test
Chalcolestes,development,113,Days,38.27,milligram,"fresh body mass",20,test
Chalcolestes,development,111,Days,"",milligram,"fresh body mass",20,test
Chalcolestes,development,"",Days,"",milligram,"fresh body mass",20,test
Chalcolestes,development,102,Days,23.05,milligram,"fresh body mass",20,test
Chalcolestes,development,96,Days,36.71,milligram,"fresh body mass",20,test
Chalcolestes,development,100,Days,29.83,milligram,"fresh body mass",20,test
Chalcolestes,development,112,Days,"",milligram,"fresh body mass",20,test
Chalcolestes,development,92,Days,"",milligram,"fresh body mass",20,test
Chalcolestes,development,104,Days,"",milligram,"fresh body mass",20,test
Chalcolestes,development,103,Days,"",milligram,"fresh body mass",20,test
Chalcolestes,development,107,Days,"",milligram,"fresh body mass",20,test
Chalcolestes,development,"",Days,"",milligram,"fresh body mass",20,test
Chalcolestes,development,"",Days,"",milligram,"fresh body mass",20,test
Chalcolestes,development,74,Days,39.94,milligram,"fresh body mass",20,test
Chalcolestes,development,"",Days,"",milligram,"fresh body mass",20,test
Chalcolestes,development,"",Days,"",milligram,"fresh body mass",20,test
Chalcolestes,development,82,Days,29.46,milligram,"fresh body mass",20,test
Chalcolestes,development,75,Days,40.45,milligram,"fresh body mass",20,test
Chalcolestes,development,"",Days,"",milligram,"fresh body mass",20,test
Chalcolestes,development,"",Days,"",milligram,"fresh body mass",20,test
Chalcolestes,development,"",Days,"",milligram,"fresh body mass",20,test
Chalcolestes,development,"",Days,"",milligram,"fresh body mass",20,test
Chalcolestes,development,86,Days,37.25,milligram,"fresh body mass",20,test
Chalcolestes,development,"",Days,"",milligram,"fresh body mass",20,test
Chalcolestes,development,77,Days,41.23,milligram,"fresh body mass",20,test
Chalcolestes,development,"",Days,"",milligram,"fresh body mass",20,test
Chalcolestes,development,"",Days,"",milligram,"fresh body mass",20,test
Chalcolestes,development,"",Days,"",milligram,"fresh body mass",20,test
Chalcolestes,development,73,Days,34.53,milligram,"fresh body mass",20,test
Chalcolestes,development,"",Days,"",milligram,"fresh body mass",20,test
Chalcolestes,development,71,Days,42.19,milligram,"fresh body mass",20,test
Chalcolestes,development,"",Days,"",milligram,"fresh body mass",20,test
Chalcolestes,development,80,Days,32.13,milligram,"fresh body mass",20,test
Chalcolestes,development,79,Days,38.45,milligram,"fresh body mass",20,test
Chalcolestes,development,"",Days,"",milligram,"fresh body mass",20,test
Chalcolestes,development,"",Days,"",milligram,"fresh body mass",20,test
Chalcolestes,development,89,Days,42.1,milligram,"fresh body mass",20,test
Chalcolestes,development,"",Days,"",milligram,"fresh body mass",20,test
Chalcolestes,development,89,Days,36.24,milligram,"fresh body mass",20,test
Chalcolestes,development,"",Days,"",milligram,"fresh body mass",20,test
Chalcolestes,development,"",Days,"",milligram,"fresh body mass",20,test
Chalcolestes,development,"",Days,"",milligram,"fresh body mass",20,test
Chalcolestes,development,"",Days,"",milligram,"fresh body mass",20,test
Chalcolestes,development,"",Days,"",milligram,"fresh body mass",20,test
Chalcolestes,development,86,Days,"",milligram,"fresh body mass",20,test
Chalcolestes,development,88,Days,"",milligram,"fresh body mass",20,test
Chalcolestes,development,"",Days,"",milligram,"fresh body mass",20,test
Chalcolestes,development,"",Days,"",milligram,"fresh body mass",20,test
Chalcolestes,development,"",Days,"",milligram,"fresh body mass",20,test
Chalcolestes,development,84,Days,42.98,milligram,"fresh body mass",20,test
Chalcolestes,development,88,Days,42.6,milligram,"fresh body mass",20,test
Chalcolestes,development,86,Days,34.8,milligram,"fresh body mass",20,test
Chalcolestes,development,84,Days,41.68,milligram,"fresh body mass",20,test
Chalcolestes,development,"",Days,"",milligram,"fresh body mass",20,test
Chalcolestes,development,84,Days,36.54,milligram,"fresh body mass",20,test
Chalcolestes,development,"",Days,"",milligram,"fresh body mass",20,test
Chalcolestes,development,"",Days,"",milligram,"fresh body mass",20,test
Chalcolestes,development,84,Days,44.84,milligram,"fresh body mass",20,test
Chalcolestes,development,79,Days,34.71,milligram,"fresh body mass",20,test
Chalcolestes,development,78,Days,37.07,milligram,"fresh body mass",20,test
Chalcolestes,development,"",Days,"",milligram,"fresh body mass",20,test
Chalcolestes,development,"",Days,"",milligram,"fresh body mass",20,test
Chalcolestes,development,88,Days,39.63,milligram,"fresh body mass",20,test
Chalcolestes,development,81,Days,34.31,milligram,"fresh body mass",20,test
Chalcolestes,development,"",Days,"",milligram,"fresh body mass",20,test
Chalcolestes,development,"",Days,"",milligram,"fresh body mass",20,test
Chalcolestes,development,107,Days,"",milligram,"fresh body mass",20,test
Chalcolestes,development,88,Days,42.05,milligram,"fresh body mass",20,test
Chalcolestes,development,89,Days,39.44,milligram,"fresh body mass",20,test
Chalcolestes,development,"",Days,"",milligram,"fresh body mass",20,test
Chalcolestes,development,87,Days,45.83,milligram,"fresh body mass",20,test
Chalcolestes,development,"",Days,"",milligram,"fresh body mass",20,test
Chalcolestes,development,85,Days,39.02,milligram,"fresh body mass",20,test
Chalcolestes,development,83,Days,44.89,milligram,"fresh body mass",20,test
Chalcolestes,development,88,Days,39.66,milligram,"fresh body mass",20,test
Chalcolestes,development,90,Days,42.28,milligram,"fresh body mass",20,test
Chalcolestes,development,77,Days,34.62,milligram,"fresh body mass",20,test
Chalcolestes,development,84,Days,40.31,milligram,"fresh body mass",20,test
Chalcolestes,development,88,Days,38.81,milligram,"fresh body mass",20,test
Chalcolestes,development,93,Days,"",milligram,"fresh body mass",20,test
Chalcolestes,development,96,Days,"",milligram,"fresh body mass",20,test
Chalcolestes,development,"",Days,"",milligram,"fresh body mass",20,test
Chalcolestes,development,91,Days,30.04,milligram,"fresh body mass",20,test
Chalcolestes,development,"",Days,"",milligram,"fresh body mass",20,test
Chalcolestes,development,85,Days,34.86,milligram,"fresh body mass",20,test
Chalcolestes,development,99,Days,"",milligram,"fresh body mass",20,test
Chalcolestes,development,88,Days,37.54,milligram,"fresh body mass",20,test
Chalcolestes,development,87,Days,36.64,milligram,"fresh body mass",20,test
Chalcolestes,development,"",Days,"",milligram,"fresh body mass",20,test
Chalcolestes,development,"",Days,"",milligram,"fresh body mass",20,test
Chalcolestes,development,"",Days,"",milligram,"fresh body mass",20,test
Chalcolestes,development,"",Days,"",milligram,"fresh body mass",20,test
Chalcolestes,development,88,Days,42.53,milligram,"fresh body mass",20,test
Chalcolestes,development,91,Days,34.88,milligram,"fresh body mass",20,test
Chalcolestes,development,90,Days,37.21,milligram,"fresh body mass",20,test
Chalcolestes,development,91,Days,29.83,milligram,"fresh body mass",20,test
Chalcolestes,development,"",Days,"",milligram,"fresh body mass",20,test
Chalcolestes,development,89,Days,42.78,milligram,"fresh body mass",20,test
Chalcolestes,development,"",Days,"",milligram,"fresh body mass",20,test
Chalcolestes,development,93,Days,41.19,milligram,"fresh body mass",20,test
Chalcolestes,development,86,Days,40.34,milligram,"fresh body mass",20,test
Chalcolestes,development,"",Days,"",milligram,"fresh body mass",20,test
Chalcolestes,development,79,Days,"",milligram,"fresh body mass",20,test
Chalcolestes,development,"",Days,"",milligram,"fresh body mass",20,test
Chalcolestes,development,"",Days,"",milligram,"fresh body mass",20,test
Chalcolestes,development,79,Days,34.38,milligram,"fresh body mass",20,test
Chalcolestes,development,86,Days,40.34,milligram,"fresh body mass",20,test
Chalcolestes,development,"",Days,"",milligram,"fresh body mass",20,test
Chalcolestes,development,"",Days,"",milligram,"fresh body mass",20,test
Chalcolestes,development,"",Days,"",milligram,"fresh body mass",20,test
Chalcolestes,development,"",Days,"",milligram,"fresh body mass",20,test
Chalcolestes,development,"",Days,"",milligram,"fresh body mass",20,test
Chalcolestes,development,"",Days,"",milligram,"fresh body mass",20,test
Chalcolestes,development,93,Days,"",milligram,"fresh body mass",20,test
Chalcolestes,development,85,Days,39.47,milligram,"fresh body mass",20,test
Chalcolestes,development,"",Days,"",milligram,"fresh body mass",20,test
Chalcolestes,development,"",Days,"",milligram,"fresh body mass",20,test
Chalcolestes,development,"",Days,"",milligram,"fresh body mass",20,test
Chalcolestes,development,"",Days,"",milligram,"fresh body mass",20,test
Chalcolestes,development,86,Days,43.8,milligram,"fresh body mass",20,test
Chalcolestes,development,"",Days,"",milligram,"fresh body mass",20,test
Chalcolestes,development,"",Days,"",milligram,"fresh body mass",20,test
Chalcolestes,development,"",Days,"",milligram,"fresh body mass",20,test
Chalcolestes,development,87,Days,"",milligram,"fresh body mass",20,test
Chalcolestes,development,"",Days,"",milligram,"fresh body mass",20,test
Chalcolestes,development,78,Days,38.27,milligram,"fresh body mass",20,test
Chalcolestes,development,85,Days,37.79,milligram,"fresh body mass",20,test
Chalcolestes,development,"",Days,"",milligram,"fresh body mass",20,test
Chalcolestes,development,86,Days,40.69,milligram,"fresh body mass",20,test
Chalcolestes,development,"",Days,"",milligram,"fresh body mass",20,test
Chalcolestes,development,"",Days,"",milligram,"fresh body mass",20,test
Chalcolestes,development,"",Days,"",milligram,"fresh body mass",20,test
Chalcolestes,development,"",Days,"",milligram,"fresh body mass",20,test
Chalcolestes,development,"",Days,"",milligram,"fresh body mass",20,test
Chalcolestes,development,"",Days,"",milligram,"fresh body mass",20,test
Chalcolestes,development,"",Days,"",milligram,"fresh body mass",20,test
Chalcolestes,development,"",Days,"",milligram,"fresh body mass",20,test
Chalcolestes,development,89,Days,44.73,milligram,"fresh body mass",20,test
Chalcolestes,development,"",Days,"",milligram,"fresh body mass",20,test
Chalcolestes,development,"",Days,"",milligram,"fresh body mass",20,test
Chalcolestes,development,"",Days,"",milligram,"fresh body mass",20,test
Chalcolestes,development,"",Days,"",milligram,"fresh body mass",20,test
Chalcolestes,development,88,Days,43.6,milligram,"fresh body mass",20,test
Chalcolestes,development,87,Days,"",milligram,"fresh body mass",20,test
Chalcolestes,development,"",Days,"",milligram,"fresh body mass",20,test
Chalcolestes,development,85,Days,37.4,milligram,"fresh body mass",20,test
Chalcolestes,development,86,Days,44.42,milligram,"fresh body mass",20,test
Chalcolestes,development,"",Days,"",milligram,"fresh body mass",20,test
Chalcolestes,development,"",Days,"",milligram,"fresh body mass",20,test
Chalcolestes,development,82,Days,38.22,milligram,"fresh body mass",20,test
Chalcolestes,development,"",Days,"",milligram,"fresh body mass",20,test
Chalcolestes,development,76,Days,"",milligram,"fresh body mass",20,test
Chalcolestes,development,88,Days,35.64,milligram,"fresh body mass",20,test
Chalcolestes,development,"",Days,"",milligram,"fresh body mass",20,test
Chalcolestes,development,79,Days,38.09,milligram,"fresh body mass",20,test
Chalcolestes,development,84,Days,41.28,milligram,"fresh body mass",20,test
Chalcolestes,development,76,Days,31.77,milligram,"fresh body mass",20,test
Chalcolestes,development,"",Days,"",milligram,"fresh body mass",20,test
Chalcolestes,development,75,Days,36.7,milligram,"fresh body mass",20,test
Chalcolestes,development,"",Days,"",milligram,"fresh body mass",20,test
Chalcolestes,development,"",Days,"",milligram,"fresh body mass",20,test
Chalcolestes,development,"",Days,"",milligram,"fresh body mass",20,test
Chalcolestes,development,"",Days,"",milligram,"fresh body mass",20,test
Chalcolestes,development,"",Days,"",milligram,"fresh body mass",20,test
Chalcolestes,development,85,Days,41.07,milligram,"fresh body mass",20,test
Chalcolestes,development,83,Days,39.87,milligram,"fresh body mass",20,test
Chalcolestes,development,"",Days,"",milligram,"fresh body mass",20,test
Chalcolestes,development,76,Days,"",milligram,"fresh body mass",20,test
Chalcolestes,development,"",Days,"",milligram,"fresh body mass",20,test
Chalcolestes,development,74,Days,27.71,milligram,"fresh body mass",20,test
Chalcolestes,development,84,Days,40.56,milligram,"fresh body mass",20,test
Chalcolestes,development,88,Days,31.47,milligram,"fresh body mass",20,test
Chalcolestes,development,90,Days,"",milligram,"fresh body mass",20,test
Chalcolestes,development,"",Days,"",milligram,"fresh body mass",20,test
Chalcolestes,development,"",Days,"",milligram,"fresh body mass",20,test
Chalcolestes,development,"",Days,"",milligram,"fresh body mass",20,test
Chalcolestes,development,"",Days,"",milligram,"fresh body mass",20,test
Chalcolestes,development,76,Days,34.23,milligram,"fresh body mass",20,test
Chalcolestes,development,81,Days,"",milligram,"fresh body mass",20,test
Chalcolestes,development,74,Days,"",milligram,"fresh body mass",20,test
Chalcolestes,development,"",Days,"",milligram,"fresh body mass",20,test
Chalcolestes,development,82,Days,37.73,milligram,"fresh body mass",20,test
Chalcolestes,development,"",Days,"",milligram,"fresh body mass",20,test
Chalcolestes,development,"",Days,"",milligram,"fresh body mass",20,test
Chalcolestes,development,"",Days,"",milligram,"fresh body mass",20,test
Chalcolestes,development,82,Days,"",milligram,"fresh body mass",20,test
Chalcolestes,development,"",Days,"",milligram,"fresh body mass",20,test
Chalcolestes,development,83,Days,39.65,milligram,"fresh body mass",20,test
Chalcolestes,development,81,Days,34.56,milligram,"fresh body mass",20,test
Chalcolestes,development,"",Days,"",milligram,"fresh body mass",20,test
Chalcolestes,development,73,Days,34.7,milligram,"fresh body mass",20,test
Chalcolestes,development,"",Days,"",milligram,"fresh body mass",20,test
Chalcolestes,development,89,Days,36.45,milligram,"fresh body mass",20,test
Chalcolestes,development,87,Days,31.33,milligram,"fresh body mass",20,test
Chalcolestes,development,83,Days,45.92,milligram,"fresh body mass",20,test
Chalcolestes,development,"",Days,"",milligram,"fresh body mass",20,test
Chalcolestes,development,86,Days,40.67,milligram,"fresh body mass",20,test
Chalcolestes,development,"",Days,"",milligram,"fresh body mass",20,test
Chalcolestes,development,"",Days,"",milligram,"fresh body mass",20,test
Chalcolestes,development,87,Days,30,milligram,"fresh body mass",20,test
Chalcolestes,development,87,Days,"",milligram,"fresh body mass",20,test
Chalcolestes,development,77,Days,42.37,milligram,"fresh body mass",20,test
Chalcolestes,development,84,Days,40.45,milligram,"fresh body mass",20,test
Chalcolestes,development,"",Days,"",milligram,"fresh body mass",20,test
Chalcolestes,development,"",Days,"",milligram,"fresh body mass",20,test
Chalcolestes,development,"",Days,"",milligram,"fresh body mass",20,test
Chalcolestes,development,"",Days,"",milligram,"fresh body mass",20,test
Chalcolestes,development,"",Days,"",milligram,"fresh body mass",20,test
Chalcolestes,development,"",Days,"",milligram,"fresh body mass",20,test
Chalcolestes,development,"",Days,"",milligram,"fresh body mass",20,test
Chalcolestes,development,88,Days,33.02,milligram,"fresh body mass",20,test
Chalcolestes,development,"",Days,"",milligram,"fresh body mass",20,test
Chalcolestes,development,"",Days,"",milligram,"fresh body mass",20,test
Chalcolestes,development,"",Days,"",milligram,"fresh body mass",20,test
Chalcolestes,development,"",Days,"",milligram,"fresh body mass",20,test
Chalcolestes,development,"",Days,"",milligram,"fresh body mass",20,test
Chalcolestes,development,"",Days,"",milligram,"fresh body mass",20,test
Chalcolestes,development,"",Days,"",milligram,"fresh body mass",20,test
Chalcolestes,development,"",Days,"",milligram,"fresh body mass",20,test
Chalcolestes,development,"",Days,"",milligram,"fresh body mass",20,test
Chalcolestes,development,"",Days,"",milligram,"fresh body mass",20,test
Chalcolestes,development,"",Days,"",milligram,"fresh body mass",20,test
Chalcolestes,development,89,Days,38.98,milligram,"fresh body mass",20,test
Chalcolestes,development,75,Days,35.14,milligram,"fresh body mass",20,test
Chalcolestes,development,90,Days,"",milligram,"fresh body mass",20,test
Chalcolestes,development,87,Days,29.14,milligram,"fresh body mass",20,test
Chalcolestes,development,"",Days,"",milligram,"fresh body mass",20,test
Chalcolestes,development,75,Days,30.56,milligram,"fresh body mass",20,test
Chalcolestes,development,"",Days,"",milligram,"fresh body mass",20,test
Chalcolestes,development,83,Days,38.05,milligram,"fresh body mass",20,test
Chalcolestes,development,"",Days,"",milligram,"fresh body mass",20,test
Chalcolestes,development,"",Days,"",milligram,"fresh body mass",20,test
Chalcolestes,development,"",Days,"",milligram,"fresh body mass",20,test
Chalcolestes,development,81,Days,33.8,milligram,"fresh body mass",20,test
Chalcolestes,development,83,Days,41.56,milligram,"fresh body mass",20,test
Chalcolestes,development,"",Days,"",milligram,"fresh body mass",20,test
Chalcolestes,development,"",Days,"",milligram,"fresh body mass",20,test
Chalcolestes,development,76,Days,33.55,milligram,"fresh body mass",20,test
Chalcolestes,development,"",Days,"",milligram,"fresh body mass",20,test
Chalcolestes,development,81,Days,33.41,milligram,"fresh body mass",20,test
Chalcolestes,development,79,Days,44.45,milligram,"fresh body mass",20,test
Chalcolestes,development,"",Days,"",milligram,"fresh body mass",20,test
Chalcolestes,development,75,Days,37.75,milligram,"fresh body mass",20,test
Chalcolestes,development,81,Days,31.54,milligram,"fresh body mass",20,test
Chalcolestes,development,"",Days,"",milligram,"fresh body mass",20,test
Chalcolestes,development,89,Days,42.27,milligram,"fresh body mass",20,test
Chalcolestes,development,"",Days,"",milligram,"fresh body mass",20,test
Chalcolestes,development,"",Days,"",milligram,"fresh body mass",20,test
Chalcolestes,development,"",Days,"",milligram,"fresh body mass",20,test
Chalcolestes,development,"",Days,"",milligram,"fresh body mass",20,test
Chalcolestes,development,"",Days,"",milligram,"fresh body mass",20,test
Chalcolestes,development,"",Days,"",milligram,"fresh body mass",20,test
Chalcolestes,development,"",Days,"",milligram,"fresh body mass",20,test
Chalcolestes,development,"",Days,"",milligram,"fresh body mass",20,test
Chalcolestes,development,81,Days,38.2,milligram,"fresh body mass",20,test
Chalcolestes,development,"",Days,"",milligram,"fresh body mass",20,test
Chalcolestes,development,"",Days,"",milligram,"fresh body mass",20,test
Chalcolestes,development,73,Days,25.77,milligram,"fresh body mass",20,test
Chalcolestes,development,87,Days,34.44,milligram,"fresh body mass",20,test
Chalcolestes,development,81,Days,35.53,milligram,"fresh body mass",20,test
Chalcolestes,development,"",Days,"",milligram,"fresh body mass",20,test
Chalcolestes,development,"",Days,"",milligram,"fresh body mass",20,test
Chalcolestes,development,"",Days,"",milligram,"fresh body mass",20,test
Chalcolestes,development,"",Days,"",milligram,"fresh body mass",20,test
Chalcolestes,development,88,Days,32.91,milligram,"fresh body mass",20,test
Chalcolestes,development,89,Days,40.82,milligram,"fresh body mass",20,test
Chalcolestes,development,"",Days,"",milligram,"fresh body mass",20,test
Chalcolestes,development,"",Days,"",milligram,"fresh body mass",20,test
Chalcolestes,development,"",Days,"",milligram,"fresh body mass",20,test
Chalcolestes,development,96,Days,42.07,milligram,"fresh body mass",20,test
Chalcolestes,development,87,Days,40.58,milligram,"fresh body mass",20,test
Chalcolestes,development,93,Days,"",milligram,"fresh body mass",20,test
Chalcolestes,development,"",Days,"",milligram,"fresh body mass",20,test
Chalcolestes,development,"",Days,"",milligram,"fresh body mass",20,test
Chalcolestes,development,"",Days,"",milligram,"fresh body mass",20,test
Chalcolestes,development,"",Days,"",milligram,"fresh body mass",20,test
Chalcolestes,development,"",Days,"",milligram,"fresh body mass",20,test
Chalcolestes,development,"",Days,"",milligram,"fresh body mass",20,test
Chalcolestes,development,89,Days,"",milligram,"fresh body mass",20,test
Chalcolestes,development,98,Days,"",milligram,"fresh body mass",20,test
Chalcolestes,development,"",Days,"",milligram,"fresh body mass",20,test
Chalcolestes,development,"",Days,"",milligram,"fresh body mass",20,test
Chalcolestes,development,"",Days,"",milligram,"fresh body mass",20,test
Chalcolestes,development,"",Days,"",milligram,"fresh body mass",20,test
Chalcolestes,development,99,Days,"",milligram,"fresh body mass",20,test
Chalcolestes,development,"",Days,"",milligram,"fresh body mass",20,test
Chalcolestes,development,81,Days,42.77,milligram,"fresh body mass",20,test
Chalcolestes,development,"",Days,"",milligram,"fresh body mass",20,test
Chalcolestes,development,"",Days,"",milligram,"fresh body mass",20,test
Chalcolestes,development,"",Days,"",milligram,"fresh body mass",20,test
Chalcolestes,development,"",Days,"",milligram,"fresh body mass",20,test
Chalcolestes,development,"",Days,"",milligram,"fresh body mass",20,test
Chalcolestes,development,88,Days,"",milligram,"fresh body mass",20,test
Chalcolestes,development,"",Days,"",milligram,"fresh body mass",20,test
Chalcolestes,development,"",Days,"",milligram,"fresh body mass",20,test
Chalcolestes,development,88,Days,"",milligram,"fresh body mass",20,test
Chalcolestes,development,"",Days,"",milligram,"fresh body mass",20,test
Chalcolestes,development,82,Days,41.02,milligram,"fresh body mass",20,test
Chalcolestes,development,"",Days,"",milligram,"fresh body mass",20,test
Chalcolestes,development,"",Days,"",milligram,"fresh body mass",20,test
Chalcolestes,development,82,Days,38.63,milligram,"fresh body mass",20,test
Chalcolestes,development,"",Days,"",milligram,"fresh body mass",20,test
Chalcolestes,development,"",Days,"",milligram,"fresh body mass",20,test
Chalcolestes,development,"",Days,"",milligram,"fresh body mass",20,test
Chalcolestes,development,"",Days,"",milligram,"fresh body mass",20,test
Chalcolestes,development,"",Days,"",milligram,"fresh body mass",20,test
Chalcolestes,development,86,Days,36.85,milligram,"fresh body mass",20,test
Chalcolestes,development,"",Days,"",milligram,"fresh body mass",20,test
Chalcolestes,development,88,Days,"",milligram,"fresh body mass",20,test
Chalcolestes,development,"",Days,"",milligram,"fresh body mass",20,test
Chalcolestes,development,80,Days,35.95,milligram,"fresh body mass",20,test
Chalcolestes,development,"",Days,"",milligram,"fresh body mass",20,test
Chalcolestes,development,"",Days,"",milligram,"fresh body mass",20,test
Chalcolestes,development,82,Days,"",milligram,"fresh body mass",20,test
Chalcolestes,development,"",Days,"",milligram,"fresh body mass",20,test
Chalcolestes,development,82,Days,"",milligram,"fresh body mass",20,test
Chalcolestes,development,"",Days,"",milligram,"fresh body mass",20,test
Chalcolestes,development,"",Days,"",milligram,"fresh body mass",20,test
Chalcolestes,development,"",Days,"",milligram,"fresh body mass",20,test
Chalcolestes,development,"",Days,"",milligram,"fresh body mass",20,test
Chalcolestes,development,"",Days,"",milligram,"fresh body mass",20,test
Chalcolestes,development,85,Days,35.04,milligram,"fresh body mass",20,test
Chalcolestes,development,"",Days,"",milligram,"fresh body mass",20,test
Chalcolestes,development,"",Days,"",milligram,"fresh body mass",20,test
Chalcolestes,development,"",Days,"",milligram,"fresh body mass",20,test
Chalcolestes,development,85,Days,36.86,milligram,"fresh body mass",20,test
Chalcolestes,development,"",Days,"",milligram,"fresh body mass",20,test
Chalcolestes,development,"",Days,"",milligram,"fresh body mass",20,test
Chalcolestes,development,"",Days,"",milligram,"fresh body mass",20,test
Chalcolestes,development,97,Days,"",milligram,"fresh body mass",20,test
Chalcolestes,development,"",Days,"",milligram,"fresh body mass",20,test
Chalcolestes,development,"",Days,"",milligram,"fresh body mass",20,test
Chalcolestes,development,"",Days,"",milligram,"fresh body mass",20,test
Chalcolestes,development,"",Days,"",milligram,"fresh body mass",20,test
Chalcolestes,development,"",Days,"",milligram,"fresh body mass",20,test
Chalcolestes,development,83,Days,42.73,milligram,"fresh body mass",20,test
Chalcolestes,development,86,Days,38.44,milligram,"fresh body mass",20,test
Chalcolestes,development,"",Days,"",milligram,"fresh body mass",20,test
Chalcolestes,development,"",Days,"",milligram,"fresh body mass",20,test
Chalcolestes,development,"",Days,"",milligram,"fresh body mass",20,test
Chalcolestes,development,"",Days,"",milligram,"fresh body mass",20,test
Chalcolestes,development,"",Days,"",milligram,"fresh body mass",20,test
Chalcolestes,development,"",Days,"",milligram,"fresh body mass",20,test
Chalcolestes,development,"",Days,"",milligram,"fresh body mass",20,test
Chalcolestes,development,"",Days,"",milligram,"fresh body mass",20,test
Chalcolestes,development,"",Days,"",milligram,"fresh body mass",20,test
Chalcolestes,development,85,Days,"",milligram,"fresh body mass",20,test
Chalcolestes,development,"",Days,"",milligram,"fresh body mass",20,test
Chalcolestes,development,"",Days,"",milligram,"fresh body mass",20,test
Chalcolestes,development,"",Days,"",milligram,"fresh body mass",20,test
Chalcolestes,development,82,Days,46,milligram,"fresh body mass",20,test
Chalcolestes,development,"",Days,"",milligram,"fresh body mass",20,test
Chalcolestes,development,"",Days,"",milligram,"fresh body mass",20,test
Chalcolestes,development,90,Days,"",milligram,"fresh body mass",20,test
Chalcolestes,development,"",Days,"",milligram,"fresh body mass",20,test
Chalcolestes,development,87,Days,"",milligram,"fresh body mass",20,test
Chalcolestes,development,87,Days,"",milligram,"fresh body mass",20,test
Chalcolestes,development,"",Days,"",milligram,"fresh body mass",20,test
Chalcolestes,development,"",Days,"",milligram,"fresh body mass",20,test
Chalcolestes,development,79,Days,41.46,milligram,"fresh body mass",20,test
Chalcolestes,development,"",Days,"",milligram,"fresh body mass",20,test
Chalcolestes,development,"",Days,"",milligram,"fresh body mass",20,test
Chalcolestes,development,"",Days,"",milligram,"fresh body mass",20,test
Chalcolestes,development,"",Days,"",milligram,"fresh body mass",20,test
Chalcolestes,development,"",Days,"",milligram,"fresh body mass",20,test
Chalcolestes,development,"",Days,"",milligram,"fresh body mass",20,test
Chalcolestes,development,"",Days,"",milligram,"fresh body mass",20,test
Chalcolestes,development,"",Days,"",milligram,"fresh body mass",20,test
Chalcolestes,development,"",Days,"",milligram,"fresh body mass",20,test
Chalcolestes,development,"",Days,"",milligram,"fresh body mass",20,test
Chalcolestes,development,83,Days,34.66,milligram,"fresh body mass",20,test
Chalcolestes,development,"",Days,"",milligram,"fresh body mass",20,test
Chalcolestes,development,85,Days,34.42,milligram,"fresh body mass",20,test
Chalcolestes,development,"",Days,"",milligram,"fresh body mass",20,test
Chalcolestes,development,"",Days,"",milligram,"fresh body mass",20,test
Chalcolestes,development,"",Days,"",milligram,"fresh body mass",20,test
Chalcolestes,development,"",Days,"",milligram,"fresh body mass",20,test
Chalcolestes,development,"",Days,"",milligram,"fresh body mass",20,test
Chalcolestes,development,"",Days,"",milligram,"fresh body mass",20,test
Chalcolestes,development,"",Days,"",milligram,"fresh body mass",20,test
Chalcolestes,development,"",Days,"",milligram,"fresh body mass",20,test
Chalcolestes,development,91,Days,"",milligram,"fresh body mass",20,test
Chalcolestes,development,82,Days,39.19,milligram,"fresh body mass",20,test
Chalcolestes,development,88,Days,"",milligram,"fresh body mass",20,test
Chalcolestes,development,93,Days,"",milligram,"fresh body mass",20,test
Chalcolestes,development,91,Days,"",milligram,"fresh body mass",20,test
Chalcolestes,development,85,Days,"",milligram,"fresh body mass",20,test
Chalcolestes,development,90,Days,41.44,milligram,"fresh body mass",20,test
Chalcolestes,development,"",Days,"",milligram,"fresh body mass",20,test
Chalcolestes,development,"",Days,"",milligram,"fresh body mass",20,test
Chalcolestes,development,"",Days,"",milligram,"fresh body mass",20,test
Chalcolestes,development,"",Days,"",milligram,"fresh body mass",20,test
Chalcolestes,development,"",Days,"",milligram,"fresh body mass",20,test
Chalcolestes,development,"",Days,"",milligram,"fresh body mass",20,test
Chalcolestes,development,"",Days,"",milligram,"fresh body mass",20,test
Chalcolestes,development,89,Days,"",milligram,"fresh body mass",20,test
Chalcolestes,development,83,Days,40.53,milligram,"fresh body mass",20,test
Chalcolestes,development,"",Days,"",milligram,"fresh body mass",20,test
Chalcolestes,development,87,Days,43.22,milligram,"fresh body mass",20,test
Chalcolestes,development,"",Days,"",milligram,"fresh body mass",20,test
Chalcolestes,development,88,Days,"",milligram,"fresh body mass",20,test
Chalcolestes,development,91,Days,"",milligram,"fresh body mass",20,test
Chalcolestes,development,"",Days,"",milligram,"fresh body mass",20,test
Chalcolestes,development,"",Days,"",milligram,"fresh body mass",20,test
Chalcolestes,development,"",Days,"",milligram,"fresh body mass",20,test
Chalcolestes,development,88,Days,"",milligram,"fresh body mass",20,test
Chalcolestes,development,"",Days,"",milligram,"fresh body mass",20,test
Chalcolestes,development,75,Days,37.14,milligram,"fresh body mass",20,test
Chalcolestes,development,91,Days,"",milligram,"fresh body mass",20,test
Chalcolestes,development,79,Days,45.95,milligram,"fresh body mass",20,test
Chalcolestes,development,81,Days,32.08,milligram,"fresh body mass",20,test
Chalcolestes,development,"",Days,"",milligram,"fresh body mass",20,test
Chalcolestes,development,"",Days,"",milligram,"fresh body mass",20,test
Chalcolestes,development,"",Days,"",milligram,"fresh body mass",20,test
Chalcolestes,development,"",Days,"",milligram,"fresh body mass",20,test
Chalcolestes,development,98,Days,"",milligram,"fresh body mass",20,test
Chalcolestes,development,94,Days,33.2,milligram,"fresh body mass",20,test
Chalcolestes,development,"",Days,"",milligram,"fresh body mass",20,test
Chalcolestes,development,96,Days,"",milligram,"fresh body mass",20,test
Chalcolestes,development,"",Days,"",milligram,"fresh body mass",20,test
Chalcolestes,development,"",Days,"",milligram,"fresh body mass",20,test
Chalcolestes,development,"",Days,"",milligram,"fresh body mass",20,test
Chalcolestes,development,"",Days,"",milligram,"fresh body mass",20,test
Chalcolestes,development,"",Days,"",milligram,"fresh body mass",20,test
Chalcolestes,development,"",Days,"",milligram,"fresh body mass",20,test
Chalcolestes,development,99,Days,"",milligram,"fresh body mass",20,test
Chalcolestes,development,99,Days,"",milligram,"fresh body mass",20,test
Chalcolestes,development,"",Days,"",milligram,"fresh body mass",20,test
Chalcolestes,development,115,Days,"",milligram,"fresh body mass",20,test
Chalcolestes,development,99,Days,35.63,milligram,"fresh body mass",20,test
Chalcolestes,development,"",Days,"",milligram,"fresh body mass",20,test
Chalcolestes,development,"",Days,"",milligram,"fresh body mass",20,test
Chalcolestes,development,"",Days,"",milligram,"fresh body mass",20,test
Chalcolestes,development,101,Days,"",milligram,"fresh body mass",20,test
Chalcolestes,development,"",Days,"",milligram,"fresh body mass",20,test
Chalcolestes,development,"",Days,"",milligram,"fresh body mass",20,test
Chalcolestes,development,"",Days,"",milligram,"fresh body mass",20,test
Chalcolestes,development,99,Days,39.5,milligram,"fresh body mass",20,test
Chalcolestes,development,"",Days,"",milligram,"fresh body mass",20,test
Chalcolestes,development,"",Days,"",milligram,"fresh body mass",20,test
Chalcolestes,development,102,Days,"",milligram,"fresh body mass",20,test
Chalcolestes,development,"",Days,"",milligram,"fresh body mass",20,test
Chalcolestes,development,"",Days,"",milligram,"fresh body mass",20,test
Chalcolestes,development,"",Days,"",milligram,"fresh body mass",20,test
Chalcolestes,development,100,Days,"",milligram,"fresh body mass",20,test
Chalcolestes,development,"",Days,"",milligram,"fresh body mass",20,test
Chalcolestes,development,99,Days,"",milligram,"fresh body mass",20,test
Chalcolestes,development,"",Days,"",milligram,"fresh body mass",20,test
Chalcolestes,development,"",Days,"",milligram,"fresh body mass",20,test
Chalcolestes,development,"",Days,"",milligram,"fresh body mass",20,test
Chalcolestes,development,"",Days,"",milligram,"fresh body mass",20,test
Chalcolestes,development,"",Days,"",milligram,"fresh body mass",20,test
Chalcolestes,development,"",Days,"",milligram,"fresh body mass",20,test
Chalcolestes,development,"",Days,"",milligram,"fresh body mass",20,test
Chalcolestes,development,"",Days,"",milligram,"fresh body mass",20,test
Chalcolestes,development,"",Days,"",milligram,"fresh body mass",20,test
Chalcolestes,development,"",Days,"",milligram,"fresh body mass",20,test
Chalcolestes,development,"",Days,"",milligram,"fresh body mass",20,test
Chalcolestes,development,97,Days,34.36,milligram,"fresh body mass",20,test
Chalcolestes,development,"",Days,"",milligram,"fresh body mass",20,test
Chalcolestes,development,"",Days,"",milligram,"fresh body mass",20,test
Chalcolestes,development,119,Days,"",milligram,"fresh body mass",20,test
Chalcolestes,development,"",Days,"",milligram,"fresh body mass",20,test
Chalcolestes,development,"",Days,"",milligram,"fresh body mass",20,test
Chalcolestes,development,"",Days,"",milligram,"fresh body mass",20,test
Chalcolestes,development,"",Days,"",milligram,"fresh body mass",20,test
Chalcolestes,development,"",Days,"",milligram,"fresh body mass",20,test
Chalcolestes,development,114,Days,"",milligram,"fresh body mass",20,test
Chalcolestes,development,"",Days,"",milligram,"fresh body mass",20,test
Chalcolestes,development,"",Days,"",milligram,"fresh body mass",20,test
Chalcolestes,development,111,Days,"",milligram,"fresh body mass",20,test
Chalcolestes,development,"",Days,"",milligram,"fresh body mass",20,test
Chalcolestes,development,"",Days,"",milligram,"fresh body mass",20,test
Chalcolestes,development,103,Days,"",milligram,"fresh body mass",20,test
Chalcolestes,development,"",Days,"",milligram,"fresh body mass",20,test
Chalcolestes,development,97,Days,36.04,milligram,"fresh body mass",20,test
Chalcolestes,development,"",Days,"",milligram,"fresh body mass",20,test
Chalcolestes,development,"",Days,"",milligram,"fresh body mass",20,test
Chalcolestes,development,"",Days,"",milligram,"fresh body mass",20,test
Chalcolestes,development,109,Days,34.36,milligram,"fresh body mass",20,test
Chalcolestes,development,"",Days,"",milligram,"fresh body mass",20,test
Chalcolestes,development,"",Days,"",milligram,"fresh body mass",20,test
Chalcolestes,development,92,Days,24.81,milligram,"fresh body mass",20,test
Chalcolestes,development,98,Days,"",milligram,"fresh body mass",20,test
Chalcolestes,development,"",Days,"",milligram,"fresh body mass",20,test
Chalcolestes,development,"",Days,"",milligram,"fresh body mass",20,test
Chalcolestes,development,"",Days,"",milligram,"fresh body mass",20,test
Chalcolestes,development,108,Days,"",milligram,"fresh body mass",20,test
Chalcolestes,development,"",Days,"",milligram,"fresh body mass",20,test
Chalcolestes,development,"",Days,"",milligram,"fresh body mass",20,test
Chalcolestes,development,"",Days,"",milligram,"fresh body mass",20,test
Chalcolestes,development,108,Days,"",milligram,"fresh body mass",20,test
Chalcolestes,development,"",Days,"",milligram,"fresh body mass",20,test
Chalcolestes,development,"",Days,"",milligram,"fresh body mass",20,test
Chalcolestes,development,"",Days,"",milligram,"fresh body mass",20,test
Chalcolestes,development,"",Days,"",milligram,"fresh body mass",20,test
Chalcolestes,development,"",Days,"",milligram,"fresh body mass",20,test
Chalcolestes,development,116,Days,"",milligram,"fresh body mass",20,test
Chalcolestes,development,"",Days,"",milligram,"fresh body mass",20,test
Chalcolestes,development,110,Days,"",milligram,"fresh body mass",20,test
Chalcolestes,development,"",Days,"",milligram,"fresh body mass",20,test
Chalcolestes,development,"",Days,"",milligram,"fresh body mass",20,test
Chalcolestes,development,"",Days,"",milligram,"fresh body mass",20,test
Chalcolestes,development,"",Days,"",milligram,"fresh body mass",20,test
Chalcolestes,development,"",Days,"",milligram,"fresh body mass",20,test
Chalcolestes,development,"",Days,"",milligram,"fresh body mass",20,test
Chalcolestes,development,"",Days,"",milligram,"fresh body mass",20,test
Chalcolestes,development,"",Days,"",milligram,"fresh body mass",20,test
Chalcolestes,development,"",Days,"",milligram,"fresh body mass",20,test
Chalcolestes,development,118,Days,"",milligram,"fresh body mass",20,test
Chalcolestes,development,"",Days,"",milligram,"fresh body mass",20,test
Chalcolestes,development,"",Days,"",milligram,"fresh body mass",20,test
Chalcolestes,development,116,Days,"",milligram,"fresh body mass",20,test
Chalcolestes,development,"",Days,"",milligram,"fresh body mass",20,test
Chalcolestes,development,"",Days,"",milligram,"fresh body mass",20,test
Chalcolestes,development,"",Days,"",milligram,"fresh body mass",20,test
Chalcolestes,development,116,Days,"",milligram,"fresh body mass",20,test
Chalcolestes,development,"",Days,"",milligram,"fresh body mass",20,test
Chalcolestes,development,"",Days,"",milligram,"fresh body mass",20,test
Chalcolestes,development,"",Days,"",milligram,"fresh body mass",20,test
Chalcolestes,development,125,Days,"",milligram,"fresh body mass",20,test
Chalcolestes,development,"",Days,"",milligram,"fresh body mass",20,test
Chalcolestes,development,113,Days,"",milligram,"fresh body mass",20,test
Chalcolestes,development,"",Days,"",milligram,"fresh body mass",20,test
Chalcolestes,development,"",Days,"",milligram,"fresh body mass",20,test
Chalcolestes,development,"",Days,"",milligram,"fresh body mass",20,test
Chalcolestes,development,"",Days,"",milligram,"fresh body mass",20,test
Chalcolestes,development,"",Days,"",milligram,"fresh body mass",20,test
Chalcolestes,development,"",Days,"",milligram,"fresh body mass",20,test
Chalcolestes,development,"",Days,"",milligram,"fresh body mass",20,test
Chalcolestes,development,99,Days,34.61,milligram,"fresh body mass",20,test
Chalcolestes,development,"",Days,"",milligram,"fresh body mass",20,test
Chalcolestes,development,96,Days,"",milligram,"fresh body mass",20,test
Chalcolestes,development,102,Days,"",milligram,"fresh body mass",20,test
Chalcolestes,development,"",Days,"",milligram,"fresh body mass",20,test
Chalcolestes,development,"",Days,"",milligram,"fresh body mass",20,test
Chalcolestes,development,117,Days,"",milligram,"fresh body mass",20,test
Chalcolestes,development,103,Days,"",milligram,"fresh body mass",20,test
Chalcolestes,development,"",Days,"",milligram,"fresh body mass",20,test
Chalcolestes,development,"",Days,"",milligram,"fresh body mass",20,test
Chalcolestes,development,"",Days,"",milligram,"fresh body mass",20,test
Chalcolestes,development,96,Days,"",milligram,"fresh body mass",20,test
Chalcolestes,development,"",Days,"",milligram,"fresh body mass",20,test
Chalcolestes,development,"",Days,"",milligram,"fresh body mass",20,test
Chalcolestes,development,"",Days,"",milligram,"fresh body mass",20,test
Chalcolestes,development,117,Days,"",milligram,"fresh body mass",20,test
Chalcolestes,development,"",Days,"",milligram,"fresh body mass",20,test
Chalcolestes,development,"",Days,"",milligram,"fresh body mass",20,test
Chalcolestes,development,"",Days,"",milligram,"fresh body mass",20,test
Chalcolestes,development,"",Days,"",milligram,"fresh body mass",20,test
Chalcolestes,development,97,Days,"",milligram,"fresh body mass",20,test
Chalcolestes,development,"",Days,"",milligram,"fresh body mass",20,test
Chalcolestes,development,"",Days,"",milligram,"fresh body mass",20,test
Chalcolestes,development,"",Days,"",milligram,"fresh body mass",20,test
Chalcolestes,development,"",Days,"",milligram,"fresh body mass",20,test
Chalcolestes,development,119,Days,"",milligram,"fresh body mass",20,test
Chalcolestes,development,"",Days,"",milligram,"fresh body mass",20,test
Chalcolestes,development,106,Days,"",milligram,"fresh body mass",20,test
Chalcolestes,development,"",Days,"",milligram,"fresh body mass",20,test
Chalcolestes,development,"",Days,"",milligram,"fresh body mass",20,test
Chalcolestes,development,"",Days,"",milligram,"fresh body mass",20,test
Chalcolestes,development,"",Days,"",milligram,"fresh body mass",20,test
Chalcolestes,development,"",Days,"",milligram,"fresh body mass",20,test
Chalcolestes,development,"",Days,"",milligram,"fresh body mass",20,test
Chalcolestes,development,"",Days,"",milligram,"fresh body mass",20,test
Chalcolestes,development,97,Days,34.89,milligram,"fresh body mass",20,test
Chalcolestes,development,"",Days,"",milligram,"fresh body mass",20,test
Chalcolestes,development,"",Days,"",milligram,"fresh body mass",20,test
Chalcolestes,development,"",Days,"",milligram,"fresh body mass",20,test
Chalcolestes,development,"",Days,"",milligram,"fresh body mass",20,test
Chalcolestes,development,91,Days,"",milligram,"fresh body mass",20,test
Chalcolestes,development,"",Days,"",milligram,"fresh body mass",20,test
Chalcolestes,development,"",Days,"",milligram,"fresh body mass",20,test
Chalcolestes,development,88,Days,"",milligram,"fresh body mass",20,test
Chalcolestes,development,"",Days,"",milligram,"fresh body mass",20,test
Chalcolestes,development,"",Days,"",milligram,"fresh body mass",20,test
Chalcolestes,development,"",Days,"",milligram,"fresh body mass",20,test
Chalcolestes,development,114,Days,"",milligram,"fresh body mass",20,test
Chalcolestes,development,"",Days,"",milligram,"fresh body mass",20,test
Chalcolestes,development,"",Days,"",milligram,"fresh body mass",20,test
Chalcolestes,development,122,Days,"",milligram,"fresh body mass",20,test
Chalcolestes,development,97,Days,32.5,milligram,"fresh body mass",20,test
Chalcolestes,development,98,Days,"",milligram,"fresh body mass",20,test
Chalcolestes,development,"",Days,"",milligram,"fresh body mass",20,test
Chalcolestes,development,"",Days,"",milligram,"fresh body mass",20,test
Chalcolestes,development,88,Days,"",milligram,"fresh body mass",20,test
Chalcolestes,development,"",Days,"",milligram,"fresh body mass",20,test
Chalcolestes,development,"",Days,"",milligram,"fresh body mass",20,test
Chalcolestes,development,"",Days,"",milligram,"fresh body mass",20,test
Chalcolestes,development,"",Days,"",milligram,"fresh body mass",20,test
Chalcolestes,development,"",Days,"",milligram,"fresh body mass",20,test
Chalcolestes,development,"",Days,"",milligram,"fresh body mass",20,test
Chalcolestes,development,"",Days,"",milligram,"fresh body mass",20,test
Chalcolestes,development,90,Days,"",milligram,"fresh body mass",20,test
Chalcolestes,development,"",Days,"",milligram,"fresh body mass",20,test
Chalcolestes,development,98,Days,35.1,milligram,"fresh body mass",20,test
Chalcolestes,development,"",Days,"",milligram,"fresh body mass",20,test
Chalcolestes,development,"",Days,"",milligram,"fresh body mass",20,test
Chalcolestes,development,"",Days,"",milligram,"fresh body mass",20,test
Chalcolestes,development,"",Days,"",milligram,"fresh body mass",20,test
Chalcolestes,development,"",Days,"",milligram,"fresh body mass",20,test
Chalcolestes,development,"",Days,"",milligram,"fresh body mass",20,test
Chalcolestes,development,91,Days,"",milligram,"fresh body mass",20,test
Chalcolestes,development,"",Days,"",milligram,"fresh body mass",20,test
Chalcolestes,development,"",Days,"",milligram,"fresh body mass",20,test
Chalcolestes,development,"",Days,"",milligram,"fresh body mass",20,test
Chalcolestes,development,"",Days,"",milligram,"fresh body mass",20,test
Chalcolestes,development,98,Days,"",milligram,"fresh body mass",20,test
Chalcolestes,development,"",Days,"",milligram,"fresh body mass",20,test
Chalcolestes,development,"",Days,"",milligram,"fresh body mass",20,test
Chalcolestes,development,"",Days,"",milligram,"fresh body mass",20,test
Chalcolestes,development,"",Days,"",milligram,"fresh body mass",20,test
Chalcolestes,development,"",Days,"",milligram,"fresh body mass",20,test
Chalcolestes,development,"",Days,"",milligram,"fresh body mass",20,test
Chalcolestes,development,"",Days,"",milligram,"fresh body mass",20,test
Chalcolestes,development,"",Days,"",milligram,"fresh body mass",20,test
Chalcolestes,development,"",Days,"",milligram,"fresh body mass",20,test
Chalcolestes,development,"",Days,"",milligram,"fresh body mass",20,test
Chalcolestes,development,"",Days,"",milligram,"fresh body mass",20,test
Chalcolestes,development,"",Days,"",milligram,"fresh body mass",20,test
Chalcolestes,development,94,Days,"",milligram,"fresh body mass",20,test
Chalcolestes,development,"",Days,"",milligram,"fresh body mass",20,test
Chalcolestes,development,"",Days,"",milligram,"fresh body mass",20,test
Chalcolestes,development,"",Days,"",milligram,"fresh body mass",20,test
Chalcolestes,development,103,Days,"",milligram,"fresh body mass",20,test
Chalcolestes,development,"",Days,"",milligram,"fresh body mass",20,test
Chalcolestes,development,103,Days,"",milligram,"fresh body mass",20,test
Chalcolestes,development,"",Days,"",milligram,"fresh body mass",20,test
Chalcolestes,development,108,Days,38.22,milligram,"fresh body mass",20,test
Chalcolestes,development,"",Days,"",milligram,"fresh body mass",20,test
Chalcolestes,development,"",Days,"",milligram,"fresh body mass",20,test
Chalcolestes,development,107,Days,"",milligram,"fresh body mass",20,test
Chalcolestes,development,"",Days,"",milligram,"fresh body mass",20,test
Chalcolestes,development,"",Days,"",milligram,"fresh body mass",20,test
Chalcolestes,development,"",Days,"",milligram,"fresh body mass",20,test
Chalcolestes,development,"",Days,"",milligram,"fresh body mass",20,test
Chalcolestes,development,"",Days,"",milligram,"fresh body mass",20,test
Chalcolestes,development,"",Days,"",milligram,"fresh body mass",20,test
Chalcolestes,development,"",Days,"",milligram,"fresh body mass",20,test
Chalcolestes,development,"",Days,"",milligram,"fresh body mass",20,test
Chalcolestes,development,"",Days,"",milligram,"fresh body mass",20,test
Chalcolestes,development,104,Days,33.86,milligram,"fresh body mass",20,test
Chalcolestes,development,"",Days,"",milligram,"fresh body mass",20,test
Chalcolestes,development,"",Days,"",milligram,"fresh body mass",20,test
Chalcolestes,development,110,Days,"",milligram,"fresh body mass",20,test
Chalcolestes,development,"",Days,"",milligram,"fresh body mass",20,test
Chalcolestes,development,97,Days,"",milligram,"fresh body mass",20,test
Chalcolestes,development,"",Days,"",milligram,"fresh body mass",20,test
Chalcolestes,development,"",Days,"",milligram,"fresh body mass",20,test
Chalcolestes,development,"",Days,"",milligram,"fresh body mass",20,test
Chalcolestes,development,"",Days,"",milligram,"fresh body mass",20,test
Chalcolestes,development,"",Days,"",milligram,"fresh body mass",20,test
Chalcolestes,development,"",Days,"",milligram,"fresh body mass",20,test
Chalcolestes,development,"",Days,"",milligram,"fresh body mass",20,test
Chalcolestes,development,"",Days,"",milligram,"fresh body mass",20,test
Chalcolestes,development,"",Days,"",milligram,"fresh body mass",20,test
Chalcolestes,development,"",Days,"",milligram,"fresh body mass",20,test
Chalcolestes,development,"",Days,"",milligram,"fresh body mass",20,test
Chalcolestes,development,109,Days,"",milligram,"fresh body mass",20,test
Chalcolestes,development,"",Days,"",milligram,"fresh body mass",20,test
Chalcolestes,development,"",Days,"",milligram,"fresh body mass",20,test
Chalcolestes,development,"",Days,"",milligram,"fresh body mass",20,test
Chalcolestes,development,106,Days,"",milligram,"fresh body mass",20,test
Chalcolestes,development,"",Days,"",milligram,"fresh body mass",20,test
Chalcolestes,development,119,Days,"",milligram,"fresh body mass",20,test
Chalcolestes,development,93,Days,27,milligram,"fresh body mass",20,test
Chalcolestes,development,"",Days,"",milligram,"fresh body mass",20,test
Chalcolestes,development,"",Days,"",milligram,"fresh body mass",20,test
Chalcolestes,development,"",Days,"",milligram,"fresh body mass",20,test
Chalcolestes,development,"",Days,"",milligram,"fresh body mass",20,test
Chalcolestes,development,"",Days,"",milligram,"fresh body mass",20,test
Chalcolestes,development,"",Days,"",milligram,"fresh body mass",20,test
Chalcolestes,development,"",Days,"",milligram,"fresh body mass",20,test
Chalcolestes,development,"",Days,"",milligram,"fresh body mass",20,test
Chalcolestes,development,"",Days,"",milligram,"fresh body mass",20,test
Chalcolestes,development,"",Days,"",milligram,"fresh body mass",20,test
Chalcolestes,development,"",Days,"",milligram,"fresh body mass",20,test
Chalcolestes,development,"",Days,"",milligram,"fresh body mass",20,test
Chalcolestes,development,"",Days,"",milligram,"fresh body mass",20,test
Chalcolestes,development,"",Days,"",milligram,"fresh body mass",20,test
Chalcolestes,development,87,Days,21.3,milligram,"fresh body mass",20,test
Chalcolestes,development,"",Days,"",milligram,"fresh body mass",20,test
Chalcolestes,development,"",Days,"",milligram,"fresh body mass",20,test
Chalcolestes,development,"",Days,"",milligram,"fresh body mass",20,test
Chalcolestes,development,"",Days,"",milligram,"fresh body mass",20,test
Chalcolestes,development,"",Days,"",milligram,"fresh body mass",20,test
Chalcolestes,development,"",Days,"",milligram,"fresh body mass",20,test
Chalcolestes,development,"",Days,"",milligram,"fresh body mass",20,test
Chalcolestes,development,"",Days,"",milligram,"fresh body mass",20,test
Chalcolestes,development,"",Days,"",milligram,"fresh body mass",20,test
Chalcolestes,development,"",Days,"",milligram,"fresh body mass",20,test
Chalcolestes,development,"",Days,"",milligram,"fresh body mass",20,test
Chalcolestes,development,"",Days,"",milligram,"fresh body mass",20,test
Chalcolestes,development,97,Days,"",milligram,"fresh body mass",20,test
Chalcolestes,development,"",Days,"",milligram,"fresh body mass",20,test
Chalcolestes,development,119,Days,"",milligram,"fresh body mass",20,test
Chalcolestes,development,"",Days,"",milligram,"fresh body mass",20,test
Chalcolestes,development,"",Days,"",milligram,"fresh body mass",20,test
Chalcolestes,development,"",Days,"",milligram,"fresh body mass",20,test
Chalcolestes,development,"",Days,"",milligram,"fresh body mass",20,test
Chalcolestes,development,"",Days,"",milligram,"fresh body mass",20,test
Chalcolestes,development,"",Days,"",milligram,"fresh body mass",20,test
Chalcolestes,development,"",Days,"",milligram,"fresh body mass",20,test
Chalcolestes,development,95,Days,"",milligram,"fresh body mass",20,test
Chalcolestes,development,"",Days,"",milligram,"fresh body mass",20,test
Chalcolestes,development,"",Days,"",milligram,"fresh body mass",20,test
Chalcolestes,development,"",Days,"",milligram,"fresh body mass",20,test
Chalcolestes,development,110,Days,"",milligram,"fresh body mass",20,test
Chalcolestes,development,"",Days,"",milligram,"fresh body mass",20,test
Chalcolestes,development,"",Days,"",milligram,"fresh body mass",20,test
Chalcolestes,development,"",Days,"",milligram,"fresh body mass",20,test
Chalcolestes,development,"",Days,"",milligram,"fresh body mass",20,test
Chalcolestes,development,"",Days,"",milligram,"fresh body mass",20,test
Chalcolestes,development,118,Days,"",milligram,"fresh body mass",20,test
Chalcolestes,development,"",Days,"",milligram,"fresh body mass",20,test
Chalcolestes,development,"",Days,"",milligram,"fresh body mass",20,test
Chalcolestes,development,"",Days,"",milligram,"fresh body mass",20,test
Chalcolestes,development,99,Days,"",milligram,"fresh body mass",20,test
Chalcolestes,development,"",Days,"",milligram,"fresh body mass",20,test
Chalcolestes,development,"",Days,"",milligram,"fresh body mass",20,test
Chalcolestes,development,"",Days,"",milligram,"fresh body mass",20,test
Chalcolestes,development,102,Days,"",milligram,"fresh body mass",20,test
Chalcolestes,development,"",Days,"",milligram,"fresh body mass",20,test
Chalcolestes,development,"",Days,"",milligram,"fresh body mass",20,test
Chalcolestes,development,94,Days,23.35,milligram,"fresh body mass",20,test
Chalcolestes,development,"",Days,"",milligram,"fresh body mass",20,test
Chalcolestes,development,"",Days,"",milligram,"fresh body mass",20,test
Chalcolestes,development,101,Days,"",milligram,"fresh body mass",20,test
Chalcolestes,development,"",Days,"",milligram,"fresh body mass",20,test
Chalcolestes,development,"",Days,"",milligram,"fresh body mass",20,test
Chalcolestes,development,"",Days,"",milligram,"fresh body mass",20,test
Chalcolestes,development,"",Days,"",milligram,"fresh body mass",20,test
Chalcolestes,development,"",Days,"",milligram,"fresh body mass",20,test
Chalcolestes,development,"",Days,"",milligram,"fresh body mass",20,test
Chalcolestes,development,"",Days,"",milligram,"fresh body mass",20,test
Chalcolestes,development,"",Days,"",milligram,"fresh body mass",20,test
Chalcolestes,development,"",Days,"",milligram,"fresh body mass",20,test
Chalcolestes,development,92,Days,"",milligram,"fresh body mass",20,test
Chalcolestes,development,"",Days,"",milligram,"fresh body mass",20,test
Chalcolestes,development,"",Days,"",milligram,"fresh body mass",20,test
Chalcolestes,development,118,Days,"",milligram,"fresh body mass",20,test
Chalcolestes,development,"",Days,"",milligram,"fresh body mass",20,test
Chalcolestes,development,"",Days,"",milligram,"fresh body mass",20,test
Chalcolestes,development,"",Days,"",milligram,"fresh body mass",20,test
Chalcolestes,development,"",Days,"",milligram,"fresh body mass",20,test
Chalcolestes,development,"",Days,"",milligram,"fresh body mass",20,test
Chalcolestes,development,"",Days,"",milligram,"fresh body mass",20,test
Chalcolestes,development,"",Days,"",milligram,"fresh body mass",20,test
Chalcolestes,development,"",Days,"",milligram,"fresh body mass",20,test
Chalcolestes,development,"",Days,"",milligram,"fresh body mass",20,test
Chalcolestes,development,103,Days,"",milligram,"fresh body mass",20,test
Chalcolestes,development,"",Days,"",milligram,"fresh body mass",20,test
Chalcolestes,development,"",Days,"",milligram,"fresh body mass",20,test
Chalcolestes,development,"",Days,"",milligram,"fresh body mass",20,test
Chalcolestes,development,"",Days,"",milligram,"fresh body mass",20,test
Chalcolestes,development,"",Days,"",milligram,"fresh body mass",20,test
Chalcolestes,development,"",Days,"",milligram,"fresh body mass",20,test
Chalcolestes,development,112,Days,"",milligram,"fresh body mass",20,test
Chalcolestes,development,"",Days,"",milligram,"fresh body mass",20,test
Chalcolestes,development,"",Days,"",milligram,"fresh body mass",20,test
Chalcolestes,development,"",Days,"",milligram,"fresh body mass",20,test
Chalcolestes,development,"",Days,"",milligram,"fresh body mass",20,test
Chalcolestes,development,"",Days,"",milligram,"fresh body mass",20,test
Chalcolestes,development,"",Days,"",milligram,"fresh body mass",20,test
Chalcolestes,development,"",Days,"",milligram,"fresh body mass",20,test
Chalcolestes,development,109,Days,"",milligram,"fresh body mass",20,test
Chalcolestes,development,"",Days,"",milligram,"fresh body mass",20,test
Chalcolestes,development,"",Days,"",milligram,"fresh body mass",20,test
Chalcolestes,development,"",Days,"",milligram,"fresh body mass",20,test
Chalcolestes,development,"",Days,"",milligram,"fresh body mass",20,test
Chalcolestes,development,118,Days,34.63,milligram,"fresh body mass",20,test
Chalcolestes,development,94,Days,"",milligram,"fresh body mass",20,test
Chalcolestes,development,"",Days,"",milligram,"fresh body mass",20,test
Chalcolestes,development,"",Days,"",milligram,"fresh body mass",20,test
Chalcolestes,development,"",Days,"",milligram,"fresh body mass",20,test
Chalcolestes,development,"",Days,"",milligram,"fresh body mass",20,test
Chalcolestes,development,"",Days,"",milligram,"fresh body mass",20,test
Chalcolestes,development,"",Days,"",milligram,"fresh body mass",20,test
Chalcolestes,development,"",Days,"",milligram,"fresh body mass",20,test
Chalcolestes,development,"",Days,"",milligram,"fresh body mass",20,test
Chalcolestes,development,"",Days,"",milligram,"fresh body mass",20,test
Chalcolestes,development,"",Days,"",milligram,"fresh body mass",20,test
Chalcolestes,development,"",Days,"",milligram,"fresh body mass",20,test
Chalcolestes,development,"",Days,"",milligram,"fresh body mass",20,test
Chalcolestes,development,"",Days,"",milligram,"fresh body mass",20,test
Chalcolestes,development,108,Days,37.17,milligram,"fresh body mass",20,test
Chalcolestes,development,"",Days,"",milligram,"fresh body mass",20,test
Chalcolestes,development,"",Days,"",milligram,"fresh body mass",20,test
Chalcolestes,development,"",Days,"",milligram,"fresh body mass",20,test
Chalcolestes,development,"",Days,"",milligram,"fresh body mass",20,test
Chalcolestes,development,"",Days,"",milligram,"fresh body mass",20,test
Chalcolestes,development,"",Days,"",milligram,"fresh body mass",20,test
Chalcolestes,development,"",Days,"",milligram,"fresh body mass",20,test
Chalcolestes,development,116,Days,"",milligram,"fresh body mass",20,test
Chalcolestes,development,"",Days,"",milligram,"fresh body mass",20,test
Chalcolestes,development,"",Days,"",milligram,"fresh body mass",20,test
Chalcolestes,development,"",Days,"",milligram,"fresh body mass",20,test
Chalcolestes,development,"",Days,"",milligram,"fresh body mass",20,test
Chalcolestes,development,"",Days,"",milligram,"fresh body mass",20,test
Chalcolestes,development,"",Days,"",milligram,"fresh body mass",20,test
Chalcolestes,development,"",Days,"",milligram,"fresh body mass",20,test
Chalcolestes,development,"",Days,"",milligram,"fresh body mass",20,test
Chalcolestes,development,"",Days,"",milligram,"fresh body mass",20,test
Chalcolestes,development,"",Days,"",milligram,"fresh body mass",20,test
Chalcolestes,development,"",Days,"",milligram,"fresh body mass",20,test
Chalcolestes,development,"",Days,"",milligram,"fresh body mass",20,test
Chalcolestes,development,"",Days,"",milligram,"fresh body mass",20,test
Chalcolestes,development,"",Days,"",milligram,"fresh body mass",20,test
Chalcolestes,development,"",Days,"",milligram,"fresh body mass",20,test
Chalcolestes,development,"",Days,"",milligram,"fresh body mass",20,test
Chalcolestes,development,"",Days,"",milligram,"fresh body mass",20,test
Chalcolestes,development,"",Days,"",milligram,"fresh body mass",20,test
Chalcolestes,development,118,Days,"",milligram,"fresh body mass",20,test
Chalcolestes,development,"",Days,"",milligram,"fresh body mass",20,test
Chalcolestes,development,"",Days,"",milligram,"fresh body mass",20,test
Chalcolestes,development,"",Days,"",milligram,"fresh body mass",20,test
Chalcolestes,development,"",Days,"",milligram,"fresh body mass",20,test
Chalcolestes,development,"",Days,"",milligram,"fresh body mass",20,test
Chalcolestes,development,"",Days,"",milligram,"fresh body mass",20,test
Chalcolestes,development,"",Days,"",milligram,"fresh body mass",20,test
Chalcolestes,development,123,Days,"",milligram,"fresh body mass",20,test
Chalcolestes,development,"",Days,"",milligram,"fresh body mass",20,test
Chalcolestes,development,"",Days,"",milligram,"fresh body mass",20,test
Chalcolestes,development,"",Days,"",milligram,"fresh body mass",20,test
Chalcolestes,development,"",Days,"",milligram,"fresh body mass",20,test
Chalcolestes,development,120,Days,41.53,milligram,"fresh body mass",20,test
Chalcolestes,development,"",Days,"",milligram,"fresh body mass",20,test
Chalcolestes,development,"",Days,"",milligram,"fresh body mass",20,test
Chalcolestes,development,105,Days,"",milligram,"fresh body mass",20,test
Chalcolestes,development,"",Days,"",milligram,"fresh body mass",20,test
Chalcolestes,development,123,Days,"",milligram,"fresh body mass",20,test
Chalcolestes,development,"",Days,"",milligram,"fresh body mass",20,test
Chalcolestes,development,117,Days,"",milligram,"fresh body mass",20,test
Chalcolestes,development,"",Days,"",milligram,"fresh body mass",20,test
Chalcolestes,development,"",Days,"",milligram,"fresh body mass",20,test
Chalcolestes,development,"",Days,"",milligram,"fresh body mass",20,test
Chalcolestes,development,"",Days,"",milligram,"fresh body mass",20,test
Chalcolestes,development,"",Days,"",milligram,"fresh body mass",20,test
Chalcolestes,development,"",Days,"",milligram,"fresh body mass",20,test
Chalcolestes,development,"",Days,"",milligram,"fresh body mass",20,test
Chalcolestes,development,"",Days,"",milligram,"fresh body mass",20,test
Chalcolestes,development,"",Days,"",milligram,"fresh body mass",20,test
Chalcolestes,development,110,Days,"",milligram,"fresh body mass",20,test
Chalcolestes,development,"",Days,"",milligram,"fresh body mass",20,test
Chalcolestes,development,"",Days,"",milligram,"fresh body mass",20,test
Chalcolestes,development,"",Days,"",milligram,"fresh body mass",20,test
Chalcolestes,development,123,Days,"",milligram,"fresh body mass",20,test
Chalcolestes,development,"",Days,"",milligram,"fresh body mass",20,test
Chalcolestes,development,"",Days,"",milligram,"fresh body mass",20,test
Chalcolestes,development,"",Days,"",milligram,"fresh body mass",20,test
Chalcolestes,development,"",Days,"",milligram,"fresh body mass",20,test
Chalcolestes,development,119,Days,"",milligram,"fresh body mass",20,test
Chalcolestes,development,"",Days,"",milligram,"fresh body mass",20,test
Chalcolestes,development,"",Days,"",milligram,"fresh body mass",20,test
Chalcolestes,development,"",Days,"",milligram,"fresh body mass",20,test
Chalcolestes,development,"",Days,"",milligram,"fresh body mass",20,test
Chalcolestes,development,100,Days,"",milligram,"fresh body mass",20,test
Chalcolestes,development,118,Days,"",milligram,"fresh body mass",20,test
Chalcolestes,development,"",Days,"",milligram,"fresh body mass",20,test
Chalcolestes,development,"",Days,"",milligram,"fresh body mass",20,test
Chalcolestes,development,"",Days,"",milligram,"fresh body mass",20,test
Chalcolestes,development,"",Days,"",milligram,"fresh body mass",20,test
Chalcolestes,development,"",Days,"",milligram,"fresh body mass",20,test
Chalcolestes,development,"",Days,"",milligram,"fresh body mass",20,test
Chalcolestes,development,125,Days,41.87,milligram,"fresh body mass",20,test
Chalcolestes,development,"",Days,"",milligram,"fresh body mass",20,test
Chalcolestes,development,"",Days,"",milligram,"fresh body mass",20,test
Chalcolestes,development,103,Days,"",milligram,"fresh body mass",20,test
Chalcolestes,development,"",Days,"",milligram,"fresh body mass",20,test
Chalcolestes,development,"",Days,"",milligram,"fresh body mass",20,test
Chalcolestes,development,"",Days,"",milligram,"fresh body mass",20,test
Chalcolestes,development,"",Days,"",milligram,"fresh body mass",20,test
Chalcolestes,development,"",Days,"",milligram,"fresh body mass",20,test
Chalcolestes,development,"",Days,"",milligram,"fresh body mass",20,test
Chalcolestes,development,"",Days,"",milligram,"fresh body mass",20,test
Chalcolestes,development,"",Days,"",milligram,"fresh body mass",20,test
Chalcolestes,development,"",Days,"",milligram,"fresh body mass",20,test
Chalcolestes,development,"",Days,"",milligram,"fresh body mass",20,test
Chalcolestes,development,"",Days,"",milligram,"fresh body mass",20,test
Chalcolestes,development,"",Days,"",milligram,"fresh body mass",20,test
Chalcolestes,development,"",Days,"",milligram,"fresh body mass",20,test
Chalcolestes,development,"",Days,"",milligram,"fresh body mass",20,test
Chalcolestes,development,"",Days,"",milligram,"fresh body mass",20,test
Chalcolestes,development,116,Days,"",milligram,"fresh body mass",20,test
Chalcolestes,development,"",Days,"",milligram,"fresh body mass",20,test
Chalcolestes,development,"",Days,"",milligram,"fresh body mass",20,test
Chalcolestes,development,"",Days,"",milligram,"fresh body mass",20,test
Chalcolestes,development,"",Days,"",milligram,"fresh body mass",20,test
Chalcolestes,development,"",Days,"",milligram,"fresh body mass",20,test
Chalcolestes,development,"",Days,"",milligram,"fresh body mass",20,test
Chalcolestes,development,104,Days,"",milligram,"fresh body mass",20,test
Chalcolestes,development,"",Days,"",milligram,"fresh body mass",20,test
Chalcolestes,development,"",Days,"",milligram,"fresh body mass",20,test
Chalcolestes,development,"",Days,"",milligram,"fresh body mass",20,test
Chalcolestes,development,112,Days,38.33,milligram,"fresh body mass",20,test
Chalcolestes,development,"",Days,"",milligram,"fresh body mass",20,test
Chalcolestes,development,"",Days,"",milligram,"fresh body mass",20,test
Chalcolestes,development,105,Days,"",milligram,"fresh body mass",20,test
Chalcolestes,development,"",Days,"",milligram,"fresh body mass",20,test
Chalcolestes,development,"",Days,"",milligram,"fresh body mass",20,test
Chalcolestes,development,"",Days,"",milligram,"fresh body mass",20,test
Chalcolestes,development,"",Days,"",milligram,"fresh body mass",20,test
Chalcolestes,development,"",Days,"",milligram,"fresh body mass",20,test
Chalcolestes,development,132,Days,"",milligram,"fresh body mass",20,test
Chalcolestes,development,"",Days,"",milligram,"fresh body mass",20,test
Chalcolestes,development,119,Days,"",milligram,"fresh body mass",20,test
Chalcolestes,development,"",Days,"",milligram,"fresh body mass",20,test
Chalcolestes,development,"",Days,"",milligram,"fresh body mass",20,test
Chalcolestes,development,"",Days,"",milligram,"fresh body mass",20,test
Chalcolestes,development,"",Days,"",milligram,"fresh body mass",20,test
Chalcolestes,development,"",Days,"",milligram,"fresh body mass",20,test
